--- Terminal on COM3 | 115200 8-N-1
--- Available filters and text transformations: debug, default, direct, esp32_exception_decoder, hexlify, log2file, nocontrol, printable, send_on_enter, time
--- More details at https://bit.ly/pio-monitor-filters
--- Quit: Ctrl+C | Menu: Ctrl+T | Help: Ctrl+T followed by Ctrl+H
ets Jul 29 2019 12:21:46

rst:0x1 (POWERON_RESET),boot:0x17 (SPI_FAST_FLASH_BOOT)
configsip: 0, SPIWP:0xee
clk_drv:0x00,q_drv:0x00,d_drv:0x00,cs0_drv:0x00,hd_drv:0x00,wp_drv:0x00
mode:DIO, clock div:1
load:0x3fff0030,len:1184
load:0x40078000,len:13220
ho 0 tail 12 room 4
load:0x40080400,len:3028
entry 0x400805e4

=================================
  PERSISTENT OS - REPORT BUILD
=================================

RPT,millis,scenario_id,scenario_name,event,packetId,value

[REPORT] =================================
[REPORT] Tagueo de escenario (paper, Sección 4)
[REPORT] =================================
[REPORT] a -> 1. NORMAL
[REPORT] b -> 2. REMOTE_OFF
[REPORT] c -> 3. ACK_DELAYED
[REPORT] d -> 4. CUT_WAIT_ACK
[REPORT] e -> 5. CUT_BEFORE_SEND
[REPORT] f -> 6. CUT_AFTER_CREATE
[REPORT] g -> 7. CUT_RECEIVER_ACK_LOST
[REPORT] h -> mostrar este menú
[REPORT] =================================

[SIM] Simulation manager initialized
[ALARM] Manager initialized
[FRAM] Hardware detected
[BOOT] Persistent memory available
[BOOT] Previous state recovered
[BOOT] Count: 117
[BOOT] Recovery: YES
[ResumeManager] Recovery mode: ENABLED
[COMM] Initializing Bluetooth...
[COMM] Bluetooth begin attempt #1
[COMM] Bluetooth initialized
[COMM] Device name: PersistentOS1
[COMM] Searching for PersistentOS2...
[COMM] Bluetooth connect attempt #1
[COMM] Connected to PersistentOS2
[COMM] Bluetooth selected
[SYSTEM] Communication manager ready

[ENERGY] Manager initialized
[ENERGY] Level: 100.00% | State: NORMAL
[PREDICTION] Manager initialized
[BEHAVIOR] Manager initialized

=================================
Scenario: NORMAL
=================================

[SYSTEM] Sensor service ready
[SYSTEM] Communication service ready
[SYSTEM] Failure manager ready
[SYSTEM] Energy manager ready

[SYSTEM] =================================
[SYSTEM] RECOVERY BOOT DETECTED
[SYSTEM] =================================
[SYSTEM] Task 0 checkpoint: 1 | progress: 25% | completed: NO
[SYSTEM] Task 1 checkpoint: 0 | progress: 0% | completed: NO
[SYSTEM] Task 2 checkpoint: 7 | progress: 80% | completed: NO
[SYSTEM] Task 3 checkpoint: 0 | progress: 0% | completed: NO
[SYSTEM] Task 4 checkpoint: 0 | progress: 0% | completed: NO
[SYSTEM] Task 5 checkpoint: 0 | progress: 0% | completed: NO
[SYSTEM] Task 6 checkpoint: 0 | progress: 0% | completed: NO
[SYSTEM] Task 7 checkpoint: 0 | progress: 0% | completed: NO
[SYSTEM] Task 8 checkpoint: 0 | progress: 0% | completed: NO
[SYSTEM] Task 9 checkpoint: 0 | progress: 0% | completed: NO
[SYSTEM] =================================

RPT,2836,0,UNSET,BOOT_RECOVERY,0,0
[COMM BT] CLIENT CONNECTED
RPT,3420,0,UNSET,BT_CONNECTED,0,0
[Service] Resume execution - Task 2
[Service] Resume checkpoint: 7
[Service] Resume progress: 80%
[COMM RX] Remote data (packet 76): ENERGY_TEST: 516113
[COMM TX] ACK|76
[COMM BT] hasClient(): TRUE
[COMM BT] Bytes written: 7/7
[COMM Resume] Checkpoint: 7
[COMM Resume] WAIT_ACK packet ID: 4765
[COMM] ACK timeout for packet ID: 4765, retrying...
[COMM BT] Sending: DATA|4765|TEMP: 30.31
[COMM BT] hasClient(): TRUE
[COMM BT] Bytes written: 22/22
RPT,3652,0,UNSET,RETRY,4765,2
[COMM Resume] ACK still pending
RPT,3652,0,UNSET,ENERGY,0,10000
[Sensor] 30.19
[Service] Resume execution - Task 2
[Service] Resume checkpoint: 7
[Service] Resume progress: 80%
[COMM] ACK received for packet ID: 4765
[COMM Resume] Checkpoint: 7
[COMM Resume] WAIT_ACK packet ID: 4765
[COMM Resume] ACK already received
[Sensor Buffer] Stored: 30.19
[Service] Task 0 completed
[Service] Resume execution - Task 2
[Service] Resume checkpoint: 8
[Service] Resume progress: 95%
[COMM Resume] Checkpoint: 8
[COMM Resume] CONFIRM packet ID: 4765
RPT,4099,0,UNSET,CONFIRM,4765,2
RPT,4099,0,UNSET,RECOVERY_LATENCY_MS,4765,1263
[COMM] Packet confirmed: 4765
[Service] Task 2 completed
[COMM] Starting packet creation
[Service] Resume execution - Task 2
[Service] Resume checkpoint: 4
[Service] Resume progress: 20%
[COMM Resume] Checkpoint: 4
[COMM Resume] Continuing from CREATE
RPT,5128,0,UNSET,CREATE,4769,0
[COMM] Packet created ID: 4769
[COMM] Payload: TEMP: 30.19
[Sensor] 30.31
[Service] Resume execution - Task 2
[Service] Resume checkpoint: 5
[Service] Resume progress: 40%
[COMM Resume] Checkpoint: 5
[COMM Resume] PREPARE packet ID: 4766
[COMM] Preparing packet ID: 4766
[Sensor Buffer] Stored: 30.31
[Service] Task 0 completed
[Service] Resume execution - Task 2
[Service] Resume checkpoint: 6
[Service] Resume progress: 60%
[COMM Resume] Checkpoint: 6
[COMM Resume] SEND packet ID: 4766
[COMM BT] Sending: DATA|4766|TEMP: 30.31
[COMM BT] hasClient(): TRUE
[COMM BT] Bytes written: 22/22
RPT,5772,0,UNSET,SEND,4766,1
RPT,5847,0,UNSET,ENERGY,0,9000
[Service] Resume execution - Task 2
[Service] Resume checkpoint: 7
[Service] Resume progress: 80%
[COMM] ACK received for packet ID: 4766
[COMM Resume] Checkpoint: 7
[COMM Resume] WAIT_ACK packet ID: 4766
[COMM Resume] ACK already received
[Service] Resume execution - Task 2
[Service] Resume checkpoint: 8
[Service] Resume progress: 95%
[COMM Resume] Checkpoint: 8
[COMM Resume] CONFIRM packet ID: 4766
RPT,6802,0,UNSET,CONFIRM,4766,1
[COMM] Packet confirmed: 4766
[Service] Task 2 completed
[Sensor] 30.31
[COMM] Starting packet creation
[Sensor Buffer] Stored: 30.31
[Service] Task 0 completed
[Service] Resume execution - Task 2
[Service] Resume checkpoint: 4
[Service] Resume progress: 20%
[COMM Resume] Checkpoint: 4
[COMM Resume] Continuing from CREATE
RPT,7315,0,UNSET,CREATE,4770,0
[COMM] Packet created ID: 4770
[COMM] Payload: TEMP: 30.31
[Service] Resume execution - Task 2
[Service] Resume checkpoint: 5
[Service] Resume progress: 40%
[COMM Resume] Checkpoint: 5
[COMM Resume] PREPARE packet ID: 4767
[COMM] Preparing packet ID: 4767
[Service] Resume execution - Task 2
[Service] Resume checkpoint: 6
[Service] Resume progress: 60%
[COMM Resume] Checkpoint: 6
[COMM Resume] SEND packet ID: 4767
[COMM BT] Sending: DATA|4767|TEMP: 30.31
[COMM BT] hasClient(): TRUE
[COMM BT] Bytes written: 22/22
RPT,8455,0,UNSET,SEND,4767,1
RPT,8530,0,UNSET,ENERGY,0,8000
[Sensor] 30.25
[Service] Resume execution - Task 2
[Service] Resume checkpoint: 7
[Service] Resume progress: 80%
[COMM] ACK received for packet ID: 4767
[COMM RX] Remote data (packet 77): ENERGY_TEST: 521783
[COMM TX] ACK|77
[COMM BT] hasClient(): TRUE
[COMM BT] Bytes written: 7/7
[COMM Resume] Checkpoint: 7
[COMM Resume] WAIT_ACK packet ID: 4767
[COMM Resume] ACK already received
[Sensor Buffer] Stored: 30.25
[Service] Task 0 completed
[Service] Resume execution - Task 2
[Service] Resume checkpoint: 8
[Service] Resume progress: 95%
[COMM Resume] Checkpoint: 8
[COMM Resume] CONFIRM packet ID: 4767
RPT,9089,0,UNSET,CONFIRM,4767,1
[COMM] Packet confirmed: 4767
[Service] Task 2 completed
[COMM] Starting packet creation
[Service] Resume execution - Task 2
[Service] Resume checkpoint: 4
[Service] Resume progress: 20%
[COMM Resume] Checkpoint: 4
[COMM Resume] Continuing from CREATE
RPT,10118,0,UNSET,CREATE,4771,0
[COMM] Packet created ID: 4771
[COMM] Payload: TEMP: 30.25
[Sensor] 30.31
[Service] Resume execution - Task 2
[Service] Resume checkpoint: 5
[Service] Resume progress: 40%
[COMM Resume] Checkpoint: 5
[COMM Resume] PREPARE packet ID: 4768
[COMM] Preparing packet ID: 4768
[Sensor Buffer] Stored: 30.31
[Service] Task 0 completed
[Service] Resume execution - Task 2
[Service] Resume checkpoint: 6
[Service] Resume progress: 60%
[COMM Resume] Checkpoint: 6
[COMM Resume] SEND packet ID: 4768
[COMM BT] Sending: DATA|4768|TEMP: 30.31
[COMM BT] hasClient(): TRUE
[COMM BT] Bytes written: 22/22
RPT,10761,0,UNSET,SEND,4768,1
RPT,10836,0,UNSET,ENERGY,0,7500
[Service] Resume execution - Task 2
[Service] Resume checkpoint: 7
[Service] Resume progress: 80%
[COMM] ACK received for packet ID: 4768
[COMM Resume] Checkpoint: 7
[COMM Resume] WAIT_ACK packet ID: 4768
[COMM Resume] ACK already received
[Service] Resume execution - Task 2
[Service] Resume checkpoint: 8
[Service] Resume progress: 95%
[COMM Resume] Checkpoint: 8
[COMM Resume] CONFIRM packet ID: 4768
RPT,11791,0,UNSET,CONFIRM,4768,1
[COMM] Packet confirmed: 4768
[Service] Task 2 completed
[Sensor] 30.31
[COMM] Starting packet creation
[Sensor Buffer] Stored: 30.31
[Service] Task 0 completed
[Service] Resume execution - Task 2
[Service] Resume checkpoint: 4
[Service] Resume progress: 20%
[COMM Resume] Checkpoint: 4
[COMM Resume] Continuing from CREATE
RPT,12303,0,UNSET,CREATE,4772,0
[COMM] Packet created ID: 4772
[COMM] Payload: TEMP: 30.31
[Service] Resume execution - Task 2
[Service] Resume checkpoint: 5
[Service] Resume progress: 40%
[COMM Resume] Checkpoint: 5
[COMM Resume] PREPARE packet ID: 4769
[COMM] Preparing packet ID: 4769
[Service] Resume execution - Task 2
[Service] Resume checkpoint: 6
[Service] Resume progress: 60%
[COMM Resume] Checkpoint: 6
[COMM Resume] SEND packet ID: 4769
[COMM BT] Sending: DATA|4769|TEMP: 30.19
[COMM BT] hasClient(): TRUE
[COMM BT] Bytes written: 22/22
RPT,13444,0,UNSET,SEND,4769,1
RPT,13519,0,UNSET,ENERGY,0,6500
[Sensor] 30.31
[Service] Resume execution - Task 2
[Service] Resume checkpoint: 7
[Service] Resume progress: 80%
[COMM] ACK received for packet ID: 4769
[COMM Resume] Checkpoint: 7
[COMM Resume] WAIT_ACK packet ID: 4769
[COMM Resume] ACK already received
[Sensor Buffer] Stored: 30.31
[Service] Task 0 completed
[Service] Resume execution - Task 2
[Service] Resume checkpoint: 8
[Service] Resume progress: 95%
[COMM RX] Remote data (packet 78): ENERGY_TEST: 527043
[COMM TX] ACK|78
[COMM BT] hasClient(): TRUE
[COMM BT] Bytes written: 7/7
[COMM Resume] Checkpoint: 8
[COMM Resume] CONFIRM packet ID: 4769
RPT,14067,0,UNSET,CONFIRM,4769,1
[COMM] Packet confirmed: 4769
[Service] Task 2 completed
[COMM] Starting packet creation
[Service] Resume execution - Task 2
[Service] Resume checkpoint: 4
[Service] Resume progress: 20%
[COMM Resume] Checkpoint: 4
[COMM Resume] Continuing from CREATE
RPT,15096,0,UNSET,CREATE,4773,0
[COMM] Packet created ID: 4773
[COMM] Payload: TEMP: 30.31
[Sensor] 30.25
[Service] Resume execution - Task 2
[Service] Resume checkpoint: 5
[Service] Resume progress: 40%
[COMM Resume] Checkpoint: 5
[COMM Resume] PREPARE packet ID: 4770
[COMM] Preparing packet ID: 4770
[Sensor Buffer] Stored: 30.25
[Service] Task 0 completed
[Service] Resume execution - Task 2
[Service] Resume checkpoint: 6
[Service] Resume progress: 60%
[COMM Resume] Checkpoint: 6
[COMM Resume] SEND packet ID: 4770
[COMM BT] Sending: DATA|4770|TEMP: 30.31
[COMM BT] hasClient(): TRUE
[COMM BT] Bytes written: 22/22
RPT,15739,0,UNSET,SEND,4770,1
RPT,15814,0,UNSET,ENERGY,0,6000
[Service] Resume execution - Task 2
[Service] Resume checkpoint: 7
[Service] Resume progress: 80%
[COMM] ACK received for packet ID: 4770
[COMM Resume] Checkpoint: 7
[COMM Resume] WAIT_ACK packet ID: 4770
[COMM Resume] ACK already received
[Service] Resume execution - Task 2
[Service] Resume checkpoint: 8
[Service] Resume progress: 95%
[COMM Resume] Checkpoint: 8
[COMM Resume] CONFIRM packet ID: 4770
RPT,16769,0,UNSET,CONFIRM,4770,1
[COMM] Packet confirmed: 4770
[Service] Task 2 completed
[Sensor] 30.25
[COMM] Starting packet creation
[Sensor Buffer] Stored: 30.25
[Service] Task 0 completed
[Service] Resume execution - Task 2
[Service] Resume checkpoint: 4
[Service] Resume progress: 20%
[COMM Resume] Checkpoint: 4
[COMM Resume] Continuing from CREATE
RPT,17281,0,UNSET,CREATE,4774,0
[COMM] Packet created ID: 4774
[COMM] Payload: TEMP: 30.25
[Service] Resume execution - Task 2
[Service] Resume checkpoint: 5
[Service] Resume progress: 40%
[COMM Resume] Checkpoint: 5
[COMM Resume] PREPARE packet ID: 4771
[COMM] Preparing packet ID: 4771
[Service] Resume execution - Task 2
[Service] Resume checkpoint: 6
[Service] Resume progress: 60%
[COMM Resume] Checkpoint: 6
[COMM Resume] SEND packet ID: 4771
[COMM BT] Sending: DATA|4771|TEMP: 30.25
[COMM BT] hasClient(): TRUE
[COMM BT] Bytes written: 22/22
RPT,18422,0,UNSET,SEND,4771,1
RPT,18497,0,UNSET,ENERGY,0,5000
[Sensor] 30.25
[Service] Resume execution - Task 2
[Service] Resume checkpoint: 7
[Service] Resume progress: 80%
[COMM] ACK received for packet ID: 4771
[COMM Resume] Checkpoint: 7
[COMM Resume] WAIT_ACK packet ID: 4771
[COMM Resume] ACK already received
[Sensor Buffer] Stored: 30.25
[Service] Task 0 completed
[Service] Resume execution - Task 2
[Service] Resume checkpoint: 8
[Service] Resume progress: 95%
[COMM Resume] Checkpoint: 8
[COMM Resume] CONFIRM packet ID: 4771
RPT,18945,0,UNSET,CONFIRM,4771,1
[COMM] Packet confirmed: 4771
[Service] Task 2 completed
[COMM RX] Remote data (packet 79): ENERGY_TEST: 532293
[COMM TX] ACK|79
[COMM BT] hasClient(): TRUE
[COMM BT] Bytes written: 7/7
[COMM] Starting packet creation
[Service] Resume execution - Task 2
[Service] Resume checkpoint: 4
[Service] Resume progress: 20%
[COMM Resume] Checkpoint: 4
[COMM Resume] Continuing from CREATE
RPT,20074,0,UNSET,CREATE,4775,0
[COMM] Packet created ID: 4775
[COMM] Payload: TEMP: 30.25
[Sensor] 30.25
[Service] Resume execution - Task 2
[Service] Resume checkpoint: 5
[Service] Resume progress: 40%
[COMM Resume] Checkpoint: 5
[COMM Resume] PREPARE packet ID: 4772
[COMM] Preparing packet ID: 4772
[Sensor Buffer] Stored: 30.25
[Service] Task 0 completed
[Service] Resume execution - Task 2
[Service] Resume checkpoint: 6
[Service] Resume progress: 60%
[COMM Resume] Checkpoint: 6
[COMM Resume] SEND packet ID: 4772
[COMM BT] Sending: DATA|4772|TEMP: 30.31
[COMM BT] hasClient(): TRUE
[COMM BT] Bytes written: 22/22
RPT,20717,0,UNSET,SEND,4772,1
RPT,20792,0,UNSET,ENERGY,0,4500
[Service] Resume execution - Task 2
[Service] Resume checkpoint: 7
[Service] Resume progress: 80%
[COMM] ACK received for packet ID: 4772
[COMM Resume] Checkpoint: 7
[COMM Resume] WAIT_ACK packet ID: 4772
[COMM Resume] ACK already received
[Service] Resume execution - Task 2
[Service] Resume checkpoint: 8
[Service] Resume progress: 95%
[COMM Resume] Checkpoint: 8
[COMM Resume] CONFIRM packet ID: 4772
RPT,21747,0,UNSET,CONFIRM,4772,1
[COMM] Packet confirmed: 4772
[Service] Task 2 completed
[Sensor] 30.25
[COMM] Starting packet creation
[Sensor Buffer] Stored: 30.25
[Service] Task 0 completed
[Service] Resume execution - Task 2
[Service] Resume checkpoint: 4
[Service] Resume progress: 20%
[COMM Resume] Checkpoint: 4
[COMM Resume] Continuing from CREATE
RPT,22259,0,UNSET,CREATE,4776,0
[COMM] Packet created ID: 4776
[COMM] Payload: TEMP: 30.25
[Service] Resume execution - Task 2
[Service] Resume checkpoint: 5
[Service] Resume progress: 40%
[COMM Resume] Checkpoint: 5
[COMM Resume] PREPARE packet ID: 4773
[COMM] Preparing packet ID: 4773
[Service] Resume execution - Task 2
[Service] Resume checkpoint: 6
[Service] Resume progress: 60%
[COMM Resume] Checkpoint: 6
[COMM Resume] SEND packet ID: 4773
[COMM BT] Sending: DATA|4773|TEMP: 30.31
[COMM BT] hasClient(): TRUE
[COMM BT] Bytes written: 22/22
RPT,23400,0,UNSET,SEND,4773,1
RPT,23475,0,UNSET,ENERGY,0,3500
[Sensor] 30.31
[Service] Resume execution - Task 2
[Service] Resume checkpoint: 7
[Service] Resume progress: 80%
[COMM] ACK received for packet ID: 4773
[COMM Resume] Checkpoint: 7
[COMM Resume] WAIT_ACK packet ID: 4773
[COMM Resume] ACK already received
[Sensor Buffer] Stored: 30.31
[Service] Task 0 completed
[Service] Resume execution - Task 2
[Service] Resume checkpoint: 8
[Service] Resume progress: 95%
[COMM Resume] Checkpoint: 8
[COMM Resume] CONFIRM packet ID: 4773
RPT,23923,0,UNSET,CONFIRM,4773,1
[COMM] Packet confirmed: 4773
[Service] Task 2 completed
[COMM] Starting packet creation
[Service] Resume execution - Task 2
[Service] Resume checkpoint: 4
[Service] Resume progress: 20%
[COMM RX] Remote data (packet 80): ENERGY_TEST: 537533
[COMM TX] ACK|80
[COMM BT] hasClient(): TRUE
[COMM BT] Bytes written: 7/7
[COMM Resume] Checkpoint: 4
[COMM Resume] Continuing from CREATE
RPT,25052,0,UNSET,CREATE,4777,0
[COMM] Packet created ID: 4777
[COMM] Payload: TEMP: 30.31
[ENERGY] Level: 30.00% | State: LOW
[ALERT] Energy level LOW
[Sensor] 30.31
[Service] Resume execution - Task 2
[Service] Resume checkpoint: 5
[Service] Resume progress: 40%
[COMM Resume] Checkpoint: 5
[COMM Resume] PREPARE packet ID: 4774
[COMM] Preparing packet ID: 4774
[Sensor Buffer] Stored: 30.31
[Service] Task 0 completed
[Service] Resume execution - Task 2
[Service] Resume checkpoint: 6
[Service] Resume progress: 60%
[COMM Resume] Checkpoint: 6
[COMM Resume] SEND packet ID: 4774
[COMM BT] Sending: DATA|4774|TEMP: 30.25
[COMM BT] hasClient(): TRUE
[COMM BT] Bytes written: 22/22
RPT,25695,0,UNSET,SEND,4774,1
RPT,25770,0,UNSET,ENERGY,0,3000
[Service] Resume execution - Task 2
[Service] Resume checkpoint: 7
[Service] Resume progress: 80%
[COMM] ACK received for packet ID: 4774
[COMM Resume] Checkpoint: 7
[COMM Resume] WAIT_ACK packet ID: 4774
[COMM Resume] ACK already received
[Service] Resume execution - Task 2
[Service] Resume checkpoint: 8
[Service] Resume progress: 95%
[COMM Resume] Checkpoint: 8
[COMM Resume] CONFIRM packet ID: 4774
RPT,26725,0,UNSET,CONFIRM,4774,1
[COMM] Packet confirmed: 4774
[Service] Task 2 completed
[ALERT] Energy level LOW
[Sensor] 30.25
[COMM] Starting packet creation
[Sensor Buffer] Stored: 30.25
[Service] Task 0 completed
[Service] Resume execution - Task 2
[Service] Resume checkpoint: 4
[Service] Resume progress: 20%
[COMM Resume] Checkpoint: 4
[COMM Resume] Continuing from CREATE
RPT,27238,0,UNSET,CREATE,4778,0
[COMM] Packet created ID: 4778
[COMM] Payload: TEMP: 30.25
[Service] Resume execution - Task 2
[Service] Resume checkpoint: 5
[Service] Resume progress: 40%
[COMM Resume] Checkpoint: 5
[COMM Resume] PREPARE packet ID: 4775
[COMM] Preparing packet ID: 4775
[Service] Resume execution - Task 2
[Service] Resume checkpoint: 6
[Service] Resume progress: 60%
[COMM Resume] Checkpoint: 6
[COMM Resume] SEND packet ID: 4775
[COMM BT] Sending: DATA|4775|TEMP: 30.25
[COMM BT] hasClient(): TRUE
[COMM BT] Bytes written: 22/22
RPT,28378,0,UNSET,SEND,4775,1
[ALERT] Energy level LOW
RPT,28453,0,UNSET,ENERGY,0,2000
[Sensor] 30.31
[Service] Resume execution - Task 2
[Service] Resume checkpoint: 7
[Service] Resume progress: 80%
[COMM] ACK received for packet ID: 4775
[COMM Resume] Checkpoint: 7
[COMM Resume] WAIT_ACK packet ID: 4775
[COMM Resume] ACK already received
[Sensor Buffer] Stored: 30.31
[Service] Task 0 completed
[Service] Resume execution - Task 2
[Service] Resume checkpoint: 8
[Service] Resume progress: 95%
[COMM Resume] Checkpoint: 8
[COMM Resume] CONFIRM packet ID: 4775
RPT,28901,0,UNSET,CONFIRM,4775,1
[COMM] Packet confirmed: 4775
[Service] Task 2 completed
[COMM] Starting packet creation
[Service] Resume execution - Task 2
[Service] Resume checkpoint: 4
[Service] Resume progress: 20%
[COMM Resume] Checkpoint: 4
[COMM Resume] Continuing from CREATE
RPT,29930,0,UNSET,CREATE,4779,0
[COMM] Packet created ID: 4779
[COMM] Payload: TEMP: 30.31
[ALERT] Energy level LOW
[Sensor] 30.31
[Service] Resume execution - Task 2
[Service] Resume checkpoint: 5
[Service] Resume progress: 40%
[COMM RX] Remote data (packet 81): ENERGY_TEST: 543283
[COMM TX] ACK|81
[COMM BT] hasClient(): TRUE
[COMM BT] Bytes written: 7/7
[COMM Resume] Checkpoint: 5
[COMM Resume] PREPARE packet ID: 4776
[COMM] Preparing packet ID: 4776
[Sensor Buffer] Stored: 30.31
[Service] Task 0 completed
[Service] Resume execution - Task 2
[Service] Resume checkpoint: 6
[Service] Resume progress: 60%
[COMM Resume] Checkpoint: 6
[COMM Resume] SEND packet ID: 4776
[COMM BT] Sending: DATA|4776|TEMP: 30.25
[COMM BT] hasClient(): TRUE
[COMM BT] Bytes written: 22/22
RPT,30673,0,UNSET,SEND,4776,1
RPT,30748,0,UNSET,ENERGY,0,1500
[Service] Resume execution - Task 2
[Service] Resume checkpoint: 7
[Service] Resume progress: 80%
[COMM] ACK received for packet ID: 4776
[COMM Resume] Checkpoint: 7
[COMM Resume] WAIT_ACK packet ID: 4776
[COMM Resume] ACK already received
[Service] Resume execution - Task 2
[Service] Resume checkpoint: 8
[Service] Resume progress: 95%
[COMM Resume] Checkpoint: 8
[COMM Resume] CONFIRM packet ID: 4776
RPT,31703,0,UNSET,CONFIRM,4776,1
[COMM] Packet confirmed: 4776
[Service] Task 2 completed
[ENERGY] Level: 10.00% | State: CRITICAL
[ALERT] Energy level CRITICAL
[Sensor] 30.31
[COMM] Starting packet creation
[Sensor Buffer] Stored: 30.31
[Service] Task 0 completed
[Service] Resume execution - Task 2
[Service] Resume checkpoint: 4
[Service] Resume progress: 20%
[COMM Resume] Checkpoint: 4
[COMM Resume] Continuing from CREATE
RPT,32216,0,UNSET,CREATE,4780,0
[COMM] Packet created ID: 4780
[COMM] Payload: TEMP: 30.31
[Service] Resume execution - Task 2
[Service] Resume checkpoint: 5
[Service] Resume progress: 40%
[COMM Resume] Checkpoint: 5
[COMM Resume] PREPARE packet ID: 4777
[COMM] Preparing packet ID: 4777
[Service] Resume execution - Task 2
[Service] Resume checkpoint: 6
[Service] Resume progress: 60%
[COMM Resume] Checkpoint: 6
[COMM Resume] SEND packet ID: 4777
[COMM BT] Sending: DATA|4777|TEMP: 30.31
[COMM BT] hasClient(): TRUE
[COMM BT] Bytes written: 22/22
RPT,33356,0,UNSET,SEND,4777,1
[ALERT] Energy level CRITICAL
RPT,33431,0,UNSET,ENERGY,0,500
[Sensor] 30.31
[Service] Resume execution - Task 2
[Service] Resume checkpoint: 7
[Service] Resume progress: 80%
[COMM] ACK received for packet ID: 4777
[COMM Resume] Checkpoint: 7
[COMM Resume] WAIT_ACK packet ID: 4777
[COMM Resume] ACK already received
[Sensor Buffer] Stored: 30.31
[Service] Task 0 completed
[Service] Resume execution - Task 2
[Service] Resume checkpoint: 8
[Service] Resume progress: 95%
[COMM Resume] Checkpoint: 8
[COMM Resume] CONFIRM packet ID: 4777
RPT,33879,0,UNSET,CONFIRM,4777,1
[COMM] Packet confirmed: 4777
[Service] Task 2 completed
[COMM] Starting packet creation
[Service] Resume execution - Task 2
[Service] Resume checkpoint: 4
[Service] Resume progress: 20%
[COMM Resume] Checkpoint: 4
[COMM Resume] Continuing from CREATE
RPT,34908,0,UNSET,CREATE,4781,0
[COMM] Packet created ID: 4781
[COMM] Payload: TEMP: 30.31
[ENERGY] Level: 0.00% | State: OFF
[ALERT] Energy depleted
[ENERGY] ESP32 simulated OFF
[ENERGY] Shutdown simulation active
[ENERGY] System remains running for test
[Sensor] 30.31
[Service] Resume execution - Task 2
[Service] Resume checkpoint: 5
[Service] Resume progress: 40%
[COMM Resume] Checkpoint: 5
[COMM Resume] PREPARE packet ID: 4778
[COMM] Preparing packet ID: 4778
[Sensor Buffer] Stored: 30.31
[Service] Task 0 completed
[Service] Resume execution - Task 2
[Service] Resume checkpoint: 6
[Service] Resume progress: 60%
[COMM RX] Remote data (packet 82): ENERGY_TEST: 548533
[COMM TX] ACK|82
[COMM BT] hasClient(): TRUE
[COMM BT] Bytes written: 7/7
[COMM Resume] Checkpoint: 6
[COMM Resume] SEND packet ID: 4778
[COMM BT] Sending: DATA|4778|TEMP: 30.25
[COMM BT] hasClient(): TRUE
[COMM BT] Bytes written: 22/22
RPT,35662,0,UNSET,SEND,4778,1
RPT,35737,0,UNSET,ENERGY,0,0
[Service] Resume execution - Task 2
[Service] Resume checkpoint: 7
[Service] Resume progress: 80%
[COMM] ACK received for packet ID: 4778
[COMM Resume] Checkpoint: 7
[COMM Resume] WAIT_ACK packet ID: 4778
[COMM Resume] ACK already received
[Service] Resume execution - Task 2
[Service] Resume checkpoint: 8
[Service] Resume progress: 95%
[COMM Resume] Checkpoint: 8
[COMM Resume] CONFIRM packet ID: 4778
RPT,36692,0,UNSET,CONFIRM,4778,1
[COMM] Packet confirmed: 4778
[Service] Task 2 completed
[Sensor] 30.25
[COMM] Starting packet creation
[Sensor Buffer] Stored: 30.25
[Service] Task 0 completed
[Service] Resume execution - Task 2
[Service] Resume checkpoint: 4
[Service] Resume progress: 20%
[COMM Resume] Checkpoint: 4
[COMM Resume] Continuing from CREATE
RPT,37204,0,UNSET,CREATE,4782,0
[COMM] Packet created ID: 4782
[COMM] Payload: TEMP: 30.25
[Service] Resume execution - Task 2
[Service] Resume checkpoint: 5
[Service] Resume progress: 40%
[COMM Resume] Checkpoint: 5
[COMM Resume] PREPARE packet ID: 4779
[COMM] Preparing packet ID: 4779
[Service] Resume execution - Task 2
[Service] Resume checkpoint: 6
[Service] Resume progress: 60%
[COMM Resume] Checkpoint: 6
[COMM Resume] SEND packet ID: 4779
[COMM BT] Sending: DATA|4779|TEMP: 30.31
[COMM BT] hasClient(): TRUE
[COMM BT] Bytes written: 22/22
RPT,38345,0,UNSET,SEND,4779,1
RPT,38420,0,UNSET,ENERGY,0,0
[Sensor] 30.31
[Service] Resume execution - Task 2
[Service] Resume checkpoint: 7
[Service] Resume progress: 80%
[COMM] ACK received for packet ID: 4779
[COMM Resume] Checkpoint: 7
[COMM Resume] WAIT_ACK packet ID: 4779
[COMM Resume] ACK already received
[Sensor Buffer] Stored: 30.31
[Service] Task 0 completed
[Service] Resume execution - Task 2
[Service] Resume checkpoint: 8
[Service] Resume progress: 95%
[COMM Resume] Checkpoint: 8
[COMM Resume] CONFIRM packet ID: 4779
RPT,38868,0,UNSET,CONFIRM,4779,1
[COMM] Packet confirmed: 4779
[Service] Task 2 completed
[COMM] Starting packet creation
[Service] Resume execution - Task 2
[Service] Resume checkpoint: 4
[Service] Resume progress: 20%
[COMM Resume] Checkpoint: 4
[COMM Resume] Continuing from CREATE
RPT,39897,0,UNSET,CREATE,4783,0
[COMM] Packet created ID: 4783
[COMM] Payload: TEMP: 30.31
[Sensor] 30.25
[Service] Resume execution - Task 2
[Service] Resume checkpoint: 5
[Service] Resume progress: 40%
[COMM Resume] Checkpoint: 5
[COMM Resume] PREPARE packet ID: 4780
[COMM] Preparing packet ID: 4780
[Sensor Buffer] Stored: 30.25
[Service] Task 0 completed
[Service] Resume execution - Task 2
[Service] Resume checkpoint: 6
[Service] Resume progress: 60%
[COMM Resume] Checkpoint: 6
[COMM Resume] SEND packet ID: 4780
[COMM BT] Sending: DATA|4780|TEMP: 30.31
[COMM BT] hasClient(): TRUE
[COMM BT] Bytes written: 22/22
RPT,40540,0,UNSET,SEND,4780,1
RPT,40615,0,UNSET,ENERGY,0,0
[Service] Resume execution - Task 2
[Service] Resume checkpoint: 7
[Service] Resume progress: 80%
[COMM] ACK received for packet ID: 4780
[COMM RX] Remote data (packet 83): ENERGY_TEST: 553873
[COMM TX] ACK|83
[COMM BT] hasClient(): TRUE
[COMM BT] Bytes written: 7/7
[COMM Resume] Checkpoint: 7
[COMM Resume] WAIT_ACK packet ID: 4780
[COMM Resume] ACK already received
[Service] Resume execution - Task 2
[Service] Resume checkpoint: 8
[Service] Resume progress: 95%
[COMM Resume] Checkpoint: 8
[COMM Resume] CONFIRM packet ID: 4780
RPT,41681,0,UNSET,CONFIRM,4780,1
[COMM] Packet confirmed: 4780
[Service] Task 2 completed
[Sensor] 30.25
[COMM] Starting packet creation
[Sensor Buffer] Stored: 30.25
[Service] Task 0 completed
[Service] Resume execution - Task 2
[Service] Resume checkpoint: 4
[Service] Resume progress: 20%
[COMM Resume] Checkpoint: 4
[COMM Resume] Continuing from CREATE
RPT,42193,0,UNSET,CREATE,4784,0
[COMM] Packet created ID: 4784
[COMM] Payload: TEMP: 30.25
[Service] Resume execution - Task 2
[Service] Resume checkpoint: 5
[Service] Resume progress: 40%
[COMM Resume] Checkpoint: 5
[COMM Resume] PREPARE packet ID: 4781
[COMM] Preparing packet ID: 4781
[Service] Resume execution - Task 2
[Service] Resume checkpoint: 6
[Service] Resume progress: 60%
[COMM Resume] Checkpoint: 6
[COMM Resume] SEND packet ID: 4781
[COMM BT] Sending: DATA|4781|TEMP: 30.31
[COMM BT] hasClient(): TRUE
[COMM BT] Bytes written: 22/22
RPT,43334,0,UNSET,SEND,4781,1
RPT,43409,0,UNSET,ENERGY,0,0
[Sensor] 30.25
[Service] Resume execution - Task 2
[Service] Resume checkpoint: 7
[Service] Resume progress: 80%
[COMM] ACK received for packet ID: 4781
[COMM Resume] Checkpoint: 7
[COMM Resume] WAIT_ACK packet ID: 4781
[COMM Resume] ACK already received
[Sensor Buffer] Stored: 30.25
[Service] Task 0 completed
[Service] Resume execution - Task 2
[Service] Resume checkpoint: 8
[Service] Resume progress: 95%
[COMM Resume] Checkpoint: 8
[COMM Resume] CONFIRM packet ID: 4781
RPT,43857,0,UNSET,CONFIRM,4781,1
[COMM] Packet confirmed: 4781
[Service] Task 2 completed
[COMM] Starting packet creation
[Service] Resume execution - Task 2
[Service] Resume checkpoint: 4
[Service] Resume progress: 20%
[COMM Resume] Checkpoint: 4
[COMM Resume] Continuing from CREATE
RPT,44886,0,UNSET,CREATE,4785,0
[COMM] Packet created ID: 4785
[COMM] Payload: TEMP: 30.25
[Sensor] 30.25
[Service] Resume execution - Task 2
[Service] Resume checkpoint: 5
[Service] Resume progress: 40%
[COMM Resume] Checkpoint: 5
[COMM Resume] PREPARE packet ID: 4782
[COMM] Preparing packet ID: 4782
[Sensor Buffer] Stored: 30.25
[Service] Task 0 completed
[Service] Resume execution - Task 2
[Service] Resume checkpoint: 6
[Service] Resume progress: 60%
[COMM Resume] Checkpoint: 6
[COMM Resume] SEND packet ID: 4782
[COMM BT] Sending: DATA|4782|TEMP: 30.25
[COMM BT] hasClient(): TRUE
[COMM BT] Bytes written: 22/22
RPT,45529,0,UNSET,SEND,4782,1
RPT,45604,0,UNSET,ENERGY,0,0
[Service] Resume execution - Task 2
[Service] Resume checkpoint: 7
[Service] Resume progress: 80%
[COMM] ACK received for packet ID: 4782
[COMM Resume] Checkpoint: 7
[COMM Resume] WAIT_ACK packet ID: 4782
[COMM Resume] ACK already received
[Service] Resume execution - Task 2
[Service] Resume checkpoint: 8
[Service] Resume progress: 95%
[COMM RX] Remote data (packet 84): ENERGY_TEST: 559133
[COMM TX] ACK|84
[COMM BT] hasClient(): TRUE
[COMM BT] Bytes written: 7/7
[COMM Resume] Checkpoint: 8
[COMM Resume] CONFIRM packet ID: 4782
RPT,46659,0,UNSET,CONFIRM,4782,1
[COMM] Packet confirmed: 4782
[Service] Task 2 completed
[Sensor] 30.25
[COMM] Starting packet creation
[Sensor Buffer] Stored: 30.25
[Service] Task 0 completed
[Service] Resume execution - Task 2
[Service] Resume checkpoint: 4
[Service] Resume progress: 20%
[COMM Resume] Checkpoint: 4
[COMM Resume] Continuing from CREATE
RPT,47182,0,UNSET,CREATE,4786,0
[COMM] Packet created ID: 4786
[COMM] Payload: TEMP: 30.25
[Service] Resume execution - Task 2
[Service] Resume checkpoint: 5
[Service] Resume progress: 40%
[COMM Resume] Checkpoint: 5
[COMM Resume] PREPARE packet ID: 4783
[COMM] Preparing packet ID: 4783
[Service] Resume execution - Task 2
[Service] Resume checkpoint: 6
[Service] Resume progress: 60%
[COMM Resume] Checkpoint: 6
[COMM Resume] SEND packet ID: 4783
[COMM BT] Sending: DATA|4783|TEMP: 30.31
[COMM BT] hasClient(): TRUE
[COMM BT] Bytes written: 22/22
RPT,48322,0,UNSET,SEND,4783,1
RPT,48397,0,UNSET,ENERGY,0,0
[Sensor] 30.25
[Service] Resume execution - Task 2
[Service] Resume checkpoint: 7
[Service] Resume progress: 80%
[COMM] ACK received for packet ID: 4783
[COMM Resume] Checkpoint: 7
[COMM Resume] WAIT_ACK packet ID: 4783
[COMM Resume] ACK already received
[Sensor Buffer] Stored: 30.25
[Service] Task 0 completed
[Service] Resume execution - Task 2
[Service] Resume checkpoint: 8
[Service] Resume progress: 95%
[COMM Resume] Checkpoint: 8
[COMM Resume] CONFIRM packet ID: 4783
RPT,48845,0,UNSET,CONFIRM,4783,1
[COMM] Packet confirmed: 4783
[Service] Task 2 completed
[COMM] Starting packet creation
[Service] Resume execution - Task 2
[Service] Resume checkpoint: 4
[Service] Resume progress: 20%
[COMM Resume] Checkpoint: 4
[COMM Resume] Continuing from CREATE
RPT,49874,0,UNSET,CREATE,4787,0
[COMM] Packet created ID: 4787
[COMM] Payload: TEMP: 30.25
[Sensor] 30.25
[Service] Resume execution - Task 2
[Service] Resume checkpoint: 5
[Service] Resume progress: 40%
[COMM Resume] Checkpoint: 5
[COMM Resume] PREPARE packet ID: 4784
[COMM] Preparing packet ID: 4784
[Sensor Buffer] Stored: 30.25
[Service] Task 0 completed
[Service] Resume execution - Task 2
[Service] Resume checkpoint: 6
[Service] Resume progress: 60%
[COMM Resume] Checkpoint: 6
[COMM Resume] SEND packet ID: 4784
[COMM BT] Sending: DATA|4784|TEMP: 30.25
[COMM BT] hasClient(): TRUE
[COMM BT] Bytes written: 22/22
RPT,50517,0,UNSET,SEND,4784,1
RPT,50592,0,UNSET,ENERGY,0,0
[Service] Resume execution - Task 2
[Service] Resume checkpoint: 7
[Service] Resume progress: 80%
[COMM] ACK received for packet ID: 4784
[COMM Resume] Checkpoint: 7
[COMM Resume] WAIT_ACK packet ID: 4784
[COMM Resume] ACK already received
[Service] Resume execution - Task 2
[Service] Resume checkpoint: 8
[Service] Resume progress: 95%
[COMM Resume] Checkpoint: 8
[COMM Resume] CONFIRM packet ID: 4784
RPT,51547,0,UNSET,CONFIRM,4784,1
[COMM] Packet confirmed: 4784
[Service] Task 2 completed
[Sensor] 30.25
[COMM RX] Remote data (packet 85): ENERGY_TEST: 564883
[COMM TX] ACK|85
[COMM BT] hasClient(): TRUE
[COMM BT] Bytes written: 7/7
[COMM] Starting packet creation
[Sensor Buffer] Stored: 30.25
[Service] Task 0 completed
[Service] Resume execution - Task 2
[Service] Resume checkpoint: 4
[Service] Resume progress: 20%
[COMM Resume] Checkpoint: 4
[COMM Resume] Continuing from CREATE
RPT,52159,0,UNSET,CREATE,4788,0
[COMM] Packet created ID: 4788
[COMM] Payload: TEMP: 30.25
[Service] Resume execution - Task 2
[Service] Resume checkpoint: 5
[Service] Resume progress: 40%
[COMM Resume] Checkpoint: 5
[COMM Resume] PREPARE packet ID: 4785
[COMM] Preparing packet ID: 4785
[Service] Resume execution - Task 2
[Service] Resume checkpoint: 6
[Service] Resume progress: 60%
[COMM Resume] Checkpoint: 6
[COMM Resume] SEND packet ID: 4785
[COMM BT] Sending: DATA|4785|TEMP: 30.25
[COMM BT] hasClient(): TRUE
[COMM BT] Bytes written: 22/22
RPT,53300,0,UNSET,SEND,4785,1
RPT,53375,0,UNSET,ENERGY,0,0
[Sensor] 30.25
[Service] Resume execution - Task 2
[Service] Resume checkpoint: 7
[Service] Resume progress: 80%
[COMM] ACK received for packet ID: 4785
[COMM Resume] Checkpoint: 7
[COMM Resume] WAIT_ACK packet ID: 4785
[COMM Resume] ACK already received
[Sensor Buffer] Stored: 30.25
[Service] Task 0 completed
[Service] Resume execution - Task 2
[Service] Resume checkpoint: 8
[Service] Resume progress: 95%
[COMM Resume] Checkpoint: 8
[COMM Resume] CONFIRM packet ID: 4785
RPT,53823,0,UNSET,CONFIRM,4785,1
[COMM] Packet confirmed: 4785
[Service] Task 2 completed
[COMM] Starting packet creation
[Service] Resume execution - Task 2
[Service] Resume checkpoint: 4
[Service] Resume progress: 20%
[COMM Resume] Checkpoint: 4
[COMM Resume] Continuing from CREATE
RPT,54852,0,UNSET,CREATE,4789,0
[COMM] Packet created ID: 4789
[COMM] Payload: TEMP: 30.25
[Sensor] 30.25
[Service] Resume execution - Task 2
[Service] Resume checkpoint: 5
[Service] Resume progress: 40%
[COMM Resume] Checkpoint: 5
[COMM Resume] PREPARE packet ID: 4786
[COMM] Preparing packet ID: 4786
[Sensor Buffer] Stored: 30.25
[Service] Task 0 completed
[Service] Resume execution - Task 2
[Service] Resume checkpoint: 6
[Service] Resume progress: 60%
[COMM Resume] Checkpoint: 6
[COMM Resume] SEND packet ID: 4786
[COMM BT] Sending: DATA|4786|TEMP: 30.25
[COMM BT] hasClient(): TRUE
[COMM BT] Bytes written: 22/22
RPT,55495,0,UNSET,SEND,4786,1
RPT,55570,0,UNSET,ENERGY,0,0
[Service] Resume execution - Task 2
[Service] Resume checkpoint: 7
[Service] Resume progress: 80%
[COMM] ACK received for packet ID: 4786
[COMM Resume] Checkpoint: 7
[COMM Resume] WAIT_ACK packet ID: 4786
[COMM Resume] ACK already received
[Service] Resume execution - Task 2
[Service] Resume checkpoint: 8
[Service] Resume progress: 95%
[COMM Resume] Checkpoint: 8
[COMM Resume] CONFIRM packet ID: 4786
RPT,56525,0,UNSET,CONFIRM,4786,1
[COMM] Packet confirmed: 4786
[Service] Task 2 completed
[Sensor] 30.25
[COMM] Starting packet creation
[Sensor Buffer] Stored: 30.25
[Service] Task 0 completed
[Service] Resume execution - Task 2
[Service] Resume checkpoint: 4
[Service] Resume progress: 20%
[COMM RX] Remote data (packet 86): ENERGY_TEST: 570123
[COMM TX] ACK|86
[COMM BT] hasClient(): TRUE
[COMM BT] Bytes written: 7/7
[COMM Resume] Checkpoint: 4
[COMM Resume] Continuing from CREATE
RPT,57138,0,UNSET,CREATE,4790,0
[COMM] Packet created ID: 4790
[COMM] Payload: TEMP: 30.25
[Service] Resume execution - Task 2
[Service] Resume checkpoint: 5
[Service] Resume progress: 40%
[COMM Resume] Checkpoint: 5
[COMM Resume] PREPARE packet ID: 4787
[COMM] Preparing packet ID: 4787
[Service] Resume execution - Task 2
[Service] Resume checkpoint: 6
[Service] Resume progress: 60%
[COMM Resume] Checkpoint: 6
[COMM Resume] SEND packet ID: 4787
[COMM BT] Sending: DATA|4787|TEMP: 30.25
[COMM BT] hasClient(): TRUE
[COMM BT] Bytes written: 22/22
RPT,58278,0,UNSET,SEND,4787,1
RPT,58353,0,UNSET,ENERGY,0,0
[Sensor] 30.25
[Service] Resume execution - Task 2
[Service] Resume checkpoint: 7
[Service] Resume progress: 80%
[COMM] ACK received for packet ID: 4787
[COMM Resume] Checkpoint: 7
[COMM Resume] WAIT_ACK packet ID: 4787
[COMM Resume] ACK already received
[Sensor Buffer] Stored: 30.25
[Service] Task 0 completed
[Service] Resume execution - Task 2
[Service] Resume checkpoint: 8
[Service] Resume progress: 95%
[COMM Resume] Checkpoint: 8
[COMM Resume] CONFIRM packet ID: 4787
RPT,58801,0,UNSET,CONFIRM,4787,1
[COMM] Packet confirmed: 4787
[Service] Task 2 completed
[COMM] Starting packet creation
[Service] Resume execution - Task 2
[Service] Resume checkpoint: 4
[Service] Resume progress: 20%
[COMM Resume] Checkpoint: 4
[COMM Resume] Continuing from CREATE
RPT,59830,0,UNSET,CREATE,4791,0
[COMM] Packet created ID: 4791
[COMM] Payload: TEMP: 30.25
[Sensor] 30.25
[Service] Resume execution - Task 2
[Service] Resume checkpoint: 5
[Service] Resume progress: 40%
[COMM Resume] Checkpoint: 5
[COMM Resume] PREPARE packet ID: 4788
[COMM] Preparing packet ID: 4788
[Sensor Buffer] Stored: 30.25
[Service] Task 0 completed
[Service] Resume execution - Task 2
[Service] Resume checkpoint: 6
[Service] Resume progress: 60%
[COMM Resume] Checkpoint: 6
[COMM Resume] SEND packet ID: 4788
[COMM BT] Sending: DATA|4788|TEMP: 30.25
[COMM BT] hasClient(): TRUE
[COMM BT] Bytes written: 22/22
RPT,60473,0,UNSET,SEND,4788,1
RPT,60548,0,UNSET,ENERGY,0,0
[Service] Resume execution - Task 2
[Service] Resume checkpoint: 7
[Service] Resume progress: 80%
[COMM] ACK received for packet ID: 4788
[COMM Resume] Checkpoint: 7
[COMM Resume] WAIT_ACK packet ID: 4788
[COMM Resume] ACK already received
[Service] Resume execution - Task 2
[Service] Resume checkpoint: 8
[Service] Resume progress: 95%
[COMM Resume] Checkpoint: 8
[COMM Resume] CONFIRM packet ID: 4788
RPT,61503,0,UNSET,CONFIRM,4788,1
[COMM] Packet confirmed: 4788
[Service] Task 2 completed
[Sensor] 30.25
[COMM] Starting packet creation
[Sensor Buffer] Stored: 30.25
[Service] Task 0 completed
[Service] Resume execution - Task 2
[Service] Resume checkpoint: 4
[Service] Resume progress: 20%
[COMM Resume] Checkpoint: 4
[COMM Resume] Continuing from CREATE
RPT,62015,0,UNSET,CREATE,4792,0
[COMM] Packet created ID: 4792
[COMM] Payload: TEMP: 30.25
[Service] Resume execution - Task 2
[Service] Resume checkpoint: 5
[Service] Resume progress: 40%
[COMM RX] Remote data (packet 87): ENERGY_TEST: 575363
[COMM TX] ACK|87
[COMM BT] hasClient(): TRUE
[COMM BT] Bytes written: 7/7
[COMM Resume] Checkpoint: 5
[COMM Resume] PREPARE packet ID: 4789
[COMM] Preparing packet ID: 4789
[Service] Resume execution - Task 2
[Service] Resume checkpoint: 6
[Service] Resume progress: 60%
[COMM Resume] Checkpoint: 6
[COMM Resume] SEND packet ID: 4789
[COMM BT] Sending: DATA|4789|TEMP: 30.25
[COMM BT] hasClient(): TRUE
[COMM BT] Bytes written: 22/22
RPT,63256,0,UNSET,SEND,4789,1
RPT,63331,0,UNSET,ENERGY,0,0
[Sensor] 30.25
[Service] Resume execution - Task 2
[Service] Resume checkpoint: 7
[Service] Resume progress: 80%
[COMM] ACK received for packet ID: 4789
[COMM Resume] Checkpoint: 7
[COMM Resume] WAIT_ACK packet ID: 4789
[COMM Resume] ACK already received
[Sensor Buffer] Stored: 30.25
[Service] Task 0 completed
[Service] Resume execution - Task 2
[Service] Resume checkpoint: 8
[Service] Resume progress: 95%
[COMM Resume] Checkpoint: 8
[COMM Resume] CONFIRM packet ID: 4789
RPT,63779,0,UNSET,CONFIRM,4789,1
[COMM] Packet confirmed: 4789
[Service] Task 2 completed
[COMM] Starting packet creation
[Service] Resume execution - Task 2
[Service] Resume checkpoint: 4
[Service] Resume progress: 20%
[COMM Resume] Checkpoint: 4
[COMM Resume] Continuing from CREATE
RPT,64808,0,UNSET,CREATE,4793,0
[COMM] Packet created ID: 4793
[COMM] Payload: TEMP: 30.25
[Sensor] 30.31
[Service] Resume execution - Task 2
[Service] Resume checkpoint: 5
[Service] Resume progress: 40%
[COMM Resume] Checkpoint: 5
[COMM Resume] PREPARE packet ID: 4790
[COMM] Preparing packet ID: 4790
[Sensor Buffer] Stored: 30.31
[Service] Task 0 completed
[Service] Resume execution - Task 2
[Service] Resume checkpoint: 6
[Service] Resume progress: 60%
[COMM Resume] Checkpoint: 6
[COMM Resume] SEND packet ID: 4790
[COMM BT] Sending: DATA|4790|TEMP: 30.25
[COMM BT] hasClient(): TRUE
[COMM BT] Bytes written: 22/22
RPT,65451,0,UNSET,SEND,4790,1
RPT,65526,0,UNSET,ENERGY,0,0
[Service] Resume execution - Task 2
[Service] Resume checkpoint: 7
[Service] Resume progress: 80%
[COMM] ACK received for packet ID: 4790
[COMM Resume] Checkpoint: 7
[COMM Resume] WAIT_ACK packet ID: 4790
[COMM Resume] ACK already received
[Service] Resume execution - Task 2
[Service] Resume checkpoint: 8
[Service] Resume progress: 95%
[COMM Resume] Checkpoint: 8
[COMM Resume] CONFIRM packet ID: 4790
RPT,66481,0,UNSET,CONFIRM,4790,1
[COMM] Packet confirmed: 4790
[Service] Task 2 completed
[Sensor] 30.31
[COMM] Starting packet creation
[Sensor Buffer] Stored: 30.31
[Service] Task 0 completed
[Service] Resume execution - Task 2
[Service] Resume checkpoint: 4
[Service] Resume progress: 20%
[COMM Resume] Checkpoint: 4
[COMM Resume] Continuing from CREATE
RPT,66993,0,UNSET,CREATE,4794,0
[COMM] Packet created ID: 4794
[COMM] Payload: TEMP: 30.31
[Service] Resume execution - Task 2
[Service] Resume checkpoint: 5
[Service] Resume progress: 40%
[COMM Resume] Checkpoint: 5
[COMM Resume] PREPARE packet ID: 4791
[COMM] Preparing packet ID: 4791
[Service] Resume execution - Task 2
[Service] Resume checkpoint: 6
[Service] Resume progress: 60%
[COMM RX] Remote data (packet 88): ENERGY_TEST: 580613
[COMM TX] ACK|88
[COMM BT] hasClient(): TRUE
[COMM BT] Bytes written: 7/7
[COMM Resume] Checkpoint: 6
[COMM Resume] SEND packet ID: 4791
[COMM BT] Sending: DATA|4791|TEMP: 30.25
[COMM BT] hasClient(): TRUE
[COMM BT] Bytes written: 22/22
RPT,68244,0,UNSET,SEND,4791,1
RPT,68319,0,UNSET,ENERGY,0,0
[Sensor] 30.31
[Service] Resume execution - Task 2
[Service] Resume checkpoint: 7
[Service] Resume progress: 80%
[COMM] ACK received for packet ID: 4791
[COMM Resume] Checkpoint: 7
[COMM Resume] WAIT_ACK packet ID: 4791
[COMM Resume] ACK already received
[Sensor Buffer] Stored: 30.31
[Service] Task 0 completed
[Service] Resume execution - Task 2
[Service] Resume checkpoint: 8
[Service] Resume progress: 95%
[COMM Resume] Checkpoint: 8
[COMM Resume] CONFIRM packet ID: 4791
RPT,68767,0,UNSET,CONFIRM,4791,1
[COMM] Packet confirmed: 4791
[Service] Task 2 completed
[COMM] Starting packet creation
[Service] Resume execution - Task 2
[Service] Resume checkpoint: 4
[Service] Resume progress: 20%
[COMM Resume] Checkpoint: 4
[COMM Resume] Continuing from CREATE
RPT,69796,0,UNSET,CREATE,4795,0
[COMM] Packet created ID: 4795
[COMM] Payload: TEMP: 30.31
[Sensor] 30.31
[Service] Resume execution - Task 2
[Service] Resume checkpoint: 5
[Service] Resume progress: 40%
[COMM Resume] Checkpoint: 5
[COMM Resume] PREPARE packet ID: 4792
[COMM] Preparing packet ID: 4792
[Sensor Buffer] Stored: 30.31
[Service] Task 0 completed
[Service] Resume execution - Task 2
[Service] Resume checkpoint: 6
[Service] Resume progress: 60%
[COMM Resume] Checkpoint: 6
[COMM Resume] SEND packet ID: 4792
[COMM BT] Sending: DATA|4792|TEMP: 30.25
[COMM BT] hasClient(): TRUE
[COMM BT] Bytes written: 22/22
RPT,70439,0,UNSET,SEND,4792,1
RPT,70514,0,UNSET,ENERGY,0,0
[Service] Resume execution - Task 2
[Service] Resume checkpoint: 7
[Service] Resume progress: 80%
[COMM] ACK received for packet ID: 4792
[COMM Resume] Checkpoint: 7
[COMM Resume] WAIT_ACK packet ID: 4792
[COMM Resume] ACK already received
[Service] Resume execution - Task 2
[Service] Resume checkpoint: 8
[Service] Resume progress: 95%
[COMM Resume] Checkpoint: 8
[COMM Resume] CONFIRM packet ID: 4792
RPT,71469,0,UNSET,CONFIRM,4792,1
[COMM] Packet confirmed: 4792
[Service] Task 2 completed
[Sensor] 30.37
[COMM] Starting packet creation
[Sensor Buffer] Stored: 30.37
[Service] Task 0 completed
[Service] Resume execution - Task 2
[Service] Resume checkpoint: 4
[Service] Resume progress: 20%
[COMM Resume] Checkpoint: 4
[COMM Resume] Continuing from CREATE
RPT,71981,0,UNSET,CREATE,4796,0
[COMM] Packet created ID: 4796
[COMM] Payload: TEMP: 30.38
[Service] Resume execution - Task 2
[Service] Resume checkpoint: 5
[Service] Resume progress: 40%
[COMM Resume] Checkpoint: 5
[COMM Resume] PREPARE packet ID: 4793
[COMM] Preparing packet ID: 4793
[Service] Resume execution - Task 2
[Service] Resume checkpoint: 6
[Service] Resume progress: 60%
[COMM Resume] Checkpoint: 6
[COMM Resume] SEND packet ID: 4793
[COMM BT] Sending: DATA|4793|TEMP: 30.25
[COMM BT] hasClient(): TRUE
[COMM BT] Bytes written: 22/22
RPT,73122,0,UNSET,SEND,4793,1
RPT,73197,0,UNSET,ENERGY,0,0
[Sensor] 30.37
[Service] Resume execution - Task 2
[Service] Resume checkpoint: 7
[Service] Resume progress: 80%
[COMM] ACK received for packet ID: 4793
[COMM RX] Remote data (packet 89): ENERGY_TEST: 586453
[COMM TX] ACK|89
[COMM BT] hasClient(): TRUE
[COMM BT] Bytes written: 7/7
[COMM Resume] Checkpoint: 7
[COMM Resume] WAIT_ACK packet ID: 4793
[COMM Resume] ACK already received
[Sensor Buffer] Stored: 30.37
[Service] Task 0 completed
[Service] Resume execution - Task 2
[Service] Resume checkpoint: 8
[Service] Resume progress: 95%
[COMM Resume] Checkpoint: 8
[COMM Resume] CONFIRM packet ID: 4793
RPT,73756,0,UNSET,CONFIRM,4793,1
[COMM] Packet confirmed: 4793
[Service] Task 2 completed
[COMM] Starting packet creation
[Service] Resume execution - Task 2
[Service] Resume checkpoint: 4
[Service] Resume progress: 20%
[COMM Resume] Checkpoint: 4
[COMM Resume] Continuing from CREATE
RPT,74785,0,UNSET,CREATE,4797,0
[COMM] Packet created ID: 4797
[COMM] Payload: TEMP: 30.38
[Sensor] 30.31
[Service] Resume execution - Task 2
[Service] Resume checkpoint: 5
[Service] Resume progress: 40%
[COMM Resume] Checkpoint: 5
[COMM Resume] PREPARE packet ID: 4794
[COMM] Preparing packet ID: 4794
[Sensor Buffer] Stored: 30.31
[Service] Task 0 completed
[Service] Resume execution - Task 2
[Service] Resume checkpoint: 6
[Service] Resume progress: 60%
[COMM Resume] Checkpoint: 6
[COMM Resume] SEND packet ID: 4794
[COMM BT] Sending: DATA|4794|TEMP: 30.31
[COMM BT] hasClient(): TRUE
[COMM BT] Bytes written: 22/22
RPT,75428,0,UNSET,SEND,4794,1
RPT,75503,0,UNSET,ENERGY,0,0
[Service] Resume execution - Task 2
[Service] Resume checkpoint: 7
[Service] Resume progress: 80%
[COMM] ACK received for packet ID: 4794
[COMM Resume] Checkpoint: 7
[COMM Resume] WAIT_ACK packet ID: 4794
[COMM Resume] ACK already received
[Service] Resume execution - Task 2
[Service] Resume checkpoint: 8
[Service] Resume progress: 95%
[COMM Resume] Checkpoint: 8
[COMM Resume] CONFIRM packet ID: 4794
RPT,76458,0,UNSET,CONFIRM,4794,1
[COMM] Packet confirmed: 4794
[Service] Task 2 completed
[Sensor] 30.31
[COMM] Starting packet creation
[Sensor Buffer] Stored: 30.31
[Service] Task 0 completed
[Service] Resume execution - Task 2
[Service] Resume checkpoint: 4
[Service] Resume progress: 20%
[COMM Resume] Checkpoint: 4
[COMM Resume] Continuing from CREATE
RPT,76971,0,UNSET,CREATE,4798,0
[COMM] Packet created ID: 4798
[COMM] Payload: TEMP: 30.31
[Service] Resume execution - Task 2
[Service] Resume checkpoint: 5
[Service] Resume progress: 40%
[COMM Resume] Checkpoint: 5
[COMM Resume] PREPARE packet ID: 4795
[COMM] Preparing packet ID: 4795
[Service] Resume execution - Task 2
[Service] Resume checkpoint: 6
[Service] Resume progress: 60%
[COMM Resume] Checkpoint: 6
[COMM Resume] SEND packet ID: 4795
[COMM BT] Sending: DATA|4795|TEMP: 30.31
[COMM BT] hasClient(): TRUE
[COMM BT] Bytes written: 22/22
RPT,78111,0,UNSET,SEND,4795,1
RPT,78186,0,UNSET,ENERGY,0,0
[Sensor] 30.31
[Service] Resume execution - Task 2
[Service] Resume checkpoint: 7
[Service] Resume progress: 80%
[COMM] ACK received for packet ID: 4795
[COMM Resume] Checkpoint: 7
[COMM Resume] WAIT_ACK packet ID: 4795
[COMM Resume] ACK already received
[Sensor Buffer] Stored: 30.31
[Service] Task 0 completed
[Service] Resume execution - Task 2
[Service] Resume checkpoint: 8
[Service] Resume progress: 95%
[COMM RX] Remote data (packet 90): ENERGY_TEST: 591713
[COMM TX] ACK|90
[COMM BT] hasClient(): TRUE
[COMM BT] Bytes written: 7/7
[COMM Resume] Checkpoint: 8
[COMM Resume] CONFIRM packet ID: 4795
RPT,78734,0,UNSET,CONFIRM,4795,1
[COMM] Packet confirmed: 4795
[Service] Task 2 completed
[COMM] Starting packet creation
[Service] Resume execution - Task 2
[Service] Resume checkpoint: 4
[Service] Resume progress: 20%
[COMM Resume] Checkpoint: 4
[COMM Resume] Continuing from CREATE
RPT,79763,0,UNSET,CREATE,4799,0
[COMM] Packet created ID: 4799
[COMM] Payload: TEMP: 30.31
[Sensor] 30.31
[Service] Resume execution - Task 2
[Service] Resume checkpoint: 5
[Service] Resume progress: 40%
[COMM Resume] Checkpoint: 5
[COMM Resume] PREPARE packet ID: 4796
[COMM] Preparing packet ID: 4796
[Sensor Buffer] Stored: 30.31
[Service] Task 0 completed
[Service] Resume execution - Task 2
[Service] Resume checkpoint: 6
[Service] Resume progress: 60%
[COMM Resume] Checkpoint: 6
[COMM Resume] SEND packet ID: 4796
[COMM BT] Sending: DATA|4796|TEMP: 30.38
[COMM BT] hasClient(): TRUE
[COMM BT] Bytes written: 22/22
RPT,80406,0,UNSET,SEND,4796,1
RPT,80481,0,UNSET,ENERGY,0,0
[Service] Resume execution - Task 2
[Service] Resume checkpoint: 7
[Service] Resume progress: 80%
[COMM] ACK received for packet ID: 4796
[COMM Resume] Checkpoint: 7
[COMM Resume] WAIT_ACK packet ID: 4796
[COMM Resume] ACK already received
[Service] Resume execution - Task 2
[Service] Resume checkpoint: 8
[Service] Resume progress: 95%
[COMM Resume] Checkpoint: 8
[COMM Resume] CONFIRM packet ID: 4796
RPT,81436,0,UNSET,CONFIRM,4796,1
[COMM] Packet confirmed: 4796
[Service] Task 2 completed
[Sensor] 30.37
[COMM] Starting packet creation
[Sensor Buffer] Stored: 30.37
[Service] Task 0 completed
[Service] Resume execution - Task 2
[Service] Resume checkpoint: 4
[Service] Resume progress: 20%
[COMM Resume] Checkpoint: 4
[COMM Resume] Continuing from CREATE
RPT,81948,0,UNSET,CREATE,4800,0
[COMM] Packet created ID: 4800
[COMM] Payload: TEMP: 30.38
[Service] Resume execution - Task 2
[Service] Resume checkpoint: 5
[Service] Resume progress: 40%
[COMM Resume] Checkpoint: 5
[COMM Resume] PREPARE packet ID: 4797
[COMM] Preparing packet ID: 4797
[Service] Resume execution - Task 2
[Service] Resume checkpoint: 6
[Service] Resume progress: 60%
[COMM Resume] Checkpoint: 6
[COMM Resume] SEND packet ID: 4797
[COMM BT] Sending: DATA|4797|TEMP: 30.38
[COMM BT] hasClient(): TRUE
[COMM BT] Bytes written: 22/22
RPT,83089,0,UNSET,SEND,4797,1
RPT,83164,0,UNSET,ENERGY,0,0
[Sensor] 30.37
[Service] Resume execution - Task 2
[Service] Resume checkpoint: 7
[Service] Resume progress: 80%
[COMM] ACK received for packet ID: 4797
[COMM Resume] Checkpoint: 7
[COMM Resume] WAIT_ACK packet ID: 4797
[COMM Resume] ACK already received
[Sensor Buffer] Stored: 30.37
[Service] Task 0 completed
[Service] Resume execution - Task 2
[Service] Resume checkpoint: 8
[Service] Resume progress: 95%
[COMM Resume] Checkpoint: 8
[COMM Resume] CONFIRM packet ID: 4797
RPT,83612,0,UNSET,CONFIRM,4797,1
[COMM] Packet confirmed: 4797
[Service] Task 2 completed
[COMM RX] Remote data (packet 91): ENERGY_TEST: 596963
[COMM TX] ACK|91
[COMM BT] hasClient(): TRUE
[COMM BT] Bytes written: 7/7
[COMM] Starting packet creation
[Service] Resume execution - Task 2
[Service] Resume checkpoint: 4
[Service] Resume progress: 20%
[COMM Resume] Checkpoint: 4
[COMM Resume] Continuing from CREATE
RPT,84741,0,UNSET,CREATE,4801,0
[COMM] Packet created ID: 4801
[COMM] Payload: TEMP: 30.38
[Sensor] 30.31
[Service] Resume execution - Task 2
[Service] Resume checkpoint: 5
[Service] Resume progress: 40%
[COMM Resume] Checkpoint: 5
[COMM Resume] PREPARE packet ID: 4798
[COMM] Preparing packet ID: 4798
[Sensor Buffer] Stored: 30.31
[Service] Task 0 completed
[Service] Resume execution - Task 2
[Service] Resume checkpoint: 6
[Service] Resume progress: 60%
[COMM Resume] Checkpoint: 6
[COMM Resume] SEND packet ID: 4798
[COMM BT] Sending: DATA|4798|TEMP: 30.31
[COMM BT] hasClient(): TRUE
[COMM BT] Bytes written: 22/22
RPT,85384,0,UNSET,SEND,4798,1
RPT,85459,0,UNSET,ENERGY,0,0
[Service] Resume execution - Task 2
[Service] Resume checkpoint: 7
[Service] Resume progress: 80%
[COMM] ACK received for packet ID: 4798
[COMM Resume] Checkpoint: 7
[COMM Resume] WAIT_ACK packet ID: 4798
[COMM Resume] ACK already received
[Service] Resume execution - Task 2
[Service] Resume checkpoint: 8
[Service] Resume progress: 95%
[COMM Resume] Checkpoint: 8
[COMM Resume] CONFIRM packet ID: 4798
RPT,86414,0,UNSET,CONFIRM,4798,1
[COMM] Packet confirmed: 4798
[Service] Task 2 completed
[Sensor] 30.31
[COMM] Starting packet creation
[Sensor Buffer] Stored: 30.31
[Service] Task 0 completed
[Service] Resume execution - Task 2
[Service] Resume checkpoint: 4
[Service] Resume progress: 20%
[COMM Resume] Checkpoint: 4
[COMM Resume] Continuing from CREATE
RPT,86926,0,UNSET,CREATE,4802,0
[COMM] Packet created ID: 4802
[COMM] Payload: TEMP: 30.31
[Service] Resume execution - Task 2
[Service] Resume checkpoint: 5
[Service] Resume progress: 40%
[COMM Resume] Checkpoint: 5
[COMM Resume] PREPARE packet ID: 4799
[COMM] Preparing packet ID: 4799
[Service] Resume execution - Task 2
[Service] Resume checkpoint: 6
[Service] Resume progress: 60%
[COMM Resume] Checkpoint: 6
[COMM Resume] SEND packet ID: 4799
[COMM BT] Sending: DATA|4799|TEMP: 30.31
[COMM BT] hasClient(): TRUE
[COMM BT] Bytes written: 22/22
RPT,88067,0,UNSET,SEND,4799,1
RPT,88142,0,UNSET,ENERGY,0,0
[Sensor] 30.31
[Service] Resume execution - Task 2
[Service] Resume checkpoint: 7
[Service] Resume progress: 80%
[COMM] ACK received for packet ID: 4799
[COMM Resume] Checkpoint: 7
[COMM Resume] WAIT_ACK packet ID: 4799
[COMM Resume] ACK already received
[Sensor Buffer] Stored: 30.31
[Service] Task 0 completed
[Service] Resume execution - Task 2
[Service] Resume checkpoint: 8
[Service] Resume progress: 95%
[COMM Resume] Checkpoint: 8
[COMM Resume] CONFIRM packet ID: 4799
RPT,88590,0,UNSET,CONFIRM,4799,1
[COMM] Packet confirmed: 4799
[Service] Task 2 completed
[COMM] Starting packet creation
[Service] Resume execution - Task 2
[Service] Resume checkpoint: 4
[Service] Resume progress: 20%
[COMM RX] Remote data (packet 92): ENERGY_TEST: 602213
[COMM TX] ACK|92
[COMM BT] hasClient(): TRUE
[COMM BT] Bytes written: 7/7
[COMM Resume] Checkpoint: 4
[COMM Resume] Continuing from CREATE
RPT,89719,0,UNSET,CREATE,4803,0
[COMM] Packet created ID: 4803
[COMM] Payload: TEMP: 30.31
[Sensor] 30.37
[Service] Resume execution - Task 2
[Service] Resume checkpoint: 5
[Service] Resume progress: 40%
[COMM Resume] Checkpoint: 5
[COMM Resume] PREPARE packet ID: 4800
[COMM] Preparing packet ID: 4800
[Sensor Buffer] Stored: 30.37
[Service] Task 0 completed
[Service] Resume execution - Task 2
[Service] Resume checkpoint: 6
[Service] Resume progress: 60%
[COMM Resume] Checkpoint: 6
[COMM Resume] SEND packet ID: 4800
[COMM BT] Sending: DATA|4800|TEMP: 30.38
[COMM BT] hasClient(): TRUE
[COMM BT] Bytes written: 22/22
RPT,90362,0,UNSET,SEND,4800,1
RPT,90437,0,UNSET,ENERGY,0,0
[Service] Resume execution - Task 2
[Service] Resume checkpoint: 7
[Service] Resume progress: 80%
[COMM] ACK received for packet ID: 4800
[COMM Resume] Checkpoint: 7
[COMM Resume] WAIT_ACK packet ID: 4800
[COMM Resume] ACK already received
[Service] Resume execution - Task 2
[Service] Resume checkpoint: 8
[Service] Resume progress: 95%
[COMM Resume] Checkpoint: 8
[COMM Resume] CONFIRM packet ID: 4800
RPT,91392,0,UNSET,CONFIRM,4800,1
[COMM] Packet confirmed: 4800
[Service] Task 2 completed
[Sensor] 30.37
[COMM] Starting packet creation
[Sensor Buffer] Stored: 30.37
[Service] Task 0 completed
[Service] Resume execution - Task 2
[Service] Resume checkpoint: 4
[Service] Resume progress: 20%
[COMM Resume] Checkpoint: 4
[COMM Resume] Continuing from CREATE
RPT,91905,0,UNSET,CREATE,4804,0
[COMM] Packet created ID: 4804
[COMM] Payload: TEMP: 30.38
[Service] Resume execution - Task 2
[Service] Resume checkpoint: 5
[Service] Resume progress: 40%
[COMM Resume] Checkpoint: 5
[COMM Resume] PREPARE packet ID: 4801
[COMM] Preparing packet ID: 4801
[Service] Resume execution - Task 2
[Service] Resume checkpoint: 6
[Service] Resume progress: 60%
[COMM Resume] Checkpoint: 6
[COMM Resume] SEND packet ID: 4801
[COMM BT] Sending: DATA|4801|TEMP: 30.38
[COMM BT] hasClient(): TRUE
[COMM BT] Bytes written: 22/22
RPT,93045,0,UNSET,SEND,4801,1
RPT,93120,0,UNSET,ENERGY,0,0
[Sensor] 30.31
[Service] Resume execution - Task 2
[Service] Resume checkpoint: 7
[Service] Resume progress: 80%
[COMM] ACK received for packet ID: 4801
[COMM Resume] Checkpoint: 7
[COMM Resume] WAIT_ACK packet ID: 4801
[COMM Resume] ACK already received
[Sensor Buffer] Stored: 30.31
[Service] Task 0 completed
[Service] Resume execution - Task 2
[Service] Resume checkpoint: 8
[Service] Resume progress: 95%
[COMM Resume] Checkpoint: 8
[COMM Resume] CONFIRM packet ID: 4801
RPT,93568,0,UNSET,CONFIRM,4801,1
[COMM] Packet confirmed: 4801
[Service] Task 2 completed
[COMM] Starting packet creation
[Service] Resume execution - Task 2
[Service] Resume checkpoint: 4
[Service] Resume progress: 20%
[COMM Resume] Checkpoint: 4
[COMM Resume] Continuing from CREATE
RPT,94597,0,UNSET,CREATE,4805,0
[COMM] Packet created ID: 4805
[COMM] Payload: TEMP: 30.31
[Sensor] 30.31
[Service] Resume execution - Task 2
[Service] Resume checkpoint: 5
[Service] Resume progress: 40%
[COMM RX] Remote data (packet 93): ENERGY_TEST: 607943
[COMM TX] ACK|93
[COMM BT] hasClient(): TRUE
[COMM BT] Bytes written: 7/7
[COMM Resume] Checkpoint: 5
[COMM Resume] PREPARE packet ID: 4802
[COMM] Preparing packet ID: 4802
[Sensor Buffer] Stored: 30.31
[Service] Task 0 completed
[Service] Resume execution - Task 2
[Service] Resume checkpoint: 6
[Service] Resume progress: 60%
[COMM Resume] Checkpoint: 6
[COMM Resume] SEND packet ID: 4802
[COMM BT] Sending: DATA|4802|TEMP: 30.31
[COMM BT] hasClient(): TRUE
[COMM BT] Bytes written: 22/22
RPT,95340,0,UNSET,SEND,4802,1
RPT,95415,0,UNSET,ENERGY,0,0
[Service] Resume execution - Task 2
[Service] Resume checkpoint: 7
[Service] Resume progress: 80%
[COMM] ACK received for packet ID: 4802
[COMM Resume] Checkpoint: 7
[COMM Resume] WAIT_ACK packet ID: 4802
[COMM Resume] ACK already received
[Service] Resume execution - Task 2
[Service] Resume checkpoint: 8
[Service] Resume progress: 95%
[COMM Resume] Checkpoint: 8
[COMM Resume] CONFIRM packet ID: 4802
RPT,96370,0,UNSET,CONFIRM,4802,1
[COMM] Packet confirmed: 4802
[Service] Task 2 completed
[Sensor] 30.37
[COMM] Starting packet creation
[Sensor Buffer] Stored: 30.37
[Service] Task 0 completed
[Service] Resume execution - Task 2
[Service] Resume checkpoint: 4
[Service] Resume progress: 20%
[COMM Resume] Checkpoint: 4
[COMM Resume] Continuing from CREATE
RPT,96883,0,UNSET,CREATE,4806,0
[COMM] Packet created ID: 4806
[COMM] Payload: TEMP: 30.38
[Service] Resume execution - Task 2
[Service] Resume checkpoint: 5
[Service] Resume progress: 40%
[COMM Resume] Checkpoint: 5
[COMM Resume] PREPARE packet ID: 4803
[COMM] Preparing packet ID: 4803
[Service] Resume execution - Task 2
[Service] Resume checkpoint: 6
[Service] Resume progress: 60%
[COMM Resume] Checkpoint: 6
[COMM Resume] SEND packet ID: 4803
[COMM BT] Sending: DATA|4803|TEMP: 30.31
[COMM BT] hasClient(): TRUE
[COMM BT] Bytes written: 22/22
RPT,98023,0,UNSET,SEND,4803,1
RPT,98098,0,UNSET,ENERGY,0,0
[Sensor] 30.31
[Service] Resume execution - Task 2
[Service] Resume checkpoint: 7
[Service] Resume progress: 80%
[COMM] ACK received for packet ID: 4803
[COMM Resume] Checkpoint: 7
[COMM Resume] WAIT_ACK packet ID: 4803
[COMM Resume] ACK already received
[Sensor Buffer] Stored: 30.31
[Service] Task 0 completed
[Service] Resume execution - Task 2
[Service] Resume checkpoint: 8
[Service] Resume progress: 95%
[COMM Resume] Checkpoint: 8
[COMM Resume] CONFIRM packet ID: 4803
RPT,98546,0,UNSET,CONFIRM,4803,1
[COMM] Packet confirmed: 4803
[Service] Task 2 completed
[COMM] Starting packet creation
[Service] Resume execution - Task 2
[Service] Resume checkpoint: 4
[Service] Resume progress: 20%
[COMM Resume] Checkpoint: 4
[COMM Resume] Continuing from CREATE
RPT,99575,0,UNSET,CREATE,4807,0
[COMM] Packet created ID: 4807
[COMM] Payload: TEMP: 30.31
[Sensor] 30.37
[Service] Resume execution - Task 2
[Service] Resume checkpoint: 5
[Service] Resume progress: 40%
[COMM Resume] Checkpoint: 5
[COMM Resume] PREPARE packet ID: 4804
[COMM] Preparing packet ID: 4804
[Sensor Buffer] Stored: 30.37
[Service] Task 0 completed
[Service] Resume execution - Task 2
[Service] Resume checkpoint: 6
[Service] Resume progress: 60%
[COMM RX] Remote data (packet 94): ENERGY_TEST: 613193
[COMM TX] ACK|94
[COMM BT] hasClient(): TRUE
[COMM BT] Bytes written: 7/7
[COMM Resume] Checkpoint: 6
[COMM Resume] SEND packet ID: 4804
[COMM BT] Sending: DATA|4804|TEMP: 30.38
[COMM BT] hasClient(): TRUE
[COMM BT] Bytes written: 22/22
RPT,100318,0,UNSET,SEND,4804,1
RPT,100393,0,UNSET,ENERGY,0,0
[Service] Resume execution - Task 2
[Service] Resume checkpoint: 7
[Service] Resume progress: 80%
[COMM] ACK received for packet ID: 4804
[COMM Resume] Checkpoint: 7
[COMM Resume] WAIT_ACK packet ID: 4804
[COMM Resume] ACK already received
[Service] Resume execution - Task 2
[Service] Resume checkpoint: 8
[Service] Resume progress: 95%
[COMM Resume] Checkpoint: 8
[COMM Resume] CONFIRM packet ID: 4804
RPT,101348,0,UNSET,CONFIRM,4804,1
[COMM] Packet confirmed: 4804
[Service] Task 2 completed
[Sensor] 30.37
[COMM] Starting packet creation
[Sensor Buffer] Stored: 30.37
[Service] Task 0 completed
[Service] Resume execution - Task 2
[Service] Resume checkpoint: 4
[Service] Resume progress: 20%
[COMM Resume] Checkpoint: 4
[COMM Resume] Continuing from CREATE
RPT,101860,0,UNSET,CREATE,4808,0
[COMM] Packet created ID: 4808
[COMM] Payload: TEMP: 30.38
[Service] Resume execution - Task 2
[Service] Resume checkpoint: 5
[Service] Resume progress: 40%
[COMM Resume] Checkpoint: 5
[COMM Resume] PREPARE packet ID: 4805
[COMM] Preparing packet ID: 4805
[Service] Resume execution - Task 2
[Service] Resume checkpoint: 6
[Service] Resume progress: 60%
[COMM Resume] Checkpoint: 6
[COMM Resume] SEND packet ID: 4805
[COMM BT] Sending: DATA|4805|TEMP: 30.31
[COMM BT] hasClient(): TRUE
[COMM BT] Bytes written: 22/22
RPT,103001,0,UNSET,SEND,4805,1
RPT,103076,0,UNSET,ENERGY,0,0
[Sensor] 30.37
[Service] Resume execution - Task 2
[Service] Resume checkpoint: 7
[Service] Resume progress: 80%
[COMM] ACK received for packet ID: 4805
[COMM Resume] Checkpoint: 7
[COMM Resume] WAIT_ACK packet ID: 4805
[COMM Resume] ACK already received
[Sensor Buffer] Stored: 30.37
[Service] Task 0 completed
[Service] Resume execution - Task 2
[Service] Resume checkpoint: 8
[Service] Resume progress: 95%
[COMM Resume] Checkpoint: 8
[COMM Resume] CONFIRM packet ID: 4805
RPT,103524,0,UNSET,CONFIRM,4805,1
[COMM] Packet confirmed: 4805
[Service] Task 2 completed
[COMM] Starting packet creation
[Service] Resume execution - Task 2
[Service] Resume checkpoint: 4
[Service] Resume progress: 20%
[COMM Resume] Checkpoint: 4
[COMM Resume] Continuing from CREATE
RPT,104553,0,UNSET,CREATE,4809,0
[COMM] Packet created ID: 4809
[COMM] Payload: TEMP: 30.38
[Sensor] 30.31
[Service] Resume execution - Task 2
[Service] Resume checkpoint: 5
[Service] Resume progress: 40%
[COMM Resume] Checkpoint: 5
[COMM Resume] PREPARE packet ID: 4806
[COMM] Preparing packet ID: 4806
[Sensor Buffer] Stored: 30.31
[Service] Task 0 completed
[Service] Resume execution - Task 2
[Service] Resume checkpoint: 6
[Service] Resume progress: 60%
[COMM Resume] Checkpoint: 6
[COMM Resume] SEND packet ID: 4806
[COMM BT] Sending: DATA|4806|TEMP: 30.38
[COMM BT] hasClient(): TRUE
[COMM BT] Bytes written: 22/22
RPT,105197,0,UNSET,SEND,4806,1
RPT,105272,0,UNSET,ENERGY,0,0
[Service] Resume execution - Task 2
[Service] Resume checkpoint: 7
[Service] Resume progress: 80%
[COMM] ACK received for packet ID: 4806
[COMM RX] Remote data (packet 95): ENERGY_TEST: 618523
[COMM TX] ACK|95
[COMM BT] hasClient(): TRUE
[COMM BT] Bytes written: 7/7
[COMM Resume] Checkpoint: 7
[COMM Resume] WAIT_ACK packet ID: 4806
[COMM Resume] ACK already received
[Service] Resume execution - Task 2
[Service] Resume checkpoint: 8
[Service] Resume progress: 95%
[COMM Resume] Checkpoint: 8
[COMM Resume] CONFIRM packet ID: 4806
RPT,106338,0,UNSET,CONFIRM,4806,1
[COMM] Packet confirmed: 4806
[Service] Task 2 completed
[Sensor] 30.31
[COMM] Starting packet creation
[Sensor Buffer] Stored: 30.31
[Service] Task 0 completed
[Service] Resume execution - Task 2
[Service] Resume checkpoint: 4
[Service] Resume progress: 20%
[COMM Resume] Checkpoint: 4
[COMM Resume] Continuing from CREATE
RPT,106850,0,UNSET,CREATE,4810,0
[COMM] Packet created ID: 4810
[COMM] Payload: TEMP: 30.31
[Service] Resume execution - Task 2
[Service] Resume checkpoint: 5
[Service] Resume progress: 40%
[COMM Resume] Checkpoint: 5
[COMM Resume] PREPARE packet ID: 4807
[COMM] Preparing packet ID: 4807
[Service] Resume execution - Task 2
[Service] Resume checkpoint: 6
[Service] Resume progress: 60%
[COMM Resume] Checkpoint: 6
[COMM Resume] SEND packet ID: 4807
[COMM BT] Sending: DATA|4807|TEMP: 30.31
[COMM BT] hasClient(): TRUE
[COMM BT] Bytes written: 22/22
RPT,107991,0,UNSET,SEND,4807,1
RPT,108066,0,UNSET,ENERGY,0,0
[Sensor] 30.31
[Service] Resume execution - Task 2
[Service] Resume checkpoint: 7
[Service] Resume progress: 80%
[COMM] ACK received for packet ID: 4807
[COMM Resume] Checkpoint: 7
[COMM Resume] WAIT_ACK packet ID: 4807
[COMM Resume] ACK already received
[Sensor Buffer] Stored: 30.31
[Service] Task 0 completed
[Service] Resume execution - Task 2
[Service] Resume checkpoint: 8
[Service] Resume progress: 95%
[COMM Resume] Checkpoint: 8
[COMM Resume] CONFIRM packet ID: 4807
RPT,108514,0,UNSET,CONFIRM,4807,1
[COMM] Packet confirmed: 4807
[Service] Task 2 completed
[COMM] Starting packet creation
[Service] Resume execution - Task 2
[Service] Resume checkpoint: 4
[Service] Resume progress: 20%
[COMM Resume] Checkpoint: 4
[COMM Resume] Continuing from CREATE
RPT,109543,0,UNSET,CREATE,4811,0
[COMM] Packet created ID: 4811
[COMM] Payload: TEMP: 30.31
[Sensor] 30.37
[Service] Resume execution - Task 2
[Service] Resume checkpoint: 5
[Service] Resume progress: 40%
[COMM Resume] Checkpoint: 5
[COMM Resume] PREPARE packet ID: 4808
[COMM] Preparing packet ID: 4808
[Sensor Buffer] Stored: 30.37
[Service] Task 0 completed
[Service] Resume execution - Task 2
[Service] Resume checkpoint: 6
[Service] Resume progress: 60%
[COMM Resume] Checkpoint: 6
[COMM Resume] SEND packet ID: 4808
[COMM BT] Sending: DATA|4808|TEMP: 30.38
[COMM BT] hasClient(): TRUE
[COMM BT] Bytes written: 22/22
RPT,110186,0,UNSET,SEND,4808,1
RPT,110261,0,UNSET,ENERGY,0,0
[Service] Resume execution - Task 2
[Service] Resume checkpoint: 7
[Service] Resume progress: 80%
[COMM] ACK received for packet ID: 4808
[COMM Resume] Checkpoint: 7
[COMM Resume] WAIT_ACK packet ID: 4808
[COMM Resume] ACK already received
[Service] Resume execution - Task 2
[Service] Resume checkpoint: 8
[Service] Resume progress: 95%
[COMM RX] Remote data (packet 96): ENERGY_TEST: 623783
[COMM TX] ACK|96
[COMM BT] hasClient(): TRUE
[COMM BT] Bytes written: 7/7
[COMM Resume] Checkpoint: 8
[COMM Resume] CONFIRM packet ID: 4808
RPT,111316,0,UNSET,CONFIRM,4808,1
[COMM] Packet confirmed: 4808
[Service] Task 2 completed
[Sensor] 30.37
[COMM] Starting packet creation
[Sensor Buffer] Stored: 30.37
[Service] Task 0 completed
[Service] Resume execution - Task 2
[Service] Resume checkpoint: 4
[Service] Resume progress: 20%
[COMM Resume] Checkpoint: 4
[COMM Resume] Continuing from CREATE
RPT,111839,0,UNSET,CREATE,4812,0
[COMM] Packet created ID: 4812
[COMM] Payload: TEMP: 30.38
[Service] Resume execution - Task 2
[Service] Resume checkpoint: 5
[Service] Resume progress: 40%
[COMM Resume] Checkpoint: 5
[COMM Resume] PREPARE packet ID: 4809
[COMM] Preparing packet ID: 4809
[Service] Resume execution - Task 2
[Service] Resume checkpoint: 6
[Service] Resume progress: 60%
[COMM Resume] Checkpoint: 6
[COMM Resume] SEND packet ID: 4809
[COMM BT] Sending: DATA|4809|TEMP: 30.38
[COMM BT] hasClient(): TRUE
[COMM BT] Bytes written: 22/22
RPT,112979,0,UNSET,SEND,4809,1
RPT,113054,0,UNSET,ENERGY,0,0
[Sensor] 30.31
[Service] Resume execution - Task 2
[Service] Resume checkpoint: 7
[Service] Resume progress: 80%
[COMM] ACK received for packet ID: 4809
[COMM Resume] Checkpoint: 7
[COMM Resume] WAIT_ACK packet ID: 4809
[COMM Resume] ACK already received
[Sensor Buffer] Stored: 30.31
[Service] Task 0 completed
[Service] Resume execution - Task 2
[Service] Resume checkpoint: 8
[Service] Resume progress: 95%
[COMM Resume] Checkpoint: 8
[COMM Resume] CONFIRM packet ID: 4809
RPT,113502,0,UNSET,CONFIRM,4809,1
[COMM] Packet confirmed: 4809
[Service] Task 2 completed
[COMM] Starting packet creation
[Service] Resume execution - Task 2
[Service] Resume checkpoint: 4
[Service] Resume progress: 20%
[COMM Resume] Checkpoint: 4
[COMM Resume] Continuing from CREATE
RPT,114531,0,UNSET,CREATE,4813,0
[COMM] Packet created ID: 4813
[COMM] Payload: TEMP: 30.31
[Sensor] 30.37
[Service] Resume execution - Task 2
[Service] Resume checkpoint: 5
[Service] Resume progress: 40%
[COMM Resume] Checkpoint: 5
[COMM Resume] PREPARE packet ID: 4810
[COMM] Preparing packet ID: 4810
[Sensor Buffer] Stored: 30.37
[Service] Task 0 completed
[Service] Resume execution - Task 2
[Service] Resume checkpoint: 6
[Service] Resume progress: 60%
[COMM Resume] Checkpoint: 6
[COMM Resume] SEND packet ID: 4810
[COMM BT] Sending: DATA|4810|TEMP: 30.31
[COMM BT] hasClient(): TRUE
[COMM BT] Bytes written: 22/22
RPT,115174,0,UNSET,SEND,4810,1
RPT,115249,0,UNSET,ENERGY,0,0
[Service] Resume execution - Task 2
[Service] Resume checkpoint: 7
[Service] Resume progress: 80%
[COMM] ACK received for packet ID: 4810
[COMM Resume] Checkpoint: 7
[COMM Resume] WAIT_ACK packet ID: 4810
[COMM Resume] ACK already received
[Service] Resume execution - Task 2
[Service] Resume checkpoint: 8
[Service] Resume progress: 95%
[COMM Resume] Checkpoint: 8
[COMM Resume] CONFIRM packet ID: 4810
RPT,116204,0,UNSET,CONFIRM,4810,1
[COMM] Packet confirmed: 4810
[Service] Task 2 completed
[Sensor] 30.37
[COMM RX] Remote data (packet 97): ENERGY_TEST: 629543
[COMM TX] ACK|97
[COMM BT] hasClient(): TRUE
[COMM BT] Bytes written: 7/7
[COMM] Starting packet creation
[Sensor Buffer] Stored: 30.37
[Service] Task 0 completed
[Service] Resume execution - Task 2
[Service] Resume checkpoint: 4
[Service] Resume progress: 20%
[COMM Resume] Checkpoint: 4
[COMM Resume] Continuing from CREATE
RPT,116817,0,UNSET,CREATE,4814,0
[COMM] Packet created ID: 4814
[COMM] Payload: TEMP: 30.38
[Service] Resume execution - Task 2
[Service] Resume checkpoint: 5
[Service] Resume progress: 40%
[COMM Resume] Checkpoint: 5
[COMM Resume] PREPARE packet ID: 4811
[COMM] Preparing packet ID: 4811
[Service] Resume execution - Task 2
[Service] Resume checkpoint: 6
[Service] Resume progress: 60%
[COMM Resume] Checkpoint: 6
[COMM Resume] SEND packet ID: 4811
[COMM BT] Sending: DATA|4811|TEMP: 30.31
[COMM BT] hasClient(): TRUE
[COMM BT] Bytes written: 22/22
RPT,117957,0,UNSET,SEND,4811,1
RPT,118032,0,UNSET,ENERGY,0,0
[Sensor] 30.31
[Service] Resume execution - Task 2
[Service] Resume checkpoint: 7
[Service] Resume progress: 80%
[COMM] ACK received for packet ID: 4811
[COMM Resume] Checkpoint: 7
[COMM Resume] WAIT_ACK packet ID: 4811
[COMM Resume] ACK already received
[Sensor Buffer] Stored: 30.31
[Service] Task 0 completed
[Service] Resume execution - Task 2
[Service] Resume checkpoint: 8
[Service] Resume progress: 95%
[COMM Resume] Checkpoint: 8
[COMM Resume] CONFIRM packet ID: 4811
RPT,118480,0,UNSET,CONFIRM,4811,1
[COMM] Packet confirmed: 4811
[Service] Task 2 completed
[COMM] Starting packet creation
[Service] Resume execution - Task 2
[Service] Resume checkpoint: 4
[Service] Resume progress: 20%
[COMM Resume] Checkpoint: 4
[COMM Resume] Continuing from CREATE
RPT,119509,0,UNSET,CREATE,4815,0
[COMM] Packet created ID: 4815
[COMM] Payload: TEMP: 30.31
[Sensor] 30.31
[Service] Resume execution - Task 2
[Service] Resume checkpoint: 5
[Service] Resume progress: 40%
[COMM Resume] Checkpoint: 5
[COMM Resume] PREPARE packet ID: 4812
[COMM] Preparing packet ID: 4812
[Sensor Buffer] Stored: 30.31
[Service] Task 0 completed
[Service] Resume execution - Task 2
[Service] Resume checkpoint: 6
[Service] Resume progress: 60%
[COMM Resume] Checkpoint: 6
[COMM Resume] SEND packet ID: 4812
[COMM BT] Sending: DATA|4812|TEMP: 30.38
[COMM BT] hasClient(): TRUE
[COMM BT] Bytes written: 22/22
RPT,120152,0,UNSET,SEND,4812,1
RPT,120227,0,UNSET,ENERGY,0,0
[Service] Resume execution - Task 2
[Service] Resume checkpoint: 7
[Service] Resume progress: 80%
[COMM] ACK received for packet ID: 4812
[COMM Resume] Checkpoint: 7
[COMM Resume] WAIT_ACK packet ID: 4812
[COMM Resume] ACK already received
[Service] Resume execution - Task 2
[Service] Resume checkpoint: 8
[Service] Resume progress: 95%
[COMM Resume] Checkpoint: 8
[COMM Resume] CONFIRM packet ID: 4812
RPT,121182,0,UNSET,CONFIRM,4812,1
[COMM] Packet confirmed: 4812
[Service] Task 2 completed
[Sensor] 30.31
[COMM] Starting packet creation
[Sensor Buffer] Stored: 30.31
[Service] Task 0 completed
[Service] Resume execution - Task 2
[Service] Resume checkpoint: 4
[Service] Resume progress: 20%
[COMM RX] Remote data (packet 98): ENERGY_TEST: 634783
[COMM TX] ACK|98
[COMM BT] hasClient(): TRUE
[COMM BT] Bytes written: 7/7
[COMM Resume] Checkpoint: 4
[COMM Resume] Continuing from CREATE
RPT,121795,0,UNSET,CREATE,4816,0
[COMM] Packet created ID: 4816
[COMM] Payload: TEMP: 30.31
[Service] Resume execution - Task 2
[Service] Resume checkpoint: 5
[Service] Resume progress: 40%
[COMM Resume] Checkpoint: 5
[COMM Resume] PREPARE packet ID: 4813
[COMM] Preparing packet ID: 4813
[Service] Resume execution - Task 2
[Service] Resume checkpoint: 6
[Service] Resume progress: 60%
[COMM Resume] Checkpoint: 6
[COMM Resume] SEND packet ID: 4813
[COMM BT] Sending: DATA|4813|TEMP: 30.31
[COMM BT] hasClient(): TRUE
[COMM BT] Bytes written: 22/22
RPT,122935,0,UNSET,SEND,4813,1
RPT,123010,0,UNSET,ENERGY,0,0
[Sensor] 30.31
[Service] Resume execution - Task 2
[Service] Resume checkpoint: 7
[Service] Resume progress: 80%
[COMM] ACK received for packet ID: 4813
[COMM Resume] Checkpoint: 7
[COMM Resume] WAIT_ACK packet ID: 4813
[COMM Resume] ACK already received
[Sensor Buffer] Stored: 30.31
[Service] Task 0 completed
[Service] Resume execution - Task 2
[Service] Resume checkpoint: 8
[Service] Resume progress: 95%
[COMM Resume] Checkpoint: 8
[COMM Resume] CONFIRM packet ID: 4813
RPT,123458,0,UNSET,CONFIRM,4813,1
[COMM] Packet confirmed: 4813
[Service] Task 2 completed
[COMM] Starting packet creation
[Service] Resume execution - Task 2
[Service] Resume checkpoint: 4
[Service] Resume progress: 20%
[COMM Resume] Checkpoint: 4
[COMM Resume] Continuing from CREATE
RPT,124487,0,UNSET,CREATE,4817,0
[COMM] Packet created ID: 4817
[COMM] Payload: TEMP: 30.31
[Sensor] 30.31
[Service] Resume execution - Task 2
[Service] Resume checkpoint: 5
[Service] Resume progress: 40%
[COMM Resume] Checkpoint: 5
[COMM Resume] PREPARE packet ID: 4814
[COMM] Preparing packet ID: 4814
[Sensor Buffer] Stored: 30.31
[Service] Task 0 completed
[Service] Resume execution - Task 2
[Service] Resume checkpoint: 6
[Service] Resume progress: 60%
[COMM Resume] Checkpoint: 6
[COMM Resume] SEND packet ID: 4814
[COMM BT] Sending: DATA|4814|TEMP: 30.38
[COMM BT] hasClient(): TRUE
[COMM BT] Bytes written: 22/22
RPT,125130,0,UNSET,SEND,4814,1
RPT,125205,0,UNSET,ENERGY,0,0
[Service] Resume execution - Task 2
[Service] Resume checkpoint: 7
[Service] Resume progress: 80%
[COMM] ACK received for packet ID: 4814
[COMM Resume] Checkpoint: 7
[COMM Resume] WAIT_ACK packet ID: 4814
[COMM Resume] ACK already received
[Service] Resume execution - Task 2
[Service] Resume checkpoint: 8
[Service] Resume progress: 95%
[COMM Resume] Checkpoint: 8
[COMM Resume] CONFIRM packet ID: 4814
RPT,126160,0,UNSET,CONFIRM,4814,1
[COMM] Packet confirmed: 4814
[Service] Task 2 completed
[Sensor] 30.31
[COMM] Starting packet creation
[Sensor Buffer] Stored: 30.31
[Service] Task 0 completed
[Service] Resume execution - Task 2
[Service] Resume checkpoint: 4
[Service] Resume progress: 20%
[COMM Resume] Checkpoint: 4
[COMM Resume] Continuing from CREATE
RPT,126673,0,UNSET,CREATE,4818,0
[COMM] Packet created ID: 4818
[COMM] Payload: TEMP: 30.31
[Service] Resume execution - Task 2
[Service] Resume checkpoint: 5
[Service] Resume progress: 40%
[COMM RX] Remote data (packet 99): ENERGY_TEST: 640023
[COMM TX] ACK|99
[COMM BT] hasClient(): TRUE
[COMM BT] Bytes written: 7/7
[COMM Resume] Checkpoint: 5
[COMM Resume] PREPARE packet ID: 4815
[COMM] Preparing packet ID: 4815
[Service] Resume execution - Task 2
[Service] Resume checkpoint: 6
[Service] Resume progress: 60%
[COMM Resume] Checkpoint: 6
[COMM Resume] SEND packet ID: 4815
[COMM BT] Sending: DATA|4815|TEMP: 30.31
[COMM BT] hasClient(): TRUE
[COMM BT] Bytes written: 22/22
RPT,127913,0,UNSET,SEND,4815,1
RPT,127988,0,UNSET,ENERGY,0,0
[Sensor] 30.31
[Service] Resume execution - Task 2
[Service] Resume checkpoint: 7
[Service] Resume progress: 80%
[COMM] ACK received for packet ID: 4815
[COMM Resume] Checkpoint: 7
[COMM Resume] WAIT_ACK packet ID: 4815
[COMM Resume] ACK already received
[Sensor Buffer] Stored: 30.31
[Service] Task 0 completed
[Service] Resume execution - Task 2
[Service] Resume checkpoint: 8
[Service] Resume progress: 95%
[COMM Resume] Checkpoint: 8
[COMM Resume] CONFIRM packet ID: 4815
RPT,128436,0,UNSET,CONFIRM,4815,1
[COMM] Packet confirmed: 4815
[Service] Task 2 completed
[COMM] Starting packet creation
[Service] Resume execution - Task 2
[Service] Resume checkpoint: 4
[Service] Resume progress: 20%
[COMM Resume] Checkpoint: 4
[COMM Resume] Continuing from CREATE
RPT,129465,0,UNSET,CREATE,4819,0
[COMM] Packet created ID: 4819
[COMM] Payload: TEMP: 30.31
[Sensor] 30.31
[Service] Resume execution - Task 2
[Service] Resume checkpoint: 5
[Service] Resume progress: 40%
[COMM Resume] Checkpoint: 5
[COMM Resume] PREPARE packet ID: 4816
[COMM] Preparing packet ID: 4816
[Sensor Buffer] Stored: 30.31
[Service] Task 0 completed
[Service] Resume execution - Task 2
[Service] Resume checkpoint: 6
[Service] Resume progress: 60%
[COMM Resume] Checkpoint: 6
[COMM Resume] SEND packet ID: 4816
[COMM BT] Sending: DATA|4816|TEMP: 30.31
[COMM BT] hasClient(): TRUE
[COMM BT] Bytes written: 22/22
RPT,130108,0,UNSET,SEND,4816,1
RPT,130183,0,UNSET,ENERGY,0,0
[Service] Resume execution - Task 2
[Service] Resume checkpoint: 7
[Service] Resume progress: 80%
[COMM] ACK received for packet ID: 4816
[COMM Resume] Checkpoint: 7
[COMM Resume] WAIT_ACK packet ID: 4816
[COMM Resume] ACK already received
[Service] Resume execution - Task 2
[Service] Resume checkpoint: 8
[Service] Resume progress: 95%
[COMM Resume] Checkpoint: 8
[COMM Resume] CONFIRM packet ID: 4816
RPT,131138,0,UNSET,CONFIRM,4816,1
[COMM] Packet confirmed: 4816
[Service] Task 2 completed
[Sensor] 30.37
[COMM] Starting packet creation
[Sensor Buffer] Stored: 30.37
[Service] Task 0 completed
[Service] Resume execution - Task 2
[Service] Resume checkpoint: 4
[Service] Resume progress: 20%
[COMM Resume] Checkpoint: 4
[COMM Resume] Continuing from CREATE
RPT,131650,0,UNSET,CREATE,4820,0
[COMM] Packet created ID: 4820
[COMM] Payload: TEMP: 30.38
[Service] Resume execution - Task 2
[Service] Resume checkpoint: 5
[Service] Resume progress: 40%
[COMM Resume] Checkpoint: 5
[COMM Resume] PREPARE packet ID: 4817
[COMM] Preparing packet ID: 4817
[Service] Resume execution - Task 2
[Service] Resume checkpoint: 6
[Service] Resume progress: 60%
[COMM RX] Remote data (packet 100): ENERGY_TEST: 645273
[COMM TX] ACK|100
[COMM BT] hasClient(): TRUE
[COMM BT] Bytes written: 8/8
[COMM Resume] Checkpoint: 6
[COMM Resume] SEND packet ID: 4817
[COMM BT] Sending: DATA|4817|TEMP: 30.31
[COMM BT] hasClient(): TRUE
[COMM BT] Bytes written: 22/22
RPT,132901,0,UNSET,SEND,4817,1
RPT,132976,0,UNSET,ENERGY,0,0
[Sensor] 30.31
[Service] Resume execution - Task 2
[Service] Resume checkpoint: 7
[Service] Resume progress: 80%
[COMM] ACK received for packet ID: 4817
[COMM Resume] Checkpoint: 7
[COMM Resume] WAIT_ACK packet ID: 4817
[COMM Resume] ACK already received
[Sensor Buffer] Stored: 30.31
[Service] Task 0 completed
[Service] Resume execution - Task 2
[Service] Resume checkpoint: 8
[Service] Resume progress: 95%
[COMM Resume] Checkpoint: 8
[COMM Resume] CONFIRM packet ID: 4817
RPT,133424,0,UNSET,CONFIRM,4817,1
[COMM] Packet confirmed: 4817
[Service] Task 2 completed
[COMM] Starting packet creation
[Service] Resume execution - Task 2
[Service] Resume checkpoint: 4
[Service] Resume progress: 20%
[COMM Resume] Checkpoint: 4
[COMM Resume] Continuing from CREATE
RPT,134453,0,UNSET,CREATE,4821,0
[COMM] Packet created ID: 4821
[COMM] Payload: TEMP: 30.31
[Sensor] 30.31
[Service] Resume execution - Task 2
[Service] Resume checkpoint: 5
[Service] Resume progress: 40%
[COMM Resume] Checkpoint: 5
[COMM Resume] PREPARE packet ID: 4818
[COMM] Preparing packet ID: 4818
[Sensor Buffer] Stored: 30.31
[Service] Task 0 completed
[Service] Resume execution - Task 2
[Service] Resume checkpoint: 6
[Service] Resume progress: 60%
[COMM Resume] Checkpoint: 6
[COMM Resume] SEND packet ID: 4818
[COMM BT] Sending: DATA|4818|TEMP: 30.31
[COMM BT] hasClient(): TRUE
[COMM BT] Bytes written: 22/22
RPT,135096,0,UNSET,SEND,4818,1
RPT,135171,0,UNSET,ENERGY,0,0
[Service] Resume execution - Task 2
[Service] Resume checkpoint: 7
[Service] Resume progress: 80%
[COMM] ACK received for packet ID: 4818
[COMM Resume] Checkpoint: 7
[COMM Resume] WAIT_ACK packet ID: 4818
[COMM Resume] ACK already received
[Service] Resume execution - Task 2
[Service] Resume checkpoint: 8
[Service] Resume progress: 95%
[COMM Resume] Checkpoint: 8
[COMM Resume] CONFIRM packet ID: 4818
RPT,136126,0,UNSET,CONFIRM,4818,1
[COMM] Packet confirmed: 4818
[Service] Task 2 completed
[Sensor] 30.31
[COMM] Starting packet creation
[Sensor Buffer] Stored: 30.31
[Service] Task 0 completed
[Service] Resume execution - Task 2
[Service] Resume checkpoint: 4
[Service] Resume progress: 20%
[COMM Resume] Checkpoint: 4
[COMM Resume] Continuing from CREATE
RPT,136638,0,UNSET,CREATE,4822,0
[COMM] Packet created ID: 4822
[COMM] Payload: TEMP: 30.31
[Service] Resume execution - Task 2
[Service] Resume checkpoint: 5
[Service] Resume progress: 40%
[COMM Resume] Checkpoint: 5
[COMM Resume] PREPARE packet ID: 4819
[COMM] Preparing packet ID: 4819
[Service] Resume execution - Task 2
[Service] Resume checkpoint: 6
[Service] Resume progress: 60%
[COMM Resume] Checkpoint: 6
[COMM Resume] SEND packet ID: 4819
[COMM BT] Sending: DATA|4819|TEMP: 30.31
[COMM BT] hasClient(): TRUE
[COMM BT] Bytes written: 22/22
RPT,137779,0,UNSET,SEND,4819,1
RPT,137854,0,UNSET,ENERGY,0,0
[Sensor] 30.37
[Service] Resume execution - Task 2
[Service] Resume checkpoint: 7
[Service] Resume progress: 80%
[COMM] ACK received for packet ID: 4819
[COMM RX] Remote data (packet 101): ENERGY_TEST: 651113
[COMM TX] ACK|101
[COMM BT] hasClient(): TRUE
[COMM BT] Bytes written: 8/8
[COMM Resume] Checkpoint: 7
[COMM Resume] WAIT_ACK packet ID: 4819
[COMM Resume] ACK already received
[Sensor Buffer] Stored: 30.37
[Service] Task 0 completed
[Service] Resume execution - Task 2
[Service] Resume checkpoint: 8
[Service] Resume progress: 95%
[COMM Resume] Checkpoint: 8
[COMM Resume] CONFIRM packet ID: 4819
RPT,138413,0,UNSET,CONFIRM,4819,1
[COMM] Packet confirmed: 4819
[Service] Task 2 completed
[COMM] Starting packet creation
[Service] Resume execution - Task 2
[Service] Resume checkpoint: 4
[Service] Resume progress: 20%
[COMM Resume] Checkpoint: 4
[COMM Resume] Continuing from CREATE
RPT,139442,0,UNSET,CREATE,4823,0
[COMM] Packet created ID: 4823
[COMM] Payload: TEMP: 30.38
[Sensor] 30.31
[Service] Resume execution - Task 2
[Service] Resume checkpoint: 5
[Service] Resume progress: 40%
[COMM Resume] Checkpoint: 5
[COMM Resume] PREPARE packet ID: 4820
[COMM] Preparing packet ID: 4820
[Sensor Buffer] Stored: 30.31
[Service] Task 0 completed
[Service] Resume execution - Task 2
[Service] Resume checkpoint: 6
[Service] Resume progress: 60%
[COMM Resume] Checkpoint: 6
[COMM Resume] SEND packet ID: 4820
[COMM BT] Sending: DATA|4820|TEMP: 30.38
[COMM BT] hasClient(): TRUE
[COMM BT] Bytes written: 22/22
RPT,140085,0,UNSET,SEND,4820,1
RPT,140160,0,UNSET,ENERGY,0,0
[Service] Resume execution - Task 2
[Service] Resume checkpoint: 7
[Service] Resume progress: 80%
[COMM] ACK received for packet ID: 4820
[COMM Resume] Checkpoint: 7
[COMM Resume] WAIT_ACK packet ID: 4820
[COMM Resume] ACK already received
[Service] Resume execution - Task 2
[Service] Resume checkpoint: 8
[Service] Resume progress: 95%
[COMM Resume] Checkpoint: 8
[COMM Resume] CONFIRM packet ID: 4820
RPT,141115,0,UNSET,CONFIRM,4820,1
[COMM] Packet confirmed: 4820
[Service] Task 2 completed
[Sensor] 30.31
[COMM] Starting packet creation
[Sensor Buffer] Stored: 30.31
[Service] Task 0 completed
[Service] Resume execution - Task 2
[Service] Resume checkpoint: 4
[Service] Resume progress: 20%
[COMM Resume] Checkpoint: 4
[COMM Resume] Continuing from CREATE
RPT,141627,0,UNSET,CREATE,4824,0
[COMM] Packet created ID: 4824
[COMM] Payload: TEMP: 30.31
[Service] Resume execution - Task 2
[Service] Resume checkpoint: 5
[Service] Resume progress: 40%
[COMM Resume] Checkpoint: 5
[COMM Resume] PREPARE packet ID: 4821
[COMM] Preparing packet ID: 4821
[Service] Resume execution - Task 2
[Service] Resume checkpoint: 6
[Service] Resume progress: 60%
[COMM Resume] Checkpoint: 6
[COMM Resume] SEND packet ID: 4821
[COMM BT] Sending: DATA|4821|TEMP: 30.31
[COMM BT] hasClient(): TRUE
[COMM BT] Bytes written: 22/22
RPT,142768,0,UNSET,SEND,4821,1
RPT,142843,0,UNSET,ENERGY,0,0
[Sensor] 30.31
[Service] Resume execution - Task 2
[Service] Resume checkpoint: 7
[Service] Resume progress: 80%
[COMM] ACK received for packet ID: 4821
[COMM Resume] Checkpoint: 7
[COMM Resume] WAIT_ACK packet ID: 4821
[COMM Resume] ACK already received
[Sensor Buffer] Stored: 30.31
[Service] Task 0 completed
[Service] Resume execution - Task 2
[Service] Resume checkpoint: 8
[Service] Resume progress: 95%
[COMM RX] Remote data (packet 102): ENERGY_TEST: 656373
[COMM TX] ACK|102
[COMM BT] hasClient(): TRUE
[COMM BT] Bytes written: 8/8
[COMM Resume] Checkpoint: 8
[COMM Resume] CONFIRM packet ID: 4821
RPT,143391,0,UNSET,CONFIRM,4821,1
[COMM] Packet confirmed: 4821
[Service] Task 2 completed
[COMM] Starting packet creation
[Service] Resume execution - Task 2
[Service] Resume checkpoint: 4
[Service] Resume progress: 20%
[COMM Resume] Checkpoint: 4
[COMM Resume] Continuing from CREATE
RPT,144420,0,UNSET,CREATE,4825,0
[COMM] Packet created ID: 4825
[COMM] Payload: TEMP: 30.31
[Sensor] 30.31
[Service] Resume execution - Task 2
[Service] Resume checkpoint: 5
[Service] Resume progress: 40%
[COMM Resume] Checkpoint: 5
[COMM Resume] PREPARE packet ID: 4822
[COMM] Preparing packet ID: 4822
[Sensor Buffer] Stored: 30.31
[Service] Task 0 completed
[Service] Resume execution - Task 2
[Service] Resume checkpoint: 6
[Service] Resume progress: 60%
[COMM Resume] Checkpoint: 6
[COMM Resume] SEND packet ID: 4822
[COMM BT] Sending: DATA|4822|TEMP: 30.31
[COMM BT] hasClient(): TRUE
[COMM BT] Bytes written: 22/22
RPT,145063,0,UNSET,SEND,4822,1
RPT,145138,0,UNSET,ENERGY,0,0
[Service] Resume execution - Task 2
[Service] Resume checkpoint: 7
[Service] Resume progress: 80%
[COMM] ACK received for packet ID: 4822
[COMM Resume] Checkpoint: 7
[COMM Resume] WAIT_ACK packet ID: 4822
[COMM Resume] ACK already received
[Service] Resume execution - Task 2
[Service] Resume checkpoint: 8
[Service] Resume progress: 95%
[COMM Resume] Checkpoint: 8
[COMM Resume] CONFIRM packet ID: 4822
RPT,146093,0,UNSET,CONFIRM,4822,1
[COMM] Packet confirmed: 4822
[Service] Task 2 completed
[Sensor] 30.37
[COMM] Starting packet creation
[Sensor Buffer] Stored: 30.37
[Service] Task 0 completed
[Service] Resume execution - Task 2
[Service] Resume checkpoint: 4
[Service] Resume progress: 20%
[COMM Resume] Checkpoint: 4
[COMM Resume] Continuing from CREATE
RPT,146605,0,UNSET,CREATE,4826,0
[COMM] Packet created ID: 4826
[COMM] Payload: TEMP: 30.38
[Service] Resume execution - Task 2
[Service] Resume checkpoint: 5
[Service] Resume progress: 40%
[COMM Resume] Checkpoint: 5
[COMM Resume] PREPARE packet ID: 4823
[COMM] Preparing packet ID: 4823
[Service] Resume execution - Task 2
[Service] Resume checkpoint: 6
[Service] Resume progress: 60%
[COMM Resume] Checkpoint: 6
[COMM Resume] SEND packet ID: 4823
[COMM BT] Sending: DATA|4823|TEMP: 30.38
[COMM BT] hasClient(): TRUE
[COMM BT] Bytes written: 22/22
RPT,147746,0,UNSET,SEND,4823,1
RPT,147821,0,UNSET,ENERGY,0,0
[Sensor] 30.31
[Service] Resume execution - Task 2
[Service] Resume checkpoint: 7
[Service] Resume progress: 80%
[COMM] ACK received for packet ID: 4823
[COMM Resume] Checkpoint: 7
[COMM Resume] WAIT_ACK packet ID: 4823
[COMM Resume] ACK already received
[Sensor Buffer] Stored: 30.31
[Service] Task 0 completed
[Service] Resume execution - Task 2
[Service] Resume checkpoint: 8
[Service] Resume progress: 95%
[COMM Resume] Checkpoint: 8
[COMM Resume] CONFIRM packet ID: 4823
RPT,148269,0,UNSET,CONFIRM,4823,1
[COMM] Packet confirmed: 4823
[Service] Task 2 completed
[COMM RX] Remote data (packet 103): ENERGY_TEST: 661613
[COMM TX] ACK|103
[COMM BT] hasClient(): TRUE
[COMM BT] Bytes written: 8/8
[COMM] Starting packet creation
[Service] Resume execution - Task 2
[Service] Resume checkpoint: 4
[Service] Resume progress: 20%
[COMM Resume] Checkpoint: 4
[COMM Resume] Continuing from CREATE
RPT,149398,0,UNSET,CREATE,4827,0
[COMM] Packet created ID: 4827
[COMM] Payload: TEMP: 30.31
[Sensor] 30.37
[Service] Resume execution - Task 2
[Service] Resume checkpoint: 5
[Service] Resume progress: 40%
[COMM Resume] Checkpoint: 5
[COMM Resume] PREPARE packet ID: 4824
[COMM] Preparing packet ID: 4824
[Sensor Buffer] Stored: 30.37
[Service] Task 0 completed
[Service] Resume execution - Task 2
[Service] Resume checkpoint: 6
[Service] Resume progress: 60%
[COMM Resume] Checkpoint: 6
[COMM Resume] SEND packet ID: 4824
[COMM BT] Sending: DATA|4824|TEMP: 30.31
[COMM BT] hasClient(): TRUE
[COMM BT] Bytes written: 22/22
RPT,150041,0,UNSET,SEND,4824,1
RPT,150116,0,UNSET,ENERGY,0,0
[Service] Resume execution - Task 2
[Service] Resume checkpoint: 7
[Service] Resume progress: 80%
[COMM] ACK received for packet ID: 4824
[COMM Resume] Checkpoint: 7
[COMM Resume] WAIT_ACK packet ID: 4824
[COMM Resume] ACK already received
[Service] Resume execution - Task 2
[Service] Resume checkpoint: 8
[Service] Resume progress: 95%
[COMM Resume] Checkpoint: 8
[COMM Resume] CONFIRM packet ID: 4824
RPT,151071,0,UNSET,CONFIRM,4824,1
[COMM] Packet confirmed: 4824
[Service] Task 2 completed
[Sensor] 30.31
[COMM] Starting packet creation
[Sensor Buffer] Stored: 30.31
[Service] Task 0 completed
[Service] Resume execution - Task 2
[Service] Resume checkpoint: 4
[Service] Resume progress: 20%
[COMM Resume] Checkpoint: 4
[COMM Resume] Continuing from CREATE
RPT,151584,0,UNSET,CREATE,4828,0
[COMM] Packet created ID: 4828
[COMM] Payload: TEMP: 30.31
[Service] Resume execution - Task 2
[Service] Resume checkpoint: 5
[Service] Resume progress: 40%
[COMM Resume] Checkpoint: 5
[COMM Resume] PREPARE packet ID: 4825
[COMM] Preparing packet ID: 4825
[Service] Resume execution - Task 2
[Service] Resume checkpoint: 6
[Service] Resume progress: 60%
[COMM Resume] Checkpoint: 6
[COMM Resume] SEND packet ID: 4825
[COMM BT] Sending: DATA|4825|TEMP: 30.31
[COMM BT] hasClient(): TRUE
[COMM BT] Bytes written: 22/22
RPT,152724,0,UNSET,SEND,4825,1
RPT,152799,0,UNSET,ENERGY,0,0
[Sensor] 30.31
[Service] Resume execution - Task 2
[Service] Resume checkpoint: 7
[Service] Resume progress: 80%
[COMM] ACK received for packet ID: 4825
[COMM Resume] Checkpoint: 7
[COMM Resume] WAIT_ACK packet ID: 4825
[COMM Resume] ACK already received
[Sensor Buffer] Stored: 30.31
[Service] Task 0 completed
[Service] Resume execution - Task 2
[Service] Resume checkpoint: 8
[Service] Resume progress: 95%
[COMM Resume] Checkpoint: 8
[COMM Resume] CONFIRM packet ID: 4825
RPT,153247,0,UNSET,CONFIRM,4825,1
[COMM] Packet confirmed: 4825
[Service] Task 2 completed
[COMM] Starting packet creation
[Service] Resume execution - Task 2
[Service] Resume checkpoint: 4
[Service] Resume progress: 20%
[COMM RX] Remote data (packet 104): ENERGY_TEST: 666853
[COMM TX] ACK|104
[COMM BT] hasClient(): TRUE
[COMM BT] Bytes written: 8/8
[COMM Resume] Checkpoint: 4
[COMM Resume] Continuing from CREATE
RPT,154376,0,UNSET,CREATE,4829,0
[COMM] Packet created ID: 4829
[COMM] Payload: TEMP: 30.31
[Sensor] 30.37
[Service] Resume execution - Task 2
[Service] Resume checkpoint: 5
[Service] Resume progress: 40%
[COMM Resume] Checkpoint: 5
[COMM Resume] PREPARE packet ID: 4826
[COMM] Preparing packet ID: 4826
[Sensor Buffer] Stored: 30.37
[Service] Task 0 completed
[Service] Resume execution - Task 2
[Service] Resume checkpoint: 6
[Service] Resume progress: 60%
[COMM Resume] Checkpoint: 6
[COMM Resume] SEND packet ID: 4826
[COMM BT] Sending: DATA|4826|TEMP: 30.38
[COMM BT] hasClient(): TRUE
[COMM BT] Bytes written: 22/22
RPT,155019,0,UNSET,SEND,4826,1
RPT,155094,0,UNSET,ENERGY,0,0
[Service] Resume execution - Task 2
[Service] Resume checkpoint: 7
[Service] Resume progress: 80%
[COMM] ACK received for packet ID: 4826
[COMM Resume] Checkpoint: 7
[COMM Resume] WAIT_ACK packet ID: 4826
[COMM Resume] ACK already received
[Service] Resume execution - Task 2
[Service] Resume checkpoint: 8
[Service] Resume progress: 95%
[COMM Resume] Checkpoint: 8
[COMM Resume] CONFIRM packet ID: 4826
RPT,156049,0,UNSET,CONFIRM,4826,1
[COMM] Packet confirmed: 4826
[Service] Task 2 completed
[Sensor] 30.31
[COMM] Starting packet creation
[Sensor Buffer] Stored: 30.31
[Service] Task 0 completed
[Service] Resume execution - Task 2
[Service] Resume checkpoint: 4
[Service] Resume progress: 20%
[COMM Resume] Checkpoint: 4
[COMM Resume] Continuing from CREATE
RPT,156562,0,UNSET,CREATE,4830,0
[COMM] Packet created ID: 4830
[COMM] Payload: TEMP: 30.31
[Service] Resume execution - Task 2
[Service] Resume checkpoint: 5
[Service] Resume progress: 40%
[COMM Resume] Checkpoint: 5
[COMM Resume] PREPARE packet ID: 4827
[COMM] Preparing packet ID: 4827
[Service] Resume execution - Task 2
[Service] Resume checkpoint: 6
[Service] Resume progress: 60%
[COMM Resume] Checkpoint: 6
[COMM Resume] SEND packet ID: 4827
[COMM BT] Sending: DATA|4827|TEMP: 30.31
[COMM BT] hasClient(): TRUE
[COMM BT] Bytes written: 22/22
RPT,157702,0,UNSET,SEND,4827,1
RPT,157777,0,UNSET,ENERGY,0,0
[Sensor] 30.31
[Service] Resume execution - Task 2
[Service] Resume checkpoint: 7
[Service] Resume progress: 80%
[COMM] ACK received for packet ID: 4827
[COMM Resume] Checkpoint: 7
[COMM Resume] WAIT_ACK packet ID: 4827
[COMM Resume] ACK already received
[Sensor Buffer] Stored: 30.31
[Service] Task 0 completed
[Service] Resume execution - Task 2
[Service] Resume checkpoint: 8
[Service] Resume progress: 95%
[COMM Resume] Checkpoint: 8
[COMM Resume] CONFIRM packet ID: 4827
RPT,158225,0,UNSET,CONFIRM,4827,1
[COMM] Packet confirmed: 4827
[Service] Task 2 completed
[COMM] Starting packet creation
[Service] Resume execution - Task 2
[Service] Resume checkpoint: 4
[Service] Resume progress: 20%
[COMM Resume] Checkpoint: 4
[COMM Resume] Continuing from CREATE
RPT,159254,0,UNSET,CREATE,4831,0
[COMM] Packet created ID: 4831
[COMM] Payload: TEMP: 30.31
[Sensor] 30.31
[Service] Resume execution - Task 2
[Service] Resume checkpoint: 5
[Service] Resume progress: 40%
[COMM RX] Remote data (packet 105): ENERGY_TEST: 672603
[COMM TX] ACK|105
[COMM BT] hasClient(): TRUE
[COMM BT] Bytes written: 8/8
[COMM Resume] Checkpoint: 5
[COMM Resume] PREPARE packet ID: 4828
[COMM] Preparing packet ID: 4828
[Sensor Buffer] Stored: 30.31
[Service] Task 0 completed
[Service] Resume execution - Task 2
[Service] Resume checkpoint: 6
[Service] Resume progress: 60%
[COMM Resume] Checkpoint: 6
[COMM Resume] SEND packet ID: 4828
[COMM BT] Sending: DATA|4828|TEMP: 30.31
[COMM BT] hasClient(): TRUE
[COMM BT] Bytes written: 22/22
RPT,159997,0,UNSET,SEND,4828,1
RPT,160072,0,UNSET,ENERGY,0,0
[Service] Resume execution - Task 2
[Service] Resume checkpoint: 7
[Service] Resume progress: 80%
[COMM] ACK received for packet ID: 4828
[COMM Resume] Checkpoint: 7
[COMM Resume] WAIT_ACK packet ID: 4828
[COMM Resume] ACK already received
[Service] Resume execution - Task 2
[Service] Resume checkpoint: 8
[Service] Resume progress: 95%
[COMM Resume] Checkpoint: 8
[COMM Resume] CONFIRM packet ID: 4828
RPT,161027,0,UNSET,CONFIRM,4828,1
[COMM] Packet confirmed: 4828
[Service] Task 2 completed
[Sensor] 30.31
[COMM] Starting packet creation
[Sensor Buffer] Stored: 30.31
[Service] Task 0 completed
[Service] Resume execution - Task 2
[Service] Resume checkpoint: 4
[Service] Resume progress: 20%
[COMM Resume] Checkpoint: 4
[COMM Resume] Continuing from CREATE
RPT,161540,0,UNSET,CREATE,4832,0
[COMM] Packet created ID: 4832
[COMM] Payload: TEMP: 30.31
[Service] Resume execution - Task 2
[Service] Resume checkpoint: 5
[Service] Resume progress: 40%
[COMM Resume] Checkpoint: 5
[COMM Resume] PREPARE packet ID: 4829
[COMM] Preparing packet ID: 4829
[Service] Resume execution - Task 2
[Service] Resume checkpoint: 6
[Service] Resume progress: 60%
[COMM Resume] Checkpoint: 6
[COMM Resume] SEND packet ID: 4829
[COMM BT] Sending: DATA|4829|TEMP: 30.31
[COMM BT] hasClient(): TRUE
[COMM BT] Bytes written: 22/22
RPT,162680,0,UNSET,SEND,4829,1
RPT,162755,0,UNSET,ENERGY,0,0
[Sensor] 30.31
[Service] Resume execution - Task 2
[Service] Resume checkpoint: 7
[Service] Resume progress: 80%
[COMM] ACK received for packet ID: 4829
[COMM Resume] Checkpoint: 7
[COMM Resume] WAIT_ACK packet ID: 4829
[COMM Resume] ACK already received
[Sensor Buffer] Stored: 30.31
[Service] Task 0 completed
[Service] Resume execution - Task 2
[Service] Resume checkpoint: 8
[Service] Resume progress: 95%
[COMM Resume] Checkpoint: 8
[COMM Resume] CONFIRM packet ID: 4829
RPT,163203,0,UNSET,CONFIRM,4829,1
[COMM] Packet confirmed: 4829
[Service] Task 2 completed
[COMM] Starting packet creation
[Service] Resume execution - Task 2
[Service] Resume checkpoint: 4
[Service] Resume progress: 20%
[COMM Resume] Checkpoint: 4
[COMM Resume] Continuing from CREATE
RPT,164232,0,UNSET,CREATE,4833,0
[COMM] Packet created ID: 4833
[COMM] Payload: TEMP: 30.31
[Sensor] 30.31
[Service] Resume execution - Task 2
[Service] Resume checkpoint: 5
[Service] Resume progress: 40%
[COMM Resume] Checkpoint: 5
[COMM Resume] PREPARE packet ID: 4830
[COMM] Preparing packet ID: 4830
[Sensor Buffer] Stored: 30.31
[Service] Task 0 completed
[Service] Resume execution - Task 2
[Service] Resume checkpoint: 6
[Service] Resume progress: 60%
[COMM RX] Remote data (packet 106): ENERGY_TEST: 677853
[COMM TX] ACK|106
[COMM BT] hasClient(): TRUE
[COMM BT] Bytes written: 8/8
[COMM Resume] Checkpoint: 6
[COMM Resume] SEND packet ID: 4830
[COMM BT] Sending: DATA|4830|TEMP: 30.31
[COMM BT] hasClient(): TRUE
[COMM BT] Bytes written: 22/22
RPT,164975,0,UNSET,SEND,4830,1
RPT,165050,0,UNSET,ENERGY,0,0
[Service] Resume execution - Task 2
[Service] Resume checkpoint: 7
[Service] Resume progress: 80%
[COMM] ACK received for packet ID: 4830
[COMM Resume] Checkpoint: 7
[COMM Resume] WAIT_ACK packet ID: 4830
[COMM Resume] ACK already received
[Service] Resume execution - Task 2
[Service] Resume checkpoint: 8
[Service] Resume progress: 95%
[COMM Resume] Checkpoint: 8
[COMM Resume] CONFIRM packet ID: 4830
RPT,166005,0,UNSET,CONFIRM,4830,1
[COMM] Packet confirmed: 4830
[Service] Task 2 completed
[Sensor] 30.37
[COMM] Starting packet creation
[Sensor Buffer] Stored: 30.37
[Service] Task 0 completed
[Service] Resume execution - Task 2
[Service] Resume checkpoint: 4
[Service] Resume progress: 20%
[COMM Resume] Checkpoint: 4
[COMM Resume] Continuing from CREATE
RPT,166518,0,UNSET,CREATE,4834,0
[COMM] Packet created ID: 4834
[COMM] Payload: TEMP: 30.38
[Service] Resume execution - Task 2
[Service] Resume checkpoint: 5
[Service] Resume progress: 40%
[COMM Resume] Checkpoint: 5
[COMM Resume] PREPARE packet ID: 4831
[COMM] Preparing packet ID: 4831
[Service] Resume execution - Task 2
[Service] Resume checkpoint: 6
[Service] Resume progress: 60%
[COMM Resume] Checkpoint: 6
[COMM Resume] SEND packet ID: 4831
[COMM BT] Sending: DATA|4831|TEMP: 30.31
[COMM BT] hasClient(): TRUE
[COMM BT] Bytes written: 22/22
RPT,167658,0,UNSET,SEND,4831,1
RPT,167733,0,UNSET,ENERGY,0,0
[Sensor] 30.37
[Service] Resume execution - Task 2
[Service] Resume checkpoint: 7
[Service] Resume progress: 80%
[COMM] ACK received for packet ID: 4831
[COMM Resume] Checkpoint: 7
[COMM Resume] WAIT_ACK packet ID: 4831
[COMM Resume] ACK already received
[Sensor Buffer] Stored: 30.37
[Service] Task 0 completed
[Service] Resume execution - Task 2
[Service] Resume checkpoint: 8
[Service] Resume progress: 95%
[COMM Resume] Checkpoint: 8
[COMM Resume] CONFIRM packet ID: 4831
RPT,168181,0,UNSET,CONFIRM,4831,1
[COMM] Packet confirmed: 4831
[Service] Task 2 completed
[COMM] Starting packet creation
[Service] Resume execution - Task 2
[Service] Resume checkpoint: 4
[Service] Resume progress: 20%
[COMM Resume] Checkpoint: 4
[COMM Resume] Continuing from CREATE
RPT,169210,0,UNSET,CREATE,4835,0
[COMM] Packet created ID: 4835
[COMM] Payload: TEMP: 30.38
[Sensor] 30.37
[Service] Resume execution - Task 2
[Service] Resume checkpoint: 5
[Service] Resume progress: 40%
[COMM Resume] Checkpoint: 5
[COMM Resume] PREPARE packet ID: 4832
[COMM] Preparing packet ID: 4832
[Sensor Buffer] Stored: 30.37
[Service] Task 0 completed
[Service] Resume execution - Task 2
[Service] Resume checkpoint: 6
[Service] Resume progress: 60%
[COMM Resume] Checkpoint: 6
[COMM Resume] SEND packet ID: 4832
[COMM BT] Sending: DATA|4832|TEMP: 30.31
[COMM BT] hasClient(): TRUE
[COMM BT] Bytes written: 22/22
RPT,169853,0,UNSET,SEND,4832,1
RPT,169928,0,UNSET,ENERGY,0,0
[Service] Resume execution - Task 2
[Service] Resume checkpoint: 7
[Service] Resume progress: 80%
[COMM] ACK received for packet ID: 4832
[COMM RX] Remote data (packet 107): ENERGY_TEST: 683183
[COMM TX] ACK|107
[COMM BT] hasClient(): TRUE
[COMM BT] Bytes written: 8/8
[COMM Resume] Checkpoint: 7
[COMM Resume] WAIT_ACK packet ID: 4832
[COMM Resume] ACK already received
[Service] Resume execution - Task 2
[Service] Resume checkpoint: 8
[Service] Resume progress: 95%
[COMM Resume] Checkpoint: 8
[COMM Resume] CONFIRM packet ID: 4832
RPT,170994,0,UNSET,CONFIRM,4832,1
[COMM] Packet confirmed: 4832
[Service] Task 2 completed
[Sensor] 30.31
[COMM] Starting packet creation
[Sensor Buffer] Stored: 30.31
[Service] Task 0 completed
[Service] Resume execution - Task 2
[Service] Resume checkpoint: 4
[Service] Resume progress: 20%
[COMM Resume] Checkpoint: 4
[COMM Resume] Continuing from CREATE
RPT,171506,0,UNSET,CREATE,4836,0
[COMM] Packet created ID: 4836
[COMM] Payload: TEMP: 30.31
[Service] Resume execution - Task 2
[Service] Resume checkpoint: 5
[Service] Resume progress: 40%
[COMM Resume] Checkpoint: 5
[COMM Resume] PREPARE packet ID: 4833
[COMM] Preparing packet ID: 4833
[Service] Resume execution - Task 2
[Service] Resume checkpoint: 6
[Service] Resume progress: 60%
[COMM Resume] Checkpoint: 6
[COMM Resume] SEND packet ID: 4833
[COMM BT] Sending: DATA|4833|TEMP: 30.31
[COMM BT] hasClient(): TRUE
[COMM BT] Bytes written: 22/22
RPT,172647,0,UNSET,SEND,4833,1
RPT,172722,0,UNSET,ENERGY,0,0
[Sensor] 30.31
[Service] Resume execution - Task 2
[Service] Resume checkpoint: 7
[Service] Resume progress: 80%
[COMM] ACK received for packet ID: 4833
[COMM Resume] Checkpoint: 7
[COMM Resume] WAIT_ACK packet ID: 4833
[COMM Resume] ACK already received
[Sensor Buffer] Stored: 30.31
[Service] Task 0 completed
[Service] Resume execution - Task 2
[Service] Resume checkpoint: 8
[Service] Resume progress: 95%
[COMM Resume] Checkpoint: 8
[COMM Resume] CONFIRM packet ID: 4833
RPT,173170,0,UNSET,CONFIRM,4833,1
[COMM] Packet confirmed: 4833
[Service] Task 2 completed
[COMM] Starting packet creation
[Service] Resume execution - Task 2
[Service] Resume checkpoint: 4
[Service] Resume progress: 20%
[COMM Resume] Checkpoint: 4
[COMM Resume] Continuing from CREATE
RPT,174199,0,UNSET,CREATE,4837,0
[COMM] Packet created ID: 4837
[COMM] Payload: TEMP: 30.31
[Sensor] 30.37
[Service] Resume execution - Task 2
[Service] Resume checkpoint: 5
[Service] Resume progress: 40%
[COMM Resume] Checkpoint: 5
[COMM Resume] PREPARE packet ID: 4834
[COMM] Preparing packet ID: 4834
[Sensor Buffer] Stored: 30.37
[Service] Task 0 completed
[Service] Resume execution - Task 2
[Service] Resume checkpoint: 6
[Service] Resume progress: 60%
[COMM Resume] Checkpoint: 6
[COMM Resume] SEND packet ID: 4834
[COMM BT] Sending: DATA|4834|TEMP: 30.38
[COMM BT] hasClient(): TRUE
[COMM BT] Bytes written: 22/22
RPT,174842,0,UNSET,SEND,4834,1
RPT,174917,0,UNSET,ENERGY,0,0
[Service] Resume execution - Task 2
[Service] Resume checkpoint: 7
[Service] Resume progress: 80%
[COMM] ACK received for packet ID: 4834
[COMM Resume] Checkpoint: 7
[COMM Resume] WAIT_ACK packet ID: 4834
[COMM Resume] ACK already received
[Service] Resume execution - Task 2
[Service] Resume checkpoint: 8
[Service] Resume progress: 95%
[COMM RX] Remote data (packet 108): ENERGY_TEST: 688443
[COMM TX] ACK|108
[COMM BT] hasClient(): TRUE
[COMM BT] Bytes written: 8/8
[COMM Resume] Checkpoint: 8
[COMM Resume] CONFIRM packet ID: 4834
RPT,175972,0,UNSET,CONFIRM,4834,1
[COMM] Packet confirmed: 4834
[Service] Task 2 completed
[Sensor] 30.31
[COMM] Starting packet creation
[Sensor Buffer] Stored: 30.31
[Service] Task 0 completed
[Service] Resume execution - Task 2
[Service] Resume checkpoint: 4
[Service] Resume progress: 20%
[COMM Resume] Checkpoint: 4
[COMM Resume] Continuing from CREATE
RPT,176494,0,UNSET,CREATE,4838,0
[COMM] Packet created ID: 4838
[COMM] Payload: TEMP: 30.31
[Service] Resume execution - Task 2
[Service] Resume checkpoint: 5
[Service] Resume progress: 40%
[COMM Resume] Checkpoint: 5
[COMM Resume] PREPARE packet ID: 4835
[COMM] Preparing packet ID: 4835
[Service] Resume execution - Task 2
[Service] Resume checkpoint: 6
[Service] Resume progress: 60%
[COMM Resume] Checkpoint: 6
[COMM Resume] SEND packet ID: 4835
[COMM BT] Sending: DATA|4835|TEMP: 30.38
[COMM BT] hasClient(): TRUE
[COMM BT] Bytes written: 22/22
RPT,177635,0,UNSET,SEND,4835,1
RPT,177710,0,UNSET,ENERGY,0,0
[Sensor] 30.37
[Service] Resume execution - Task 2
[Service] Resume checkpoint: 7
[Service] Resume progress: 80%
[COMM] ACK received for packet ID: 4835
[COMM Resume] Checkpoint: 7
[COMM Resume] WAIT_ACK packet ID: 4835
[COMM Resume] ACK already received
[Sensor Buffer] Stored: 30.37
[Service] Task 0 completed
[Service] Resume execution - Task 2
[Service] Resume checkpoint: 8
[Service] Resume progress: 95%
[COMM Resume] Checkpoint: 8
[COMM Resume] CONFIRM packet ID: 4835
RPT,178158,0,UNSET,CONFIRM,4835,1
[COMM] Packet confirmed: 4835
[Service] Task 2 completed
[COMM] Starting packet creation
[Service] Resume execution - Task 2
[Service] Resume checkpoint: 4
[Service] Resume progress: 20%
[COMM Resume] Checkpoint: 4
[COMM Resume] Continuing from CREATE
RPT,179187,0,UNSET,CREATE,4839,0
[COMM] Packet created ID: 4839
[COMM] Payload: TEMP: 30.38
[Sensor] 30.37
[Service] Resume execution - Task 2
[Service] Resume checkpoint: 5
[Service] Resume progress: 40%
[COMM Resume] Checkpoint: 5
[COMM Resume] PREPARE packet ID: 4836
[COMM] Preparing packet ID: 4836
[Sensor Buffer] Stored: 30.37
[Service] Task 0 completed
[Service] Resume execution - Task 2
[Service] Resume checkpoint: 6
[Service] Resume progress: 60%
[COMM Resume] Checkpoint: 6
[COMM Resume] SEND packet ID: 4836
[COMM BT] Sending: DATA|4836|TEMP: 30.31
[COMM BT] hasClient(): TRUE
[COMM BT] Bytes written: 22/22
RPT,179830,0,UNSET,SEND,4836,1
RPT,179905,0,UNSET,ENERGY,0,0
[Service] Resume execution - Task 2
[Service] Resume checkpoint: 7
[Service] Resume progress: 80%
[COMM] ACK received for packet ID: 4836
[COMM Resume] Checkpoint: 7
[COMM Resume] WAIT_ACK packet ID: 4836
[COMM Resume] ACK already received
[Service] Resume execution - Task 2
[Service] Resume checkpoint: 8
[Service] Resume progress: 95%
[COMM Resume] Checkpoint: 8
[COMM Resume] CONFIRM packet ID: 4836
RPT,180860,0,UNSET,CONFIRM,4836,1
[COMM] Packet confirmed: 4836
[Service] Task 2 completed
[Sensor] 30.31
[COMM RX] Remote data (packet 109): ENERGY_TEST: 694203
[COMM TX] ACK|109
[COMM BT] hasClient(): TRUE
[COMM BT] Bytes written: 8/8
[COMM] Starting packet creation
[Sensor Buffer] Stored: 30.31
[Service] Task 0 completed
[Service] Resume execution - Task 2
[Service] Resume checkpoint: 4
[Service] Resume progress: 20%
[COMM Resume] Checkpoint: 4
[COMM Resume] Continuing from CREATE
RPT,181473,0,UNSET,CREATE,4840,0
[COMM] Packet created ID: 4840
[COMM] Payload: TEMP: 30.31
[Service] Resume execution - Task 2
[Service] Resume checkpoint: 5
[Service] Resume progress: 40%
[COMM Resume] Checkpoint: 5
[COMM Resume] PREPARE packet ID: 4837
[COMM] Preparing packet ID: 4837
[Service] Resume execution - Task 2
[Service] Resume checkpoint: 6
[Service] Resume progress: 60%
[COMM Resume] Checkpoint: 6
[COMM Resume] SEND packet ID: 4837
[COMM BT] Sending: DATA|4837|TEMP: 30.31
[COMM BT] hasClient(): TRUE
[COMM BT] Bytes written: 22/22
RPT,182613,0,UNSET,SEND,4837,1
RPT,182688,0,UNSET,ENERGY,0,0
[Sensor] 30.37
[Service] Resume execution - Task 2
[Service] Resume checkpoint: 7
[Service] Resume progress: 80%
[COMM] ACK received for packet ID: 4837
[COMM Resume] Checkpoint: 7
[COMM Resume] WAIT_ACK packet ID: 4837
[COMM Resume] ACK already received
[Sensor Buffer] Stored: 30.37
[Service] Task 0 completed
[Service] Resume execution - Task 2
[Service] Resume checkpoint: 8
[Service] Resume progress: 95%
[COMM Resume] Checkpoint: 8
[COMM Resume] CONFIRM packet ID: 4837
RPT,183136,0,UNSET,CONFIRM,4837,1
[COMM] Packet confirmed: 4837
[Service] Task 2 completed
[COMM] Starting packet creation
[Service] Resume execution - Task 2
[Service] Resume checkpoint: 4
[Service] Resume progress: 20%
[COMM Resume] Checkpoint: 4
[COMM Resume] Continuing from CREATE
RPT,184165,0,UNSET,CREATE,4841,0
[COMM] Packet created ID: 4841
[COMM] Payload: TEMP: 30.38
[Sensor] 30.37
[Service] Resume execution - Task 2
[Service] Resume checkpoint: 5
[Service] Resume progress: 40%
[COMM Resume] Checkpoint: 5
[COMM Resume] PREPARE packet ID: 4838
[COMM] Preparing packet ID: 4838
[Sensor Buffer] Stored: 30.37
[Service] Task 0 completed
[Service] Resume execution - Task 2
[Service] Resume checkpoint: 6
[Service] Resume progress: 60%
[COMM Resume] Checkpoint: 6
[COMM Resume] SEND packet ID: 4838
[COMM BT] Sending: DATA|4838|TEMP: 30.31
[COMM BT] hasClient(): TRUE
[COMM BT] Bytes written: 22/22
RPT,184808,0,UNSET,SEND,4838,1
RPT,184883,0,UNSET,ENERGY,0,0
[Service] Resume execution - Task 2
[Service] Resume checkpoint: 7
[Service] Resume progress: 80%
[COMM] ACK received for packet ID: 4838
[COMM Resume] Checkpoint: 7
[COMM Resume] WAIT_ACK packet ID: 4838
[COMM Resume] ACK already received
[Service] Resume execution - Task 2
[Service] Resume checkpoint: 8
[Service] Resume progress: 95%
[COMM Resume] Checkpoint: 8
[COMM Resume] CONFIRM packet ID: 4838
RPT,185838,0,UNSET,CONFIRM,4838,1
[COMM] Packet confirmed: 4838
[Service] Task 2 completed
[Sensor] 30.31
[COMM] Starting packet creation
[Sensor Buffer] Stored: 30.31
[Service] Task 0 completed
[Service] Resume execution - Task 2
[Service] Resume checkpoint: 4
[Service] Resume progress: 20%
[COMM RX] Remote data (packet 110): ENERGY_TEST: 699443
[COMM TX] ACK|110
[COMM BT] hasClient(): TRUE
[COMM BT] Bytes written: 8/8
[COMM Resume] Checkpoint: 4
[COMM Resume] Continuing from CREATE
RPT,186451,0,UNSET,CREATE,4842,0
[COMM] Packet created ID: 4842
[COMM] Payload: TEMP: 30.31
[Service] Resume execution - Task 2
[Service] Resume checkpoint: 5
[Service] Resume progress: 40%
[COMM Resume] Checkpoint: 5
[COMM Resume] PREPARE packet ID: 4839
[COMM] Preparing packet ID: 4839
[Service] Resume execution - Task 2
[Service] Resume checkpoint: 6
[Service] Resume progress: 60%
[COMM Resume] Checkpoint: 6
[COMM Resume] SEND packet ID: 4839
[COMM BT] Sending: DATA|4839|TEMP: 30.38
[COMM BT] hasClient(): TRUE
[COMM BT] Bytes written: 22/22
RPT,187591,0,UNSET,SEND,4839,1
RPT,187666,0,UNSET,ENERGY,0,0
[Sensor] 30.37
[Service] Resume execution - Task 2
[Service] Resume checkpoint: 7
[Service] Resume progress: 80%
[COMM] ACK received for packet ID: 4839
[COMM Resume] Checkpoint: 7
[COMM Resume] WAIT_ACK packet ID: 4839
[COMM Resume] ACK already received
[Sensor Buffer] Stored: 30.37
[Service] Task 0 completed
[Service] Resume execution - Task 2
[Service] Resume checkpoint: 8
[Service] Resume progress: 95%
[COMM Resume] Checkpoint: 8
[COMM Resume] CONFIRM packet ID: 4839
RPT,188114,0,UNSET,CONFIRM,4839,1
[COMM] Packet confirmed: 4839
[Service] Task 2 completed
[COMM] Starting packet creation
[Service] Resume execution - Task 2
[Service] Resume checkpoint: 4
[Service] Resume progress: 20%
[COMM Resume] Checkpoint: 4
[COMM Resume] Continuing from CREATE
RPT,189143,0,UNSET,CREATE,4843,0
[COMM] Packet created ID: 4843
[COMM] Payload: TEMP: 30.38
[Sensor] 30.31
[Service] Resume execution - Task 2
[Service] Resume checkpoint: 5
[Service] Resume progress: 40%
[COMM Resume] Checkpoint: 5
[COMM Resume] PREPARE packet ID: 4840
[COMM] Preparing packet ID: 4840
[Sensor Buffer] Stored: 30.31
[Service] Task 0 completed
[Service] Resume execution - Task 2
[Service] Resume checkpoint: 6
[Service] Resume progress: 60%
[COMM Resume] Checkpoint: 6
[COMM Resume] SEND packet ID: 4840
[COMM BT] Sending: DATA|4840|TEMP: 30.31
[COMM BT] hasClient(): TRUE
[COMM BT] Bytes written: 22/22
RPT,189786,0,UNSET,SEND,4840,1
RPT,189861,0,UNSET,ENERGY,0,0
[Service] Resume execution - Task 2
[Service] Resume checkpoint: 7
[Service] Resume progress: 80%
[COMM] ACK received for packet ID: 4840
[COMM Resume] Checkpoint: 7
[COMM Resume] WAIT_ACK packet ID: 4840
[COMM Resume] ACK already received
[Service] Resume execution - Task 2
[Service] Resume checkpoint: 8
[Service] Resume progress: 95%
[COMM Resume] Checkpoint: 8
[COMM Resume] CONFIRM packet ID: 4840
RPT,190816,0,UNSET,CONFIRM,4840,1
[COMM] Packet confirmed: 4840
[Service] Task 2 completed
[Sensor] 30.31
[COMM] Starting packet creation
[Sensor Buffer] Stored: 30.31
[Service] Task 0 completed
[Service] Resume execution - Task 2
[Service] Resume checkpoint: 4
[Service] Resume progress: 20%
[COMM Resume] Checkpoint: 4
[COMM Resume] Continuing from CREATE
RPT,191328,0,UNSET,CREATE,4844,0
[COMM] Packet created ID: 4844
[COMM] Payload: TEMP: 30.31
[Service] Resume execution - Task 2
[Service] Resume checkpoint: 5
[Service] Resume progress: 40%
[COMM RX] Remote data (packet 111): ENERGY_TEST: 704673
[COMM TX] ACK|111
[COMM BT] hasClient(): TRUE
[COMM BT] Bytes written: 8/8
[COMM Resume] Checkpoint: 5
[COMM Resume] PREPARE packet ID: 4841
[COMM] Preparing packet ID: 4841
[Service] Resume execution - Task 2
[Service] Resume checkpoint: 6
[Service] Resume progress: 60%
[COMM Resume] Checkpoint: 6
[COMM Resume] SEND packet ID: 4841
[COMM BT] Sending: DATA|4841|TEMP: 30.38
[COMM BT] hasClient(): TRUE
[COMM BT] Bytes written: 22/22
RPT,192569,0,UNSET,SEND,4841,1
RPT,192644,0,UNSET,ENERGY,0,0
[Sensor] 30.37
[Service] Resume execution - Task 2
[Service] Resume checkpoint: 7
[Service] Resume progress: 80%
[COMM] ACK received for packet ID: 4841
[COMM Resume] Checkpoint: 7
[COMM Resume] WAIT_ACK packet ID: 4841
[COMM Resume] ACK already received
[Sensor Buffer] Stored: 30.37
[Service] Task 0 completed
[Service] Resume execution - Task 2
[Service] Resume checkpoint: 8
[Service] Resume progress: 95%
[COMM Resume] Checkpoint: 8
[COMM Resume] CONFIRM packet ID: 4841
RPT,193092,0,UNSET,CONFIRM,4841,1
[COMM] Packet confirmed: 4841
[Service] Task 2 completed
[COMM] Starting packet creation
[Service] Resume execution - Task 2
[Service] Resume checkpoint: 4
[Service] Resume progress: 20%
[COMM Resume] Checkpoint: 4
[COMM Resume] Continuing from CREATE
RPT,194121,0,UNSET,CREATE,4845,0
[COMM] Packet created ID: 4845
[COMM] Payload: TEMP: 30.38
[Sensor] 30.31
[Service] Resume execution - Task 2
[Service] Resume checkpoint: 5
[Service] Resume progress: 40%
[COMM Resume] Checkpoint: 5
[COMM Resume] PREPARE packet ID: 4842
[COMM] Preparing packet ID: 4842
[Sensor Buffer] Stored: 30.31
[Service] Task 0 completed
[Service] Resume execution - Task 2
[Service] Resume checkpoint: 6
[Service] Resume progress: 60%
[COMM Resume] Checkpoint: 6
[COMM Resume] SEND packet ID: 4842
[COMM BT] Sending: DATA|4842|TEMP: 30.31
[COMM BT] hasClient(): TRUE
[COMM BT] Bytes written: 22/22
RPT,194764,0,UNSET,SEND,4842,1
RPT,194839,0,UNSET,ENERGY,0,0
[Service] Resume execution - Task 2
[Service] Resume checkpoint: 7
[Service] Resume progress: 80%
[COMM] ACK received for packet ID: 4842
[COMM Resume] Checkpoint: 7
[COMM Resume] WAIT_ACK packet ID: 4842
[COMM Resume] ACK already received
[Service] Resume execution - Task 2
[Service] Resume checkpoint: 8
[Service] Resume progress: 95%
[COMM Resume] Checkpoint: 8
[COMM Resume] CONFIRM packet ID: 4842
RPT,195794,0,UNSET,CONFIRM,4842,1
[COMM] Packet confirmed: 4842
[Service] Task 2 completed
[Sensor] 30.37
[COMM] Starting packet creation
[Sensor Buffer] Stored: 30.37
[Service] Task 0 completed
[Service] Resume execution - Task 2
[Service] Resume checkpoint: 4
[Service] Resume progress: 20%
[COMM Resume] Checkpoint: 4
[COMM Resume] Continuing from CREATE
RPT,196306,0,UNSET,CREATE,4846,0
[COMM] Packet created ID: 4846
[COMM] Payload: TEMP: 30.38
[Service] Resume execution - Task 2
[Service] Resume checkpoint: 5
[Service] Resume progress: 40%
[COMM Resume] Checkpoint: 5
[COMM Resume] PREPARE packet ID: 4843
[COMM] Preparing packet ID: 4843
[Service] Resume execution - Task 2
[Service] Resume checkpoint: 6
[Service] Resume progress: 60%
[COMM RX] Remote data (packet 112): ENERGY_TEST: 709923
[COMM TX] ACK|112
[COMM BT] hasClient(): TRUE
[COMM BT] Bytes written: 8/8
[COMM Resume] Checkpoint: 6
[COMM Resume] SEND packet ID: 4843
[COMM BT] Sending: DATA|4843|TEMP: 30.38
[COMM BT] hasClient(): TRUE
[COMM BT] Bytes written: 22/22
RPT,197558,0,UNSET,SEND,4843,1
RPT,197633,0,UNSET,ENERGY,0,0
[Sensor] 30.37
[Service] Resume execution - Task 2
[Service] Resume checkpoint: 7
[Service] Resume progress: 80%
[COMM] ACK received for packet ID: 4843
[COMM Resume] Checkpoint: 7
[COMM Resume] WAIT_ACK packet ID: 4843
[COMM Resume] ACK already received
[Sensor Buffer] Stored: 30.37
[Service] Task 0 completed
[Service] Resume execution - Task 2
[Service] Resume checkpoint: 8
[Service] Resume progress: 95%
[COMM Resume] Checkpoint: 8
[COMM Resume] CONFIRM packet ID: 4843
RPT,198081,0,UNSET,CONFIRM,4843,1
[COMM] Packet confirmed: 4843
[Service] Task 2 completed
[COMM] Starting packet creation
[Service] Resume execution - Task 2
[Service] Resume checkpoint: 4
[Service] Resume progress: 20%
[COMM Resume] Checkpoint: 4
[COMM Resume] Continuing from CREATE
RPT,199110,0,UNSET,CREATE,4847,0
[COMM] Packet created ID: 4847
[COMM] Payload: TEMP: 30.38
[Sensor] 30.37
[Service] Resume execution - Task 2
[Service] Resume checkpoint: 5
[Service] Resume progress: 40%
[COMM Resume] Checkpoint: 5
[COMM Resume] PREPARE packet ID: 4844
[COMM] Preparing packet ID: 4844
[Sensor Buffer] Stored: 30.37
[Service] Task 0 completed
[Service] Resume execution - Task 2
[Service] Resume checkpoint: 6
[Service] Resume progress: 60%
[COMM Resume] Checkpoint: 6
[COMM Resume] SEND packet ID: 4844
[COMM BT] Sending: DATA|4844|TEMP: 30.31
[COMM BT] hasClient(): TRUE
[COMM BT] Bytes written: 22/22
RPT,199753,0,UNSET,SEND,4844,1
RPT,199828,0,UNSET,ENERGY,0,0
[Service] Resume execution - Task 2
[Service] Resume checkpoint: 7
[Service] Resume progress: 80%
[COMM] ACK received for packet ID: 4844
[COMM Resume] Checkpoint: 7
[COMM Resume] WAIT_ACK packet ID: 4844
[COMM Resume] ACK already received
[Service] Resume execution - Task 2
[Service] Resume checkpoint: 8
[Service] Resume progress: 95%
[COMM Resume] Checkpoint: 8
[COMM Resume] CONFIRM packet ID: 4844
RPT,200783,0,UNSET,CONFIRM,4844,1
[COMM] Packet confirmed: 4844
[Service] Task 2 completed
[Sensor] 30.37
[COMM] Starting packet creation
[Sensor Buffer] Stored: 30.37
[Service] Task 0 completed
[Service] Resume execution - Task 2
[Service] Resume checkpoint: 4
[Service] Resume progress: 20%
[COMM Resume] Checkpoint: 4
[COMM Resume] Continuing from CREATE
RPT,201296,0,UNSET,CREATE,4848,0
[COMM] Packet created ID: 4848
[COMM] Payload: TEMP: 30.38
[Service] Resume execution - Task 2
[Service] Resume checkpoint: 5
[Service] Resume progress: 40%
[COMM Resume] Checkpoint: 5
[COMM Resume] PREPARE packet ID: 4845
[COMM] Preparing packet ID: 4845
[Service] Resume execution - Task 2
[Service] Resume checkpoint: 6
[Service] Resume progress: 60%
[COMM Resume] Checkpoint: 6
[COMM Resume] SEND packet ID: 4845
[COMM BT] Sending: DATA|4845|TEMP: 30.38
[COMM BT] hasClient(): TRUE
[COMM BT] Bytes written: 22/22
RPT,202436,0,UNSET,SEND,4845,1
RPT,202511,0,UNSET,ENERGY,0,0
[Sensor] 30.37
[Service] Resume execution - Task 2
[Service] Resume checkpoint: 7
[Service] Resume progress: 80%
[COMM] ACK received for packet ID: 4845
[COMM RX] Remote data (packet 113): ENERGY_TEST: 715763
[COMM TX] ACK|113
[COMM BT] hasClient(): TRUE
[COMM BT] Bytes written: 8/8
[COMM Resume] Checkpoint: 7
[COMM Resume] WAIT_ACK packet ID: 4845
[COMM Resume] ACK already received
[Sensor Buffer] Stored: 30.37
[Service] Task 0 completed
[Service] Resume execution - Task 2
[Service] Resume checkpoint: 8
[Service] Resume progress: 95%
[COMM Resume] Checkpoint: 8
[COMM Resume] CONFIRM packet ID: 4845
RPT,203070,0,UNSET,CONFIRM,4845,1
[COMM] Packet confirmed: 4845
[Service] Task 2 completed
[COMM] Starting packet creation
[Service] Resume execution - Task 2
[Service] Resume checkpoint: 4
[Service] Resume progress: 20%
[COMM Resume] Checkpoint: 4
[COMM Resume] Continuing from CREATE
RPT,204099,0,UNSET,CREATE,4849,0
[COMM] Packet created ID: 4849
[COMM] Payload: TEMP: 30.38
[Sensor] 30.37
[Service] Resume execution - Task 2
[Service] Resume checkpoint: 5
[Service] Resume progress: 40%
[COMM Resume] Checkpoint: 5
[COMM Resume] PREPARE packet ID: 4846
[COMM] Preparing packet ID: 4846
[Sensor Buffer] Stored: 30.37
[Service] Task 0 completed
[Service] Resume execution - Task 2
[Service] Resume checkpoint: 6
[Service] Resume progress: 60%
[COMM Resume] Checkpoint: 6
[COMM Resume] SEND packet ID: 4846
[COMM BT] Sending: DATA|4846|TEMP: 30.38
[COMM BT] hasClient(): TRUE
[COMM BT] Bytes written: 22/22
RPT,204742,0,UNSET,SEND,4846,1
RPT,204817,0,UNSET,ENERGY,0,0
[Service] Resume execution - Task 2
[Service] Resume checkpoint: 7
[Service] Resume progress: 80%
[COMM] ACK received for packet ID: 4846
[COMM Resume] Checkpoint: 7
[COMM Resume] WAIT_ACK packet ID: 4846
[COMM Resume] ACK already received
[Service] Resume execution - Task 2
[Service] Resume checkpoint: 8
[Service] Resume progress: 95%
[COMM Resume] Checkpoint: 8
[COMM Resume] CONFIRM packet ID: 4846
RPT,205772,0,UNSET,CONFIRM,4846,1
[COMM] Packet confirmed: 4846
[Service] Task 2 completed
[Sensor] 30.37
[COMM] Starting packet creation
[Sensor Buffer] Stored: 30.37
[Service] Task 0 completed
[Service] Resume execution - Task 2
[Service] Resume checkpoint: 4
[Service] Resume progress: 20%
[COMM Resume] Checkpoint: 4
[COMM Resume] Continuing from CREATE
RPT,206285,0,UNSET,CREATE,4850,0
[COMM] Packet created ID: 4850
[COMM] Payload: TEMP: 30.38
[Service] Resume execution - Task 2
[Service] Resume checkpoint: 5
[Service] Resume progress: 40%
[COMM Resume] Checkpoint: 5
[COMM Resume] PREPARE packet ID: 4847
[COMM] Preparing packet ID: 4847
[Service] Resume execution - Task 2
[Service] Resume checkpoint: 6
[Service] Resume progress: 60%
[COMM Resume] Checkpoint: 6
[COMM Resume] SEND packet ID: 4847
[COMM BT] Sending: DATA|4847|TEMP: 30.38
[COMM BT] hasClient(): TRUE
[COMM BT] Bytes written: 22/22
RPT,207425,0,UNSET,SEND,4847,1
RPT,207500,0,UNSET,ENERGY,0,0
[Sensor] 30.37
[Service] Resume execution - Task 2
[Service] Resume checkpoint: 7
[Service] Resume progress: 80%
[COMM] ACK received for packet ID: 4847
[COMM Resume] Checkpoint: 7
[COMM Resume] WAIT_ACK packet ID: 4847
[COMM Resume] ACK already received
[Sensor Buffer] Stored: 30.37
[Service] Task 0 completed
[Service] Resume execution - Task 2
[Service] Resume checkpoint: 8
[Service] Resume progress: 95%
[COMM RX] Remote data (packet 114): ENERGY_TEST: 721023
[COMM TX] ACK|114
[COMM BT] hasClient(): TRUE
[COMM BT] Bytes written: 8/8
[COMM Resume] Checkpoint: 8
[COMM Resume] CONFIRM packet ID: 4847
RPT,208048,0,UNSET,CONFIRM,4847,1
[COMM] Packet confirmed: 4847
[Service] Task 2 completed
[COMM] Starting packet creation
[Service] Resume execution - Task 2
[Service] Resume checkpoint: 4
[Service] Resume progress: 20%
[COMM Resume] Checkpoint: 4
[COMM Resume] Continuing from CREATE
RPT,209077,0,UNSET,CREATE,4851,0
[COMM] Packet created ID: 4851
[COMM] Payload: TEMP: 30.38
[Sensor] 30.31
[Service] Resume execution - Task 2
[Service] Resume checkpoint: 5
[Service] Resume progress: 40%
[COMM Resume] Checkpoint: 5
[COMM Resume] PREPARE packet ID: 4848
[COMM] Preparing packet ID: 4848
[Sensor Buffer] Stored: 30.31
[Service] Task 0 completed
[Service] Resume execution - Task 2
[Service] Resume checkpoint: 6
[Service] Resume progress: 60%
[COMM Resume] Checkpoint: 6
[COMM Resume] SEND packet ID: 4848
[COMM BT] Sending: DATA|4848|TEMP: 30.38
[COMM BT] hasClient(): TRUE
[COMM BT] Bytes written: 22/22
RPT,209720,0,UNSET,SEND,4848,1
RPT,209795,0,UNSET,ENERGY,0,0
[Service] Resume execution - Task 2
[Service] Resume checkpoint: 7
[Service] Resume progress: 80%
[COMM] ACK received for packet ID: 4848
[COMM Resume] Checkpoint: 7
[COMM Resume] WAIT_ACK packet ID: 4848
[COMM Resume] ACK already received
[Service] Resume execution - Task 2
[Service] Resume checkpoint: 8
[Service] Resume progress: 95%
[COMM Resume] Checkpoint: 8
[COMM Resume] CONFIRM packet ID: 4848
RPT,210750,0,UNSET,CONFIRM,4848,1
[COMM] Packet confirmed: 4848
[Service] Task 2 completed
[Sensor] 30.37
[COMM] Starting packet creation
[Sensor Buffer] Stored: 30.37
[Service] Task 0 completed
[Service] Resume execution - Task 2
[Service] Resume checkpoint: 4
[Service] Resume progress: 20%
[COMM Resume] Checkpoint: 4
[COMM Resume] Continuing from CREATE
RPT,211262,0,UNSET,CREATE,4852,0
[COMM] Packet created ID: 4852
[COMM] Payload: TEMP: 30.38
[Service] Resume execution - Task 2
[Service] Resume checkpoint: 5
[Service] Resume progress: 40%
[COMM Resume] Checkpoint: 5
[COMM Resume] PREPARE packet ID: 4849
[COMM] Preparing packet ID: 4849
[Service] Resume execution - Task 2
[Service] Resume checkpoint: 6
[Service] Resume progress: 60%
[COMM Resume] Checkpoint: 6
[COMM Resume] SEND packet ID: 4849
[COMM BT] Sending: DATA|4849|TEMP: 30.38
[COMM BT] hasClient(): TRUE
[COMM BT] Bytes written: 22/22
RPT,212403,0,UNSET,SEND,4849,1
RPT,212478,0,UNSET,ENERGY,0,0
[Sensor] 30.37
[Service] Resume execution - Task 2
[Service] Resume checkpoint: 7
[Service] Resume progress: 80%
[COMM] ACK received for packet ID: 4849
[COMM Resume] Checkpoint: 7
[COMM Resume] WAIT_ACK packet ID: 4849
[COMM Resume] ACK already received
[Sensor Buffer] Stored: 30.37
[Service] Task 0 completed
[Service] Resume execution - Task 2
[Service] Resume checkpoint: 8
[Service] Resume progress: 95%
[COMM Resume] Checkpoint: 8
[COMM Resume] CONFIRM packet ID: 4849
RPT,212926,0,UNSET,CONFIRM,4849,1
[COMM] Packet confirmed: 4849
[Service] Task 2 completed
[COMM RX] Remote data (packet 115): ENERGY_TEST: 726273
[COMM TX] ACK|115
[COMM BT] hasClient(): TRUE
[COMM BT] Bytes written: 8/8
[COMM] Starting packet creation
[Service] Resume execution - Task 2
[Service] Resume checkpoint: 4
[Service] Resume progress: 20%
[COMM Resume] Checkpoint: 4
[COMM Resume] Continuing from CREATE
RPT,214055,0,UNSET,CREATE,4853,0
[COMM] Packet created ID: 4853
[COMM] Payload: TEMP: 30.38
[Sensor] 30.37
[Service] Resume execution - Task 2
[Service] Resume checkpoint: 5
[Service] Resume progress: 40%
[COMM Resume] Checkpoint: 5
[COMM Resume] PREPARE packet ID: 4850
[COMM] Preparing packet ID: 4850
[Sensor Buffer] Stored: 30.37
[Service] Task 0 completed
[Service] Resume execution - Task 2
[Service] Resume checkpoint: 6
[Service] Resume progress: 60%
[COMM Resume] Checkpoint: 6
[COMM Resume] SEND packet ID: 4850
[COMM BT] Sending: DATA|4850|TEMP: 30.38
[COMM BT] hasClient(): TRUE
[COMM BT] Bytes written: 22/22
RPT,214698,0,UNSET,SEND,4850,1
RPT,214773,0,UNSET,ENERGY,0,0
[Service] Resume execution - Task 2
[Service] Resume checkpoint: 7
[Service] Resume progress: 80%
[COMM] ACK received for packet ID: 4850
[COMM Resume] Checkpoint: 7
[COMM Resume] WAIT_ACK packet ID: 4850
[COMM Resume] ACK already received
[Service] Resume execution - Task 2
[Service] Resume checkpoint: 8
[Service] Resume progress: 95%
[COMM Resume] Checkpoint: 8
[COMM Resume] CONFIRM packet ID: 4850
RPT,215728,0,UNSET,CONFIRM,4850,1
[COMM] Packet confirmed: 4850
[Service] Task 2 completed
[Sensor] 30.31
[COMM] Starting packet creation
[Sensor Buffer] Stored: 30.31
[Service] Task 0 completed
[Service] Resume execution - Task 2
[Service] Resume checkpoint: 4
[Service] Resume progress: 20%
[COMM Resume] Checkpoint: 4
[COMM Resume] Continuing from CREATE
RPT,216240,0,UNSET,CREATE,4854,0
[COMM] Packet created ID: 4854
[COMM] Payload: TEMP: 30.31
[Service] Resume execution - Task 2
[Service] Resume checkpoint: 5
[Service] Resume progress: 40%
[COMM Resume] Checkpoint: 5
[COMM Resume] PREPARE packet ID: 4851
[COMM] Preparing packet ID: 4851
[Service] Resume execution - Task 2
[Service] Resume checkpoint: 6
[Service] Resume progress: 60%
[COMM Resume] Checkpoint: 6
[COMM Resume] SEND packet ID: 4851
[COMM BT] Sending: DATA|4851|TEMP: 30.38
[COMM BT] hasClient(): TRUE
[COMM BT] Bytes written: 22/22
RPT,217381,0,UNSET,SEND,4851,1
RPT,217456,0,UNSET,ENERGY,0,0
[Sensor] 30.31
[Service] Resume execution - Task 2
[Service] Resume checkpoint: 7
[Service] Resume progress: 80%
[COMM] ACK received for packet ID: 4851
[COMM Resume] Checkpoint: 7
[COMM Resume] WAIT_ACK packet ID: 4851
[COMM Resume] ACK already received
[Sensor Buffer] Stored: 30.31
[Service] Task 0 completed
[Service] Resume execution - Task 2
[Service] Resume checkpoint: 8
[Service] Resume progress: 95%
[COMM Resume] Checkpoint: 8
[COMM Resume] CONFIRM packet ID: 4851
RPT,217904,0,UNSET,CONFIRM,4851,1
[COMM] Packet confirmed: 4851
[Service] Task 2 completed
[COMM] Starting packet creation
[Service] Resume execution - Task 2
[Service] Resume checkpoint: 4
[Service] Resume progress: 20%
[COMM RX] Remote data (packet 116): ENERGY_TEST: 731513
[COMM TX] ACK|116
[COMM BT] hasClient(): TRUE
[COMM BT] Bytes written: 8/8
[COMM Resume] Checkpoint: 4
[COMM Resume] Continuing from CREATE
RPT,219033,0,UNSET,CREATE,4855,0
[COMM] Packet created ID: 4855
[COMM] Payload: TEMP: 30.31
[Sensor] 30.37
[Service] Resume execution - Task 2
[Service] Resume checkpoint: 5
[Service] Resume progress: 40%
[COMM Resume] Checkpoint: 5
[COMM Resume] PREPARE packet ID: 4852
[COMM] Preparing packet ID: 4852
[Sensor Buffer] Stored: 30.37
[Service] Task 0 completed
[Service] Resume execution - Task 2
[Service] Resume checkpoint: 6
[Service] Resume progress: 60%
[COMM Resume] Checkpoint: 6
[COMM Resume] SEND packet ID: 4852
[COMM BT] Sending: DATA|4852|TEMP: 30.38
[COMM BT] hasClient(): TRUE
[COMM BT] Bytes written: 22/22
RPT,219676,0,UNSET,SEND,4852,1
RPT,219751,0,UNSET,ENERGY,0,0
[Service] Resume execution - Task 2
[Service] Resume checkpoint: 7
[Service] Resume progress: 80%
[COMM] ACK received for packet ID: 4852
[COMM Resume] Checkpoint: 7
[COMM Resume] WAIT_ACK packet ID: 4852
[COMM Resume] ACK already received
[Service] Resume execution - Task 2
[Service] Resume checkpoint: 8
[Service] Resume progress: 95%
[COMM Resume] Checkpoint: 8
[COMM Resume] CONFIRM packet ID: 4852
RPT,220706,0,UNSET,CONFIRM,4852,1
[COMM] Packet confirmed: 4852
[Service] Task 2 completed
[Sensor] 30.37
[COMM] Starting packet creation
[Sensor Buffer] Stored: 30.37
[Service] Task 0 completed
[Service] Resume execution - Task 2
[Service] Resume checkpoint: 4
[Service] Resume progress: 20%
[COMM Resume] Checkpoint: 4
[COMM Resume] Continuing from CREATE
RPT,221219,0,UNSET,CREATE,4856,0
[COMM] Packet created ID: 4856
[COMM] Payload: TEMP: 30.38
[Service] Resume execution - Task 2
[Service] Resume checkpoint: 5
[Service] Resume progress: 40%
[COMM Resume] Checkpoint: 5
[COMM Resume] PREPARE packet ID: 4853
[COMM] Preparing packet ID: 4853
[Service] Resume execution - Task 2
[Service] Resume checkpoint: 6
[Service] Resume progress: 60%
[COMM Resume] Checkpoint: 6
[COMM Resume] SEND packet ID: 4853
[COMM BT] Sending: DATA|4853|TEMP: 30.38
[COMM BT] hasClient(): TRUE
[COMM BT] Bytes written: 22/22
RPT,222359,0,UNSET,SEND,4853,1
RPT,222434,0,UNSET,ENERGY,0,0
[Sensor] 30.37
[Service] Resume execution - Task 2
[Service] Resume checkpoint: 7
[Service] Resume progress: 80%
[COMM] ACK received for packet ID: 4853
[COMM Resume] Checkpoint: 7
[COMM Resume] WAIT_ACK packet ID: 4853
[COMM Resume] ACK already received
[Sensor Buffer] Stored: 30.37
[Service] Task 0 completed
[Service] Resume execution - Task 2
[Service] Resume checkpoint: 8
[Service] Resume progress: 95%
[COMM Resume] Checkpoint: 8
[COMM Resume] CONFIRM packet ID: 4853
RPT,222882,0,UNSET,CONFIRM,4853,1
[COMM] Packet confirmed: 4853
[Service] Task 2 completed
[COMM] Starting packet creation
[Service] Resume execution - Task 2
[Service] Resume checkpoint: 4
[Service] Resume progress: 20%
[COMM Resume] Checkpoint: 4
[COMM Resume] Continuing from CREATE
RPT,223911,0,UNSET,CREATE,4857,0
[COMM] Packet created ID: 4857
[COMM] Payload: TEMP: 30.38
[Sensor] 30.31
[Service] Resume execution - Task 2
[Service] Resume checkpoint: 5
[Service] Resume progress: 40%
[COMM RX] Remote data (packet 117): ENERGY_TEST: 737263
[COMM TX] ACK|117
[COMM BT] hasClient(): TRUE
[COMM BT] Bytes written: 8/8
[COMM Resume] Checkpoint: 5
[COMM Resume] PREPARE packet ID: 4854
[COMM] Preparing packet ID: 4854
[Sensor Buffer] Stored: 30.31
[Service] Task 0 completed
[Service] Resume execution - Task 2
[Service] Resume checkpoint: 6
[Service] Resume progress: 60%
[COMM Resume] Checkpoint: 6
[COMM Resume] SEND packet ID: 4854
[COMM BT] Sending: DATA|4854|TEMP: 30.31
[COMM BT] hasClient(): TRUE
[COMM BT] Bytes written: 22/22
RPT,224654,0,UNSET,SEND,4854,1
RPT,224729,0,UNSET,ENERGY,0,0
[Service] Resume execution - Task 2
[Service] Resume checkpoint: 7
[Service] Resume progress: 80%
[COMM] ACK received for packet ID: 4854
[COMM Resume] Checkpoint: 7
[COMM Resume] WAIT_ACK packet ID: 4854
[COMM Resume] ACK already received
[Service] Resume execution - Task 2
[Service] Resume checkpoint: 8
[Service] Resume progress: 95%
[COMM Resume] Checkpoint: 8
[COMM Resume] CONFIRM packet ID: 4854
RPT,225684,0,UNSET,CONFIRM,4854,1
[COMM] Packet confirmed: 4854
[Service] Task 2 completed
[Sensor] 30.31
[COMM] Starting packet creation
[Sensor Buffer] Stored: 30.31
[Service] Task 0 completed
[Service] Resume execution - Task 2
[Service] Resume checkpoint: 4
[Service] Resume progress: 20%
[COMM Resume] Checkpoint: 4
[COMM Resume] Continuing from CREATE
RPT,226196,0,UNSET,CREATE,4858,0
[COMM] Packet created ID: 4858
[COMM] Payload: TEMP: 30.31
[Service] Resume execution - Task 2
[Service] Resume checkpoint: 5
[Service] Resume progress: 40%
[COMM Resume] Checkpoint: 5
[COMM Resume] PREPARE packet ID: 4855
[COMM] Preparing packet ID: 4855
[Service] Resume execution - Task 2
[Service] Resume checkpoint: 6
[Service] Resume progress: 60%
[COMM Resume] Checkpoint: 6
[COMM Resume] SEND packet ID: 4855
[COMM BT] Sending: DATA|4855|TEMP: 30.31
[COMM BT] hasClient(): TRUE
[COMM BT] Bytes written: 22/22
RPT,227337,0,UNSET,SEND,4855,1
RPT,227412,0,UNSET,ENERGY,0,0
[Sensor] 30.31
[Service] Resume execution - Task 2
[Service] Resume checkpoint: 7
[Service] Resume progress: 80%
[COMM] ACK received for packet ID: 4855
[COMM Resume] Checkpoint: 7
[COMM Resume] WAIT_ACK packet ID: 4855
[COMM Resume] ACK already received
[Sensor Buffer] Stored: 30.31
[Service] Task 0 completed
[Service] Resume execution - Task 2
[Service] Resume checkpoint: 8
[Service] Resume progress: 95%
[COMM Resume] Checkpoint: 8
[COMM Resume] CONFIRM packet ID: 4855
RPT,227860,0,UNSET,CONFIRM,4855,1
[COMM] Packet confirmed: 4855
[Service] Task 2 completed
[COMM] Starting packet creation
[Service] Resume execution - Task 2
[Service] Resume checkpoint: 4
[Service] Resume progress: 20%
[COMM Resume] Checkpoint: 4
[COMM Resume] Continuing from CREATE
RPT,228889,0,UNSET,CREATE,4859,0
[COMM] Packet created ID: 4859
[COMM] Payload: TEMP: 30.31
[Sensor] 30.31
[Service] Resume execution - Task 2
[Service] Resume checkpoint: 5
[Service] Resume progress: 40%
[COMM Resume] Checkpoint: 5
[COMM Resume] PREPARE packet ID: 4856
[COMM] Preparing packet ID: 4856
[Sensor Buffer] Stored: 30.31
[Service] Task 0 completed
[Service] Resume execution - Task 2
[Service] Resume checkpoint: 6
[Service] Resume progress: 60%
[COMM RX] Remote data (packet 118): ENERGY_TEST: 742513
[COMM TX] ACK|118
[COMM BT] hasClient(): TRUE
[COMM BT] Bytes written: 8/8
[COMM Resume] Checkpoint: 6
[COMM Resume] SEND packet ID: 4856
[COMM BT] Sending: DATA|4856|TEMP: 30.38
[COMM BT] hasClient(): TRUE
[COMM BT] Bytes written: 22/22
RPT,229632,0,UNSET,SEND,4856,1
RPT,229707,0,UNSET,ENERGY,0,0
[Service] Resume execution - Task 2
[Service] Resume checkpoint: 7
[Service] Resume progress: 80%
[COMM] ACK received for packet ID: 4856
[COMM Resume] Checkpoint: 7
[COMM Resume] WAIT_ACK packet ID: 4856
[COMM Resume] ACK already received
[Service] Resume execution - Task 2
[Service] Resume checkpoint: 8
[Service] Resume progress: 95%
[COMM Resume] Checkpoint: 8
[COMM Resume] CONFIRM packet ID: 4856
RPT,230662,0,UNSET,CONFIRM,4856,1
[COMM] Packet confirmed: 4856
[Service] Task 2 completed
[Sensor] 30.31
[COMM] Starting packet creation
[Sensor Buffer] Stored: 30.31
[Service] Task 0 completed
[Service] Resume execution - Task 2
[Service] Resume checkpoint: 4
[Service] Resume progress: 20%
[COMM Resume] Checkpoint: 4
[COMM Resume] Continuing from CREATE
RPT,231175,0,UNSET,CREATE,4860,0
[COMM] Packet created ID: 4860
[COMM] Payload: TEMP: 30.31
[Service] Resume execution - Task 2
[Service] Resume checkpoint: 5
[Service] Resume progress: 40%
[COMM Resume] Checkpoint: 5
[COMM Resume] PREPARE packet ID: 4857
[COMM] Preparing packet ID: 4857
[Service] Resume execution - Task 2
[Service] Resume checkpoint: 6
[Service] Resume progress: 60%
[COMM Resume] Checkpoint: 6
[COMM Resume] SEND packet ID: 4857
[COMM BT] Sending: DATA|4857|TEMP: 30.38
[COMM BT] hasClient(): TRUE
[COMM BT] Bytes written: 22/22
RPT,232315,0,UNSET,SEND,4857,1
RPT,232390,0,UNSET,ENERGY,0,0
[Sensor] 30.31
[Service] Resume execution - Task 2
[Service] Resume checkpoint: 7
[Service] Resume progress: 80%
[COMM] ACK received for packet ID: 4857
[COMM Resume] Checkpoint: 7
[COMM Resume] WAIT_ACK packet ID: 4857
[COMM Resume] ACK already received
[Sensor Buffer] Stored: 30.31
[Service] Task 0 completed
[Service] Resume execution - Task 2
[Service] Resume checkpoint: 8
[Service] Resume progress: 95%
[COMM Resume] Checkpoint: 8
[COMM Resume] CONFIRM packet ID: 4857
RPT,232838,0,UNSET,CONFIRM,4857,1
[COMM] Packet confirmed: 4857
[Service] Task 2 completed
[COMM] Starting packet creation
[Service] Resume execution - Task 2
[Service] Resume checkpoint: 4
[Service] Resume progress: 20%
[COMM Resume] Checkpoint: 4
[COMM Resume] Continuing from CREATE
RPT,233867,0,UNSET,CREATE,4861,0
[COMM] Packet created ID: 4861
[COMM] Payload: TEMP: 30.31
[Sensor] 30.31
[Service] Resume execution - Task 2
[Service] Resume checkpoint: 5
[Service] Resume progress: 40%
[COMM Resume] Checkpoint: 5
[COMM Resume] PREPARE packet ID: 4858
[COMM] Preparing packet ID: 4858
[Sensor Buffer] Stored: 30.31
[Service] Task 0 completed
[Service] Resume execution - Task 2
[Service] Resume checkpoint: 6
[Service] Resume progress: 60%
[COMM Resume] Checkpoint: 6
[COMM Resume] SEND packet ID: 4858
[COMM BT] Sending: DATA|4858|TEMP: 30.31
[COMM BT] hasClient(): TRUE
[COMM BT] Bytes written: 22/22
RPT,234510,0,UNSET,SEND,4858,1
RPT,234585,0,UNSET,ENERGY,0,0
[Service] Resume execution - Task 2
[Service] Resume checkpoint: 7
[Service] Resume progress: 80%
[COMM] ACK received for packet ID: 4858
[COMM RX] Remote data (packet 119): ENERGY_TEST: 747833
[COMM TX] ACK|119
[COMM BT] hasClient(): TRUE
[COMM BT] Bytes written: 8/8
[COMM Resume] Checkpoint: 7
[COMM Resume] WAIT_ACK packet ID: 4858
[COMM Resume] ACK already received
[Service] Resume execution - Task 2
[Service] Resume checkpoint: 8
[Service] Resume progress: 95%
[COMM Resume] Checkpoint: 8
[COMM Resume] CONFIRM packet ID: 4858
RPT,235651,0,UNSET,CONFIRM,4858,1
[COMM] Packet confirmed: 4858
[Service] Task 2 completed
[Sensor] 30.31
[COMM] Starting packet creation
[Sensor Buffer] Stored: 30.31
[Service] Task 0 completed
[Service] Resume execution - Task 2
[Service] Resume checkpoint: 4
[Service] Resume progress: 20%
[COMM Resume] Checkpoint: 4
[COMM Resume] Continuing from CREATE
RPT,236163,0,UNSET,CREATE,4862,0
[COMM] Packet created ID: 4862
[COMM] Payload: TEMP: 30.31
[Service] Resume execution - Task 2
[Service] Resume checkpoint: 5
[Service] Resume progress: 40%
[COMM Resume] Checkpoint: 5
[COMM Resume] PREPARE packet ID: 4859
[COMM] Preparing packet ID: 4859
[Service] Resume execution - Task 2
[Service] Resume checkpoint: 6
[Service] Resume progress: 60%
[COMM Resume] Checkpoint: 6
[COMM Resume] SEND packet ID: 4859
[COMM BT] Sending: DATA|4859|TEMP: 30.31
[COMM BT] hasClient(): TRUE
[COMM BT] Bytes written: 22/22
RPT,237304,0,UNSET,SEND,4859,1
RPT,237379,0,UNSET,ENERGY,0,0
[Sensor] 30.37
[Service] Resume execution - Task 2
[Service] Resume checkpoint: 7
[Service] Resume progress: 80%
[COMM] ACK received for packet ID: 4859
[COMM Resume] Checkpoint: 7
[COMM Resume] WAIT_ACK packet ID: 4859
[COMM Resume] ACK already received
[Sensor Buffer] Stored: 30.37
[Service] Task 0 completed
[Service] Resume execution - Task 2
[Service] Resume checkpoint: 8
[Service] Resume progress: 95%
[COMM Resume] Checkpoint: 8
[COMM Resume] CONFIRM packet ID: 4859
RPT,237827,0,UNSET,CONFIRM,4859,1
[COMM] Packet confirmed: 4859
[Service] Task 2 completed
[COMM] Starting packet creation
[Service] Resume execution - Task 2
[Service] Resume checkpoint: 4
[Service] Resume progress: 20%
[COMM Resume] Checkpoint: 4
[COMM Resume] Continuing from CREATE
RPT,238856,0,UNSET,CREATE,4863,0
[COMM] Packet created ID: 4863
[COMM] Payload: TEMP: 30.38
[Sensor] 30.37
[Service] Resume execution - Task 2
[Service] Resume checkpoint: 5
[Service] Resume progress: 40%
[COMM Resume] Checkpoint: 5
[COMM Resume] PREPARE packet ID: 4860
[COMM] Preparing packet ID: 4860
[Sensor Buffer] Stored: 30.37
[Service] Task 0 completed
[Service] Resume execution - Task 2
[Service] Resume checkpoint: 6
[Service] Resume progress: 60%
[COMM Resume] Checkpoint: 6
[COMM Resume] SEND packet ID: 4860
[COMM BT] Sending: DATA|4860|TEMP: 30.31
[COMM BT] hasClient(): TRUE
[COMM BT] Bytes written: 22/22
RPT,239499,0,UNSET,SEND,4860,1
RPT,239574,0,UNSET,ENERGY,0,0
[Service] Resume execution - Task 2
[Service] Resume checkpoint: 7
[Service] Resume progress: 80%
[COMM] ACK received for packet ID: 4860
[COMM Resume] Checkpoint: 7
[COMM Resume] WAIT_ACK packet ID: 4860
[COMM Resume] ACK already received
[Service] Resume execution - Task 2
[Service] Resume checkpoint: 8
[Service] Resume progress: 95%
[COMM RX] Remote data (packet 120): ENERGY_TEST: 753093
[COMM TX] ACK|120
[COMM BT] hasClient(): TRUE
[COMM BT] Bytes written: 8/8
[COMM Resume] Checkpoint: 8
[COMM Resume] CONFIRM packet ID: 4860
RPT,240629,0,UNSET,CONFIRM,4860,1
[COMM] Packet confirmed: 4860
[Service] Task 2 completed
[Sensor] 30.31
[COMM] Starting packet creation
[Sensor Buffer] Stored: 30.31
[Service] Task 0 completed
[Service] Resume execution - Task 2
[Service] Resume checkpoint: 4
[Service] Resume progress: 20%
[COMM Resume] Checkpoint: 4
[COMM Resume] Continuing from CREATE
RPT,241151,0,UNSET,CREATE,4864,0
[COMM] Packet created ID: 4864
[COMM] Payload: TEMP: 30.31
ets Jul 29 2019 12:21:46

rst:0x1 (POWERON_RESET),boot:0x17 (SPI_FAST_FLASH_BOOT)
configsip: 0, SPIWP:0xee
clk_drv:0x00,q_drv:0x00,d_drv:0x00,cs0_drv:0x00,hd_drv:0x00,wp_drv:0x00
mode:DIO, clock div:1
load:0x3fff0030,len:1184
load:0x40078000,len:13220
ho 0 tail 12 room 4
load:0x40080400,len:3028
entry 0x400805e4

=================================
  PERSISTENT OS - REPORT BUILD
=================================

RPT,millis,scenario_id,scenario_name,event,packetId,value

[REPORT] =================================
[REPORT] Tagueo de escenario (paper, Sección 4)
[REPORT] =================================
[REPORT] a -> 1. NORMAL
[REPORT] b -> 2. REMOTE_OFF
[REPORT] c -> 3. ACK_DELAYED
[REPORT] d -> 4. CUT_WAIT_ACK
[REPORT] e -> 5. CUT_BEFORE_SEND
[REPORT] f -> 6. CUT_AFTER_CREATE
[REPORT] g -> 7. CUT_RECEIVER_ACK_LOST
[REPORT] h -> mostrar este menú
[REPORT] =================================

[SIM] Simulation manager initialized
[ALARM] Manager initialized
[FRAM] Hardware detected
[BOOT] Persistent memory available
[BOOT] Previous state recovered
[BOOT] Count: 118
[BOOT] Recovery: YES
[ResumeManager] Recovery mode: ENABLED
[COMM] Initializing Bluetooth...
[COMM] Bluetooth begin attempt #1
[COMM] Bluetooth initialized
[COMM] Device name: PersistentOS1
[COMM] Searching for PersistentOS2...
[COMM] Bluetooth connect attempt #1
[ 23332][E][BluetoothSerial.cpp:378] esp_spp_cb(): ESP_SPP_DISCOVERY_COMP_EVT failed!, status:1
[COMM] Connection to remote node failed, retrying...
[COMM] Bluetooth connect attempt #2
[COMM] Connected to PersistentOS2
[COMM] Bluetooth selected
[SYSTEM] Communication manager ready

[ENERGY] Manager initialized
[ENERGY] Level: 100.00% | State: NORMAL
[PREDICTION] Manager initialized
[BEHAVIOR] Manager initialized

=================================
Scenario: NORMAL
=================================

[SYSTEM] Sensor service ready
[SYSTEM] Communication service ready
[SYSTEM] Failure manager ready
[SYSTEM] Energy manager ready

[SYSTEM] =================================
[SYSTEM] RECOVERY BOOT DETECTED
[SYSTEM] =================================
[SYSTEM] Task 0 checkpoint: 9 | progress: 100% | completed: YES
[SYSTEM] Task 1 checkpoint: 0 | progress: 0% | completed: NO
[SYSTEM] Task 2 checkpoint: 5 | progress: 40% | completed: NO
[SYSTEM] Task 3 checkpoint: 0 | progress: 0% | completed: NO
[SYSTEM] Task 4 checkpoint: 0 | progress: 0% | completed: NO
[SYSTEM] Task 5 checkpoint: 0 | progress: 0% | completed: NO
[SYSTEM] Task 6 checkpoint: 0 | progress: 0% | completed: NO
[SYSTEM] Task 7 checkpoint: 0 | progress: 0% | completed: NO
[SYSTEM] Task 8 checkpoint: 0 | progress: 0% | completed: NO
[SYSTEM] Task 9 checkpoint: 0 | progress: 0% | completed: NO
[SYSTEM] =================================

RPT,36012,0,UNSET,BOOT_RECOVERY,0,0
[COMM BT] CLIENT CONNECTED
RPT,36088,0,UNSET,BT_CONNECTED,0,0
[Service] Resume execution - Task 2
[Service] Resume checkpoint: 5
[Service] Resume progress: 40%
[COMM Resume] Checkpoint: 5
[COMM Resume] PREPARE packet ID: 4861
[COMM] Preparing packet ID: 4861
RPT,36184,0,UNSET,ENERGY,0,10000
[Service] Resume execution - Task 2
[Service] Resume checkpoint: 6
[Service] Resume progress: 60%
[COMM Resume] Checkpoint: 6
[COMM Resume] SEND packet ID: 4861
[COMM BT] Sending: DATA|4861|TEMP: 30.31
[COMM BT] hasClient(): TRUE
[COMM BT] Bytes written: 22/22
RPT,36978,0,UNSET,SEND,4861,1
[Sensor] 30.25
[Service] Resume execution - Task 2
[Service] Resume checkpoint: 7
[Service] Resume progress: 80%
[COMM] ACK received for packet ID: 4861
[COMM Resume] Checkpoint: 7
[COMM Resume] WAIT_ACK packet ID: 4861
[COMM Resume] ACK already received
[Sensor Buffer] Stored: 30.25
[Service] Task 0 completed
[Service] Resume execution - Task 2
[Service] Resume checkpoint: 8
[Service] Resume progress: 95%
[COMM RX] Remote data (packet 121): ENERGY_TEST: 792663
[COMM TX] ACK|121
[COMM BT] hasClient(): TRUE
[COMM BT] Bytes written: 8/8
[COMM Resume] Checkpoint: 8
[COMM Resume] CONFIRM packet ID: 4861
RPT,37600,0,UNSET,CONFIRM,4861,1
RPT,37610,0,UNSET,RECOVERY_LATENCY_MS,4861,1588
[COMM] Packet confirmed: 4861
[Service] Task 2 completed
[COMM] Starting packet creation
[Service] Resume execution - Task 2
[Service] Resume checkpoint: 4
[Service] Resume progress: 20%
[COMM Resume] Checkpoint: 4
[COMM Resume] Continuing from CREATE
RPT,38629,0,UNSET,CREATE,4865,0
[COMM] Packet created ID: 4865
[COMM] Payload: TEMP: 30.25
RPT,38715,0,UNSET,ENERGY,0,9000
[Sensor] 30.31
[Service] Resume execution - Task 2
[Service] Resume checkpoint: 5
[Service] Resume progress: 40%
[COMM Resume] Checkpoint: 5
[COMM Resume] PREPARE packet ID: 4862
[COMM] Preparing packet ID: 4862
[Sensor Buffer] Stored: 30.31
[Service] Task 0 completed
[Service] Resume execution - Task 2
[Service] Resume checkpoint: 6
[Service] Resume progress: 60%
[COMM Resume] Checkpoint: 6
[COMM Resume] SEND packet ID: 4862
[COMM BT] Sending: DATA|4862|TEMP: 30.31
[COMM BT] hasClient(): TRUE
[COMM BT] Bytes written: 22/22
RPT,39273,0,UNSET,SEND,4862,1
[Service] Resume execution - Task 2
[Service] Resume checkpoint: 7
[Service] Resume progress: 80%
[COMM] ACK received for packet ID: 4862
[COMM Resume] Checkpoint: 7
[COMM Resume] WAIT_ACK packet ID: 4862
[COMM Resume] ACK already received
[Service] Resume execution - Task 2
[Service] Resume checkpoint: 8
[Service] Resume progress: 95%
[COMM Resume] Checkpoint: 8
[COMM Resume] CONFIRM packet ID: 4862
RPT,40302,0,UNSET,CONFIRM,4862,1
[COMM] Packet confirmed: 4862
[Service] Task 2 completed
[Sensor] 30.31
[COMM] Starting packet creation
[Sensor Buffer] Stored: 30.31
[Service] Task 0 completed
[Service] Resume execution - Task 2
[Service] Resume checkpoint: 4
[Service] Resume progress: 20%
[COMM Resume] Checkpoint: 4
[COMM Resume] Continuing from CREATE
RPT,40814,0,UNSET,CREATE,4866,0
[COMM] Packet created ID: 4866
[COMM] Payload: TEMP: 30.31
RPT,40901,0,UNSET,ENERGY,0,8500
[Service] Resume execution - Task 2
[Service] Resume checkpoint: 5
[Service] Resume progress: 40%
[COMM Resume] Checkpoint: 5
[COMM Resume] PREPARE packet ID: 4863
[COMM] Preparing packet ID: 4863
[Service] Resume execution - Task 2
[Service] Resume checkpoint: 6
[Service] Resume progress: 60%
[COMM Resume] Checkpoint: 6
[COMM Resume] SEND packet ID: 4863
[COMM BT] Sending: DATA|4863|TEMP: 30.38
[COMM BT] hasClient(): TRUE
[COMM BT] Bytes written: 22/22
RPT,41955,0,UNSET,SEND,4863,1
[Sensor] 30.31
[Service] Resume execution - Task 2
[Service] Resume checkpoint: 7
[Service] Resume progress: 80%
[COMM] ACK received for packet ID: 4863
[COMM Resume] Checkpoint: 7
[COMM Resume] WAIT_ACK packet ID: 4863
[COMM Resume] ACK already received
[Sensor Buffer] Stored: 30.31
[Service] Task 0 completed
[Service] Resume execution - Task 2
[Service] Resume checkpoint: 8
[Service] Resume progress: 95%
[COMM Resume] Checkpoint: 8
[COMM Resume] CONFIRM packet ID: 4863
RPT,42477,0,UNSET,CONFIRM,4863,1
[COMM] Packet confirmed: 4863
[Service] Task 2 completed
[COMM RX] Remote data (packet 122): ENERGY_TEST: 797773
[COMM TX] ACK|122
[COMM BT] hasClient(): TRUE
[COMM BT] Bytes written: 8/8
[COMM] Starting packet creation
RPT,42913,0,UNSET,ENERGY,0,8000
[Service] Resume execution - Task 2
[Service] Resume checkpoint: 4
[Service] Resume progress: 20%
[COMM Resume] Checkpoint: 4
[COMM Resume] Continuing from CREATE
RPT,43606,0,UNSET,CREATE,4867,0
[COMM] Packet created ID: 4867
[COMM] Payload: TEMP: 30.31
[Sensor] 30.31
[Service] Resume execution - Task 2
[Service] Resume checkpoint: 5
[Service] Resume progress: 40%
[COMM Resume] Checkpoint: 5
[COMM Resume] PREPARE packet ID: 4864
[COMM] Preparing packet ID: 4864
[Sensor Buffer] Stored: 30.31
[Service] Task 0 completed
[Service] Resume execution - Task 2
[Service] Resume checkpoint: 6
[Service] Resume progress: 60%
[COMM Resume] Checkpoint: 6
[COMM Resume] SEND packet ID: 4864
[COMM BT] Sending: DATA|4864|TEMP: 30.31
[COMM BT] hasClient(): TRUE
[COMM BT] Bytes written: 22/22
RPT,44249,0,UNSET,SEND,4864,1
[Service] Resume execution - Task 2
[Service] Resume checkpoint: 7
[Service] Resume progress: 80%
[COMM] ACK received for packet ID: 4864
[COMM Resume] Checkpoint: 7
[COMM Resume] WAIT_ACK packet ID: 4864
[COMM Resume] ACK already received
[Service] Resume execution - Task 2
[Service] Resume checkpoint: 8
[Service] Resume progress: 95%
[COMM Resume] Checkpoint: 8
[COMM Resume] CONFIRM packet ID: 4864
RPT,45278,0,UNSET,CONFIRM,4864,1
[COMM] Packet confirmed: 4864
[Service] Task 2 completed
RPT,45354,0,UNSET,ENERGY,0,7000
[Sensor] 30.31
[COMM] Starting packet creation
[Sensor Buffer] Stored: 30.31
[Service] Task 0 completed
[Service] Resume execution - Task 2
[Service] Resume checkpoint: 4
[Service] Resume progress: 20%
[COMM Resume] Checkpoint: 4
[COMM Resume] Continuing from CREATE
RPT,45790,0,UNSET,CREATE,4868,0
[COMM] Packet created ID: 4868
[COMM] Payload: TEMP: 30.31
[Service] Resume execution - Task 2
[Service] Resume checkpoint: 5
[Service] Resume progress: 40%
[COMM Resume] Checkpoint: 5
[COMM Resume] PREPARE packet ID: 4865
[COMM] Preparing packet ID: 4865
[Service] Resume execution - Task 2
[Service] Resume checkpoint: 6
[Service] Resume progress: 60%
[COMM Resume] Checkpoint: 6
[COMM Resume] SEND packet ID: 4865
[COMM BT] Sending: DATA|4865|TEMP: 30.25
[COMM BT] hasClient(): TRUE
[COMM BT] Bytes written: 22/22
RPT,46931,0,UNSET,SEND,4865,1
[Sensor] 30.37
[Service] Resume execution - Task 2
[Service] Resume checkpoint: 7
[Service] Resume progress: 80%
[COMM] ACK received for packet ID: 4865
[COMM Resume] Checkpoint: 7
[COMM Resume] WAIT_ACK packet ID: 4865
[COMM Resume] ACK already received
[Sensor Buffer] Stored: 30.37
[Service] Task 0 completed
[Service] Resume execution - Task 2
[Service] Resume checkpoint: 8
[Service] Resume progress: 95%
[COMM Resume] Checkpoint: 8
[COMM Resume] CONFIRM packet ID: 4865
RPT,47453,0,UNSET,CONFIRM,4865,1
[COMM] Packet confirmed: 4865
[Service] Task 2 completed
RPT,47538,0,UNSET,ENERGY,0,6500
[COMM] Starting packet creation
[Service] Resume execution - Task 2
[Service] Resume checkpoint: 4
[Service] Resume progress: 20%
[COMM RX] Remote data (packet 123): ENERGY_TEST: 802993
[COMM TX] ACK|123
[COMM BT] hasClient(): TRUE
[COMM BT] Bytes written: 8/8
[COMM Resume] Checkpoint: 4
[COMM Resume] Continuing from CREATE
RPT,48582,0,UNSET,CREATE,4869,0
[COMM] Packet created ID: 4869
[COMM] Payload: TEMP: 30.38
[Sensor] 30.31
[Service] Resume execution - Task 2
[Service] Resume checkpoint: 5
[Service] Resume progress: 40%
[COMM Resume] Checkpoint: 5
[COMM Resume] PREPARE packet ID: 4866
[COMM] Preparing packet ID: 4866
[Sensor Buffer] Stored: 30.31
[Service] Task 0 completed
[Service] Resume execution - Task 2
[Service] Resume checkpoint: 6
[Service] Resume progress: 60%
[COMM Resume] Checkpoint: 6
[COMM Resume] SEND packet ID: 4866
[COMM BT] Sending: DATA|4866|TEMP: 30.31
[COMM BT] hasClient(): TRUE
[COMM BT] Bytes written: 22/22
RPT,49225,0,UNSET,SEND,4866,1
[Service] Resume execution - Task 2
[Service] Resume checkpoint: 7
[Service] Resume progress: 80%
[COMM] ACK received for packet ID: 4866
[COMM Resume] Checkpoint: 7
[COMM Resume] WAIT_ACK packet ID: 4866
[COMM Resume] ACK already received
[FailureManager] Failure cleared

=================================
Scenario: FAIL CREATE
=================================
RPT,49636,0,UNSET,ENERGY,0,6000
[Service] Resume execution - Task 2
[Service] Resume checkpoint: 0
[Service] Resume progress: 0%
[COMM Resume] Checkpoint: 0
[COMM Resume] Invalid checkpoint: 0
[TEST] COMM checkpoint: 0
[Sensor] 30.31
[Service] Resume execution - Task 2
[Service] Resume checkpoint: 0
[Service] Resume progress: 0%
[COMM Resume] Checkpoint: 0
[COMM Resume] Invalid checkpoint: 0
[TEST] COMM checkpoint: 0
[Sensor Buffer] Stored: 30.31
[Service] Task 0 completed
[Service] Resume execution - Task 2
[Service] Resume checkpoint: 0
[Service] Resume progress: 0%
[COMM Resume] Checkpoint: 0
[COMM Resume] Invalid checkpoint: 0
[TEST] COMM checkpoint: 0
[Service] Resume execution - Task 2
[Service] Resume checkpoint: 0
[Service] Resume progress: 0%
[COMM Resume] Checkpoint: 0
[COMM Resume] Invalid checkpoint: 0
[TEST] COMM checkpoint: 0
[Service] Resume execution - Task 2
[Service] Resume checkpoint: 0
[Service] Resume progress: 0%
[COMM Resume] Checkpoint: 0
[COMM Resume] Invalid checkpoint: 0
[TEST] COMM checkpoint: 0
[Sensor] 30.31
[Service] Resume execution - Task 2
[Service] Resume checkpoint: 0
[Service] Resume progress: 0%
[COMM Resume] Checkpoint: 0
[COMM Resume] Invalid checkpoint: 0
[TEST] COMM checkpoint: 0
RPT,51767,0,UNSET,ENERGY,0,5000
[Sensor Buffer] Stored: 30.31
[Service] Task 0 completed
[Service] Resume execution - Task 2
[Service] Resume checkpoint: 0
[Service] Resume progress: 0%
[COMM Resume] Checkpoint: 0
[COMM Resume] Invalid checkpoint: 0
[TEST] COMM checkpoint: 0
[Service] Resume execution - Task 2
[Service] Resume checkpoint: 0
[Service] Resume progress: 0%
[COMM Resume] Checkpoint: 0
[COMM Resume] Invalid checkpoint: 0
[TEST] COMM checkpoint: 0
[Service] Resume execution - Task 2
[Service] Resume checkpoint: 0
[Service] Resume progress: 0%
[COMM Resume] Checkpoint: 0
[COMM Resume] Invalid checkpoint: 0
[TEST] COMM checkpoint: 0
[Sensor] 30.31
[Service] Resume execution - Task 2
[Service] Resume checkpoint: 0
[Service] Resume progress: 0%
[COMM Resume] Checkpoint: 0
[COMM Resume] Invalid checkpoint: 0
[TEST] COMM checkpoint: 0
[Sensor Buffer] Stored: 30.31
[Service] Task 0 completed
[Service] Resume execution - Task 2
[Service] Resume checkpoint: 0
[Service] Resume progress: 0%
[COMM Resume] Checkpoint: 0
[COMM Resume] Invalid checkpoint: 0
[TEST] COMM checkpoint: 0
[Service] Resume execution - Task 2
[Service] Resume checkpoint: 0
[Service] Resume progress: 0%
[COMM Resume] Checkpoint: 0
[COMM Resume] Invalid checkpoint: 0
[TEST] COMM checkpoint: 0
[Service] Resume execution - Task 2
[Service] Resume checkpoint: 0
[Service] Resume progress: 0%
[COMM RX] Remote data (packet 124): ENERGY_TEST: 808743
[COMM TX] ACK|124
[COMM BT] hasClient(): TRUE
[COMM BT] Bytes written: 8/8
[COMM Resume] Checkpoint: 0
[COMM Resume] Invalid checkpoint: 0
[TEST] COMM checkpoint: 0
RPT,54183,0,UNSET,ENERGY,0,4000
[Sensor] 30.31
[Service] Resume execution - Task 2
[Service] Resume checkpoint: 0
[Service] Resume progress: 0%
[COMM Resume] Checkpoint: 0
[COMM Resume] Invalid checkpoint: 0
[TEST] COMM checkpoint: 0
[Sensor Buffer] Stored: 30.31
[Service] Task 0 completed
[Service] Resume execution - Task 2
[Service] Resume checkpoint: 0
[Service] Resume progress: 0%
[COMM Resume] Checkpoint: 0
[COMM Resume] Invalid checkpoint: 0
[TEST] COMM checkpoint: 0
[Service] Resume execution - Task 2
[Service] Resume checkpoint: 0
[Service] Resume progress: 0%
[COMM Resume] Checkpoint: 0
[COMM Resume] Invalid checkpoint: 0
[TEST] COMM checkpoint: 0
[Service] Resume execution - Task 2
[Service] Resume checkpoint: 0
[Service] Resume progress: 0%
[COMM Resume] Checkpoint: 0
[COMM Resume] Invalid checkpoint: 0
[TEST] COMM checkpoint: 0
[Sensor] 30.31
[Service] Resume execution - Task 2
[Service] Resume checkpoint: 0
[Service] Resume progress: 0%
[COMM Resume] Checkpoint: 0
[COMM Resume] Invalid checkpoint: 0
[TEST] COMM checkpoint: 0
[Sensor Buffer] Stored: 30.31
[Service] Task 0 completed
[Service] Resume execution - Task 2
[Service] Resume checkpoint: 0
[Service] Resume progress: 0%
[COMM Resume] Checkpoint: 0
[COMM Resume] Invalid checkpoint: 0
[TEST] COMM checkpoint: 0
[Service] Resume execution - Task 2
[Service] Resume checkpoint: 0
[Service] Resume progress: 0%
[COMM Resume] Checkpoint: 0
[COMM Resume] Invalid checkpoint: 0
[TEST] COMM checkpoint: 0
[Service] Resume execution - Task 2
[Service] Resume checkpoint: 0
[Service] Resume progress: 0%
[COMM Resume] Checkpoint: 0
[COMM Resume] Invalid checkpoint: 0
[TEST] COMM checkpoint: 0
[ENERGY] Level: 30.00% | State: LOW
[ALERT] Energy level LOW
RPT,56706,0,UNSET,ENERGY,0,3000
[Sensor] 30.31
[Service] Resume execution - Task 2
[Service] Resume checkpoint: 0
[Service] Resume progress: 0%
[COMM Resume] Checkpoint: 0
[COMM Resume] Invalid checkpoint: 0
[TEST] COMM checkpoint: 0
[Sensor Buffer] Stored: 30.31
[Service] Task 0 completed
[Service] Resume execution - Task 2
[Service] Resume checkpoint: 0
[Service] Resume progress: 0%
[COMM Resume] Checkpoint: 0
[COMM Resume] Invalid checkpoint: 0
[TEST] COMM checkpoint: 0
[Service] Resume execution - Task 2
[Service] Resume checkpoint: 0
[Service] Resume progress: 0%
[COMM Resume] Checkpoint: 0
[COMM Resume] Invalid checkpoint: 0
[TEST] COMM checkpoint: 0
[Service] Resume execution - Task 2
[Service] Resume checkpoint: 0
[Service] Resume progress: 0%
[COMM Resume] Checkpoint: 0
[COMM Resume] Invalid checkpoint: 0
[TEST] COMM checkpoint: 0
[ALERT] Energy level LOW
[Sensor] 30.31
[Service] Resume execution - Task 2
[Service] Resume checkpoint: 0
[Service] Resume progress: 0%
[COMM Resume] Checkpoint: 0
[COMM Resume] Invalid checkpoint: 0
[TEST] COMM checkpoint: 0
[Sensor Buffer] Stored: 30.31
[Service] Task 0 completed
[Service] Resume execution - Task 2
[Service] Resume checkpoint: 0
[Service] Resume progress: 0%
[COMM Resume] Checkpoint: 0
[COMM Resume] Invalid checkpoint: 0
[TEST] COMM checkpoint: 0
[Service] Resume execution - Task 2
[Service] Resume checkpoint: 0
[Service] Resume progress: 0%
[COMM Resume] Checkpoint: 0
[COMM Resume] Invalid checkpoint: 0
[TEST] COMM checkpoint: 0
[Service] Resume execution - Task 2
[Service] Resume checkpoint: 0
[Service] Resume progress: 0%
[COMM RX] Remote data (packet 125): ENERGY_TEST: 814343
[COMM TX] ACK|125
[COMM BT] hasClient(): TRUE
[COMM BT] Bytes written: 8/8
[COMM Resume] Checkpoint: 0
[COMM Resume] Invalid checkpoint: 0
[TEST] COMM checkpoint: 0
[ALERT] Energy level LOW
RPT,59319,0,UNSET,ENERGY,0,2000
[Sensor] 30.31
[Service] Resume execution - Task 2
[Service] Resume checkpoint: 0
[Service] Resume progress: 0%
[COMM Resume] Checkpoint: 0
[COMM Resume] Invalid checkpoint: 0
[TEST] COMM checkpoint: 0
[Sensor Buffer] Stored: 30.31
[Service] Task 0 completed
[Service] Resume execution - Task 2
[Service] Resume checkpoint: 0
[Service] Resume progress: 0%
[COMM Resume] Checkpoint: 0
[COMM Resume] Invalid checkpoint: 0
[TEST] COMM checkpoint: 0
[Service] Resume execution - Task 2
[Service] Resume checkpoint: 0
[Service] Resume progress: 0%
[COMM Resume] Checkpoint: 0
[COMM Resume] Invalid checkpoint: 0
[TEST] COMM checkpoint: 0
[Service] Resume execution - Task 2
[Service] Resume checkpoint: 0
[Service] Resume progress: 0%
[COMM Resume] Checkpoint: 0
[COMM Resume] Invalid checkpoint: 0
[TEST] COMM checkpoint: 0
[ALERT] Energy level LOW
[Sensor] 30.31
[Service] Resume execution - Task 2
[Service] Resume checkpoint: 0
[Service] Resume progress: 0%
[COMM Resume] Checkpoint: 0
[COMM Resume] Invalid checkpoint: 0
[TEST] COMM checkpoint: 0
[Sensor Buffer] Stored: 30.31
[Service] Task 0 completed
[Service] Resume execution - Task 2
[Service] Resume checkpoint: 0
[Service] Resume progress: 0%
[COMM Resume] Checkpoint: 0
[COMM Resume] Invalid checkpoint: 0
[TEST] COMM checkpoint: 0
[Service] Resume execution - Task 2
[Service] Resume checkpoint: 0
[Service] Resume progress: 0%
[COMM Resume] Checkpoint: 0
[COMM Resume] Invalid checkpoint: 0
[TEST] COMM checkpoint: 0
[Service] Resume execution - Task 2
[Service] Resume checkpoint: 0
[Service] Resume progress: 0%
[COMM Resume] Checkpoint: 0
[COMM Resume] Invalid checkpoint: 0
[TEST] COMM checkpoint: 0
[ENERGY] Level: 10.00% | State: CRITICAL
[ALERT] Energy level CRITICAL
RPT,61832,0,UNSET,ENERGY,0,1000
[Sensor] 30.31
[Service] Resume execution - Task 2
[Service] Resume checkpoint: 0
[Service] Resume progress: 0%
[COMM Resume] Checkpoint: 0
[COMM Resume] Invalid checkpoint: 0
[TEST] COMM checkpoint: 0
[Sensor Buffer] Stored: 30.31
[Service] Task 0 completed
[Service] Resume execution - Task 2
[Service] Resume checkpoint: 0
[Service] Resume progress: 0%
[COMM Resume] Checkpoint: 0
[COMM Resume] Invalid checkpoint: 0
[TEST] COMM checkpoint: 0
[Service] Resume execution - Task 2
[Service] Resume checkpoint: 0
[Service] Resume progress: 0%
[COMM Resume] Checkpoint: 0
[COMM Resume] Invalid checkpoint: 0
[TEST] COMM checkpoint: 0
[Service] Resume execution - Task 2
[Service] Resume checkpoint: 0
[Service] Resume progress: 0%
[COMM Resume] Checkpoint: 0
[COMM Resume] Invalid checkpoint: 0
[TEST] COMM checkpoint: 0
[ALERT] Energy level CRITICAL
[Sensor] 30.31
[Service] Resume execution - Task 2
[Service] Resume checkpoint: 0
[Service] Resume progress: 0%
[COMM Resume] Checkpoint: 0
[COMM Resume] Invalid checkpoint: 0
[TEST] COMM checkpoint: 0
[Sensor Buffer] Stored: 30.31
[Service] Task 0 completed
[Service] Resume execution - Task 2
[Service] Resume checkpoint: 0
[Service] Resume progress: 0%
[COMM Resume] Checkpoint: 0
[COMM Resume] Invalid checkpoint: 0
[TEST] COMM checkpoint: 0
[Service] Resume execution - Task 2
[Service] Resume checkpoint: 0
[Service] Resume progress: 0%
[COMM Resume] Checkpoint: 0
[COMM Resume] Invalid checkpoint: 0
[TEST] COMM checkpoint: 0
[Service] Resume execution - Task 2
[Service] Resume checkpoint: 0
[Service] Resume progress: 0%
[COMM RX] Remote data (packet 126): ENERGY_TEST: 819463
[COMM TX] ACK|126
[COMM BT] hasClient(): TRUE
[COMM BT] Bytes written: 8/8
[COMM Resume] Checkpoint: 0
[COMM Resume] Invalid checkpoint: 0
[TEST] COMM checkpoint: 0
[ENERGY] Level: 0.00% | State: OFF
[ALERT] Energy depleted
[ENERGY] ESP32 simulated OFF
[ENERGY] Shutdown simulation active
[ENERGY] System remains running for test
RPT,64456,0,UNSET,ENERGY,0,0
[Sensor] 30.31
[Service] Resume execution - Task 2
[Service] Resume checkpoint: 0
[Service] Resume progress: 0%
[COMM Resume] Checkpoint: 0
[COMM Resume] Invalid checkpoint: 0
[TEST] COMM checkpoint: 0
[Sensor Buffer] Stored: 30.31
[Service] Task 0 completed
[Service] Resume execution - Task 2
[Service] Resume checkpoint: 0
[Service] Resume progress: 0%
[COMM Resume] Checkpoint: 0
[COMM Resume] Invalid checkpoint: 0
[TEST] COMM checkpoint: 0
[Service] Resume execution - Task 2
[Service] Resume checkpoint: 0
[Service] Resume progress: 0%
[COMM Resume] Checkpoint: 0
[COMM Resume] Invalid checkpoint: 0
[TEST] COMM checkpoint: 0
[Service] Resume execution - Task 2
[Service] Resume checkpoint: 0
[Service] Resume progress: 0%
[COMM Resume] Checkpoint: 0
[COMM Resume] Invalid checkpoint: 0
[TEST] COMM checkpoint: 0
[Sensor] 30.31
[Service] Resume execution - Task 2
[Service] Resume checkpoint: 0
[Service] Resume progress: 0%
[COMM Resume] Checkpoint: 0
[COMM Resume] Invalid checkpoint: 0
[TEST] COMM checkpoint: 0
[Sensor Buffer] Stored: 30.31
[Service] Task 0 completed
[Service] Resume execution - Task 2
[Service] Resume checkpoint: 0
[Service] Resume progress: 0%
[COMM Resume] Checkpoint: 0
[COMM Resume] Invalid checkpoint: 0
[TEST] COMM checkpoint: 0
[Service] Resume execution - Task 2
[Service] Resume checkpoint: 0
[Service] Resume progress: 0%
[COMM Resume] Checkpoint: 0
[COMM Resume] Invalid checkpoint: 0
[TEST] COMM checkpoint: 0
[Service] Resume execution - Task 2
[Service] Resume checkpoint: 0
[Service] Resume progress: 0%
[COMM Resume] Checkpoint: 0
[COMM Resume] Invalid checkpoint: 0
[TEST] COMM checkpoint: 0
RPT,66958,0,UNSET,ENERGY,0,0
[Sensor] 30.31
[Service] Resume execution - Task 2
[Service] Resume checkpoint: 0
[Service] Resume progress: 0%
[COMM Resume] Checkpoint: 0
[COMM Resume] Invalid checkpoint: 0
[TEST] COMM checkpoint: 0
[Sensor Buffer] Stored: 30.31
[Service] Task 0 completed
[Service] Resume execution - Task 2
[Service] Resume checkpoint: 0
[Service] Resume progress: 0%
[COMM Resume] Checkpoint: 0
[COMM Resume] Invalid checkpoint: 0
[TEST] COMM checkpoint: 0
[Service] Resume execution - Task 2
[Service] Resume checkpoint: 0
[Service] Resume progress: 0%
[COMM Resume] Checkpoint: 0
[COMM Resume] Invalid checkpoint: 0
[TEST] COMM checkpoint: 0
[Service] Resume execution - Task 2
[Service] Resume checkpoint: 0
[Service] Resume progress: 0%
[COMM Resume] Checkpoint: 0
[COMM Resume] Invalid checkpoint: 0
[TEST] COMM checkpoint: 0
[Sensor] 30.31
[Service] Resume execution - Task 2
[Service] Resume checkpoint: 0
[Service] Resume progress: 0%
[COMM Resume] Checkpoint: 0
[COMM Resume] Invalid checkpoint: 0
[TEST] COMM checkpoint: 0
[Sensor Buffer] Stored: 30.31
[Service] Task 0 completed
[Service] Resume execution - Task 2
[Service] Resume checkpoint: 0
[Service] Resume progress: 0%
[COMM Resume] Checkpoint: 0
[COMM Resume] Invalid checkpoint: 0
[TEST] COMM checkpoint: 0
[Service] Resume execution - Task 2
[Service] Resume checkpoint: 0
[Service] Resume progress: 0%
[COMM Resume] Checkpoint: 0
[COMM Resume] Invalid checkpoint: 0
[TEST] COMM checkpoint: 0
[Service] Resume execution - Task 2
[Service] Resume checkpoint: 0
[Service] Resume progress: 0%
[COMM RX] Remote data (packet 127): ENERGY_TEST: 824593
[COMM TX] ACK|127
[COMM BT] hasClient(): TRUE
[COMM BT] Bytes written: 8/8
[COMM Resume] Checkpoint: 0
[COMM Resume] Invalid checkpoint: 0
[TEST] COMM checkpoint: 0
RPT,69560,0,UNSET,ENERGY,0,0
[Sensor] 30.31
[Service] Resume execution - Task 2
[Service] Resume checkpoint: 0
[Service] Resume progress: 0%
[COMM Resume] Checkpoint: 0
[COMM Resume] Invalid checkpoint: 0
[TEST] COMM checkpoint: 0
[Sensor Buffer] Stored: 30.31
[Service] Task 0 completed
[Service] Resume execution - Task 2
[Service] Resume checkpoint: 0
[Service] Resume progress: 0%
[COMM Resume] Checkpoint: 0
[COMM Resume] Invalid checkpoint: 0
[TEST] COMM checkpoint: 0
[Service] Resume execution - Task 2
[Service] Resume checkpoint: 0
[Service] Resume progress: 0%
[COMM Resume] Checkpoint: 0
[COMM Resume] Invalid checkpoint: 0
[TEST] COMM checkpoint: 0
[Service] Resume execution - Task 2
[Service] Resume checkpoint: 0
[Service] Resume progress: 0%
[COMM Resume] Checkpoint: 0
[COMM Resume] Invalid checkpoint: 0
[TEST] COMM checkpoint: 0
[Sensor] 30.31
[Service] Resume execution - Task 2
[Service] Resume checkpoint: 0
[Service] Resume progress: 0%
[COMM Resume] Checkpoint: 0
[COMM Resume] Invalid checkpoint: 0
[TEST] COMM checkpoint: 0
[Sensor Buffer] Stored: 30.31
[Service] Task 0 completed
[Service] Resume execution - Task 2
[Service] Resume checkpoint: 0
[Service] Resume progress: 0%
[COMM Resume] Checkpoint: 0
[COMM Resume] Invalid checkpoint: 0
[TEST] COMM checkpoint: 0
[Service] Resume execution - Task 2
[Service] Resume checkpoint: 0
[Service] Resume progress: 0%
[COMM Resume] Checkpoint: 0
[COMM Resume] Invalid checkpoint: 0
[TEST] COMM checkpoint: 0
[Service] Resume execution - Task 2
[Service] Resume checkpoint: 0
[Service] Resume progress: 0%
[COMM Resume] Checkpoint: 0
[COMM Resume] Invalid checkpoint: 0
[TEST] COMM checkpoint: 0
RPT,72073,0,UNSET,ENERGY,0,0
[Sensor] 30.37
[Service] Resume execution - Task 2
[Service] Resume checkpoint: 0
[Service] Resume progress: 0%
[COMM Resume] Checkpoint: 0
[COMM Resume] Invalid checkpoint: 0
[TEST] COMM checkpoint: 0
[Sensor Buffer] Stored: 30.37
[Service] Task 0 completed
[Service] Resume execution - Task 2
[Service] Resume checkpoint: 0
[Service] Resume progress: 0%
[COMM Resume] Checkpoint: 0
[COMM Resume] Invalid checkpoint: 0
[TEST] COMM checkpoint: 0
[Service] Resume execution - Task 2
[Service] Resume checkpoint: 0
[Service] Resume progress: 0%
[COMM Resume] Checkpoint: 0
[COMM Resume] Invalid checkpoint: 0
[TEST] COMM checkpoint: 0
[Service] Resume execution - Task 2
[Service] Resume checkpoint: 0
[Service] Resume progress: 0%
[COMM Resume] Checkpoint: 0
[COMM Resume] Invalid checkpoint: 0
[TEST] COMM checkpoint: 0
[Sensor] 30.37
[Service] Resume execution - Task 2
[Service] Resume checkpoint: 0
[Service] Resume progress: 0%
[COMM Resume] Checkpoint: 0
[COMM Resume] Invalid checkpoint: 0
[TEST] COMM checkpoint: 0
[Sensor Buffer] Stored: 30.37
[Service] Task 0 completed
[Service] Resume execution - Task 2
[Service] Resume checkpoint: 0
[Service] Resume progress: 0%
[COMM Resume] Checkpoint: 0
[COMM Resume] Invalid checkpoint: 0
[TEST] COMM checkpoint: 0
[Service] Resume execution - Task 2
[Service] Resume checkpoint: 0
[Service] Resume progress: 0%
[COMM Resume] Checkpoint: 0
[COMM Resume] Invalid checkpoint: 0
[TEST] COMM checkpoint: 0
[Service] Resume execution - Task 2
[Service] Resume checkpoint: 0
[Service] Resume progress: 0%
[COMM RX] Remote data (packet 128): ENERGY_TEST: 829723
[COMM TX] ACK|128
[COMM BT] hasClient(): TRUE
[COMM BT] Bytes written: 8/8
[COMM Resume] Checkpoint: 0
[COMM Resume] Invalid checkpoint: 0
[TEST] COMM checkpoint: 0
RPT,74675,0,UNSET,ENERGY,0,0
[Sensor] 30.31
[Service] Resume execution - Task 2
[Service] Resume checkpoint: 0
[Service] Resume progress: 0%
[COMM Resume] Checkpoint: 0
[COMM Resume] Invalid checkpoint: 0
[TEST] COMM checkpoint: 0
[Sensor Buffer] Stored: 30.31
[Service] Task 0 completed
[Service] Resume execution - Task 2
[Service] Resume checkpoint: 0
[Service] Resume progress: 0%
[COMM Resume] Checkpoint: 0
[COMM Resume] Invalid checkpoint: 0
[TEST] COMM checkpoint: 0
[Service] Resume execution - Task 2
[Service] Resume checkpoint: 0
[Service] Resume progress: 0%
[COMM Resume] Checkpoint: 0
[COMM Resume] Invalid checkpoint: 0
[TEST] COMM checkpoint: 0
[Service] Resume execution - Task 2
[Service] Resume checkpoint: 0
[Service] Resume progress: 0%
[COMM Resume] Checkpoint: 0
[COMM Resume] Invalid checkpoint: 0
[TEST] COMM checkpoint: 0
[Sensor] 30.31
[Service] Resume execution - Task 2
[Service] Resume checkpoint: 0
[Service] Resume progress: 0%
[COMM Resume] Checkpoint: 0
[COMM Resume] Invalid checkpoint: 0
[TEST] COMM checkpoint: 0
[Sensor Buffer] Stored: 30.31
[Service] Task 0 completed
[Service] Resume execution - Task 2
[Service] Resume checkpoint: 0
[Service] Resume progress: 0%
[COMM Resume] Checkpoint: 0
[COMM Resume] Invalid checkpoint: 0
[TEST] COMM checkpoint: 0
[Service] Resume execution - Task 2
[Service] Resume checkpoint: 0
[Service] Resume progress: 0%
[COMM Resume] Checkpoint: 0
[COMM Resume] Invalid checkpoint: 0
[TEST] COMM checkpoint: 0
[Service] Resume execution - Task 2
[Service] Resume checkpoint: 0
[Service] Resume progress: 0%
[COMM Resume] Checkpoint: 0
[COMM Resume] Invalid checkpoint: 0
[TEST] COMM checkpoint: 0
RPT,77188,0,UNSET,ENERGY,0,0
[Sensor] 30.31
[Service] Resume execution - Task 2
[Service] Resume checkpoint: 0
[Service] Resume progress: 0%
[COMM Resume] Checkpoint: 0
[COMM Resume] Invalid checkpoint: 0
[TEST] COMM checkpoint: 0
[Sensor Buffer] Stored: 30.31
[Service] Task 0 completed
[Service] Resume execution - Task 2
[Service] Resume checkpoint: 0
[Service] Resume progress: 0%
[COMM Resume] Checkpoint: 0
[COMM Resume] Invalid checkpoint: 0
[TEST] COMM checkpoint: 0
[Service] Resume execution - Task 2
[Service] Resume checkpoint: 0
[Service] Resume progress: 0%
[COMM Resume] Checkpoint: 0
[COMM Resume] Invalid checkpoint: 0
[TEST] COMM checkpoint: 0
[Service] Resume execution - Task 2
[Service] Resume checkpoint: 0
[Service] Resume progress: 0%
[COMM Resume] Checkpoint: 0
[COMM Resume] Invalid checkpoint: 0
[TEST] COMM checkpoint: 0
[Sensor] 30.31
[Service] Resume execution - Task 2
[Service] Resume checkpoint: 0
[Service] Resume progress: 0%
[COMM Resume] Checkpoint: 0
[COMM Resume] Invalid checkpoint: 0
[TEST] COMM checkpoint: 0
[Sensor Buffer] Stored: 30.31
[Service] Task 0 completed
[Service] Resume execution - Task 2
[Service] Resume checkpoint: 0
[Service] Resume progress: 0%
[COMM Resume] Checkpoint: 0
[COMM Resume] Invalid checkpoint: 0
[TEST] COMM checkpoint: 0
[Service] Resume execution - Task 2
[Service] Resume checkpoint: 0
[Service] Resume progress: 0%
[COMM Resume] Checkpoint: 0
[COMM Resume] Invalid checkpoint: 0
[TEST] COMM checkpoint: 0
[Service] Resume execution - Task 2
[Service] Resume checkpoint: 0
[Service] Resume progress: 0%
[COMM RX] Remote data (packet 129): ENERGY_TEST: 834833
[COMM TX] ACK|129
[COMM BT] hasClient(): TRUE
[COMM BT] Bytes written: 8/8
[COMM Resume] Checkpoint: 0
[COMM Resume] Invalid checkpoint: 0
[TEST] COMM checkpoint: 0
RPT,79790,0,UNSET,ENERGY,0,0
[Sensor] 30.31
[Service] Resume execution - Task 2
[Service] Resume checkpoint: 0
[Service] Resume progress: 0%
[COMM Resume] Checkpoint: 0
[COMM Resume] Invalid checkpoint: 0
[TEST] COMM checkpoint: 0
[Sensor Buffer] Stored: 30.31
[Service] Task 0 completed
[Service] Resume execution - Task 2
[Service] Resume checkpoint: 0
[Service] Resume progress: 0%
[COMM Resume] Checkpoint: 0
[COMM Resume] Invalid checkpoint: 0
[TEST] COMM checkpoint: 0
[Service] Resume execution - Task 2
[Service] Resume checkpoint: 0
[Service] Resume progress: 0%
[COMM Resume] Checkpoint: 0
[COMM Resume] Invalid checkpoint: 0
[TEST] COMM checkpoint: 0
[Service] Resume execution - Task 2
[Service] Resume checkpoint: 0
[Service] Resume progress: 0%
[COMM Resume] Checkpoint: 0
[COMM Resume] Invalid checkpoint: 0
[TEST] COMM checkpoint: 0
[Sensor] 30.31
[Service] Resume execution - Task 2
[Service] Resume checkpoint: 0
[Service] Resume progress: 0%
[COMM Resume] Checkpoint: 0
[COMM Resume] Invalid checkpoint: 0
[TEST] COMM checkpoint: 0
[Sensor Buffer] Stored: 30.31
[Service] Task 0 completed
[Service] Resume execution - Task 2
[Service] Resume checkpoint: 0
[Service] Resume progress: 0%
[COMM Resume] Checkpoint: 0
[COMM Resume] Invalid checkpoint: 0
[TEST] COMM checkpoint: 0
[Service] Resume execution - Task 2
[Service] Resume checkpoint: 0
[Service] Resume progress: 0%
[COMM Resume] Checkpoint: 0
[COMM Resume] Invalid checkpoint: 0
[TEST] COMM checkpoint: 0
[Service] Resume execution - Task 2
[Service] Resume checkpoint: 0
[Service] Resume progress: 0%
[COMM Resume] Checkpoint: 0
[COMM Resume] Invalid checkpoint: 0
[TEST] COMM checkpoint: 0
RPT,82303,0,UNSET,ENERGY,0,0
[Sensor] 30.37
[Service] Resume execution - Task 2
[Service] Resume checkpoint: 0
[Service] Resume progress: 0%
[COMM Resume] Checkpoint: 0
[COMM Resume] Invalid checkpoint: 0
[TEST] COMM checkpoint: 0
[Sensor Buffer] Stored: 30.37
[Service] Task 0 completed
[Service] Resume execution - Task 2
[Service] Resume checkpoint: 0
[Service] Resume progress: 0%
[COMM Resume] Checkpoint: 0
[COMM Resume] Invalid checkpoint: 0
[TEST] COMM checkpoint: 0
[Service] Resume execution - Task 2
[Service] Resume checkpoint: 0
[Service] Resume progress: 0%
[COMM Resume] Checkpoint: 0
[COMM Resume] Invalid checkpoint: 0
[TEST] COMM checkpoint: 0
[Service] Resume execution - Task 2
[Service] Resume checkpoint: 0
[Service] Resume progress: 0%
[COMM Resume] Checkpoint: 0
[COMM Resume] Invalid checkpoint: 0
[TEST] COMM checkpoint: 0
[Sensor] 30.31
[Service] Resume execution - Task 2
[Service] Resume checkpoint: 0
[Service] Resume progress: 0%
[COMM Resume] Checkpoint: 0
[COMM Resume] Invalid checkpoint: 0
[TEST] COMM checkpoint: 0
[Sensor Buffer] Stored: 30.31
[Service] Task 0 completed
[Service] Resume execution - Task 2
[Service] Resume checkpoint: 0
[Service] Resume progress: 0%
[COMM Resume] Checkpoint: 0
[COMM Resume] Invalid checkpoint: 0
[TEST] COMM checkpoint: 0
[Service] Resume execution - Task 2
[Service] Resume checkpoint: 0
[Service] Resume progress: 0%
[COMM Resume] Checkpoint: 0
[COMM Resume] Invalid checkpoint: 0
[TEST] COMM checkpoint: 0
[Service] Resume execution - Task 2
[Service] Resume checkpoint: 0
[Service] Resume progress: 0%
[COMM RX] Remote data (packet 130): ENERGY_TEST: 839943
[COMM TX] ACK|130
[COMM BT] hasClient(): TRUE
[COMM BT] Bytes written: 8/8
[COMM Resume] Checkpoint: 0
[COMM Resume] Invalid checkpoint: 0
[TEST] COMM checkpoint: 0
RPT,84905,0,UNSET,ENERGY,0,0
[Sensor] 30.37
[Service] Resume execution - Task 2
[Service] Resume checkpoint: 0
[Service] Resume progress: 0%
[COMM Resume] Checkpoint: 0
[COMM Resume] Invalid checkpoint: 0
[TEST] COMM checkpoint: 0
[Sensor Buffer] Stored: 30.37
[Service] Task 0 completed
[Service] Resume execution - Task 2
[Service] Resume checkpoint: 0
[Service] Resume progress: 0%
[COMM Resume] Checkpoint: 0
[COMM Resume] Invalid checkpoint: 0
[TEST] COMM checkpoint: 0
[Service] Resume execution - Task 2
[Service] Resume checkpoint: 0
[Service] Resume progress: 0%
[COMM Resume] Checkpoint: 0
[COMM Resume] Invalid checkpoint: 0
[TEST] COMM checkpoint: 0
[Service] Resume execution - Task 2
[Service] Resume checkpoint: 0
[Service] Resume progress: 0%
[COMM Resume] Checkpoint: 0
[COMM Resume] Invalid checkpoint: 0
[TEST] COMM checkpoint: 0
[Sensor] 30.37
[Service] Resume execution - Task 2
[Service] Resume checkpoint: 0
[Service] Resume progress: 0%
[COMM Resume] Checkpoint: 0
[COMM Resume] Invalid checkpoint: 0
[TEST] COMM checkpoint: 0
[Sensor Buffer] Stored: 30.37
[Service] Task 0 completed
[Service] Resume execution - Task 2
[Service] Resume checkpoint: 0
[Service] Resume progress: 0%
[COMM Resume] Checkpoint: 0
[COMM Resume] Invalid checkpoint: 0
[TEST] COMM checkpoint: 0
[Service] Resume execution - Task 2
[Service] Resume checkpoint: 0
[Service] Resume progress: 0%
[COMM Resume] Checkpoint: 0
[COMM Resume] Invalid checkpoint: 0
[TEST] COMM checkpoint: 0
[Service] Resume execution - Task 2
[Service] Resume checkpoint: 0
[Service] Resume progress: 0%
[COMM Resume] Checkpoint: 0
[COMM Resume] Invalid checkpoint: 0
[TEST] COMM checkpoint: 0
RPT,87418,0,UNSET,ENERGY,0,0
[Sensor] 30.31
[Service] Resume execution - Task 2
[Service] Resume checkpoint: 0
[Service] Resume progress: 0%
[COMM Resume] Checkpoint: 0
[COMM Resume] Invalid checkpoint: 0
[TEST] COMM checkpoint: 0
[Sensor Buffer] Stored: 30.31
[Service] Task 0 completed
[Service] Resume execution - Task 2
[Service] Resume checkpoint: 0
[Service] Resume progress: 0%
[COMM Resume] Checkpoint: 0
[COMM Resume] Invalid checkpoint: 0
[TEST] COMM checkpoint: 0
[Service] Resume execution - Task 2
[Service] Resume checkpoint: 0
[Service] Resume progress: 0%
[COMM Resume] Checkpoint: 0
[COMM Resume] Invalid checkpoint: 0
[TEST] COMM checkpoint: 0
[Service] Resume execution - Task 2
[Service] Resume checkpoint: 0
[Service] Resume progress: 0%
[COMM Resume] Checkpoint: 0
[COMM Resume] Invalid checkpoint: 0
[TEST] COMM checkpoint: 0
[Sensor] 30.31
[Service] Resume execution - Task 2
[Service] Resume checkpoint: 0
[Service] Resume progress: 0%
[COMM Resume] Checkpoint: 0
[COMM Resume] Invalid checkpoint: 0
[TEST] COMM checkpoint: 0
[Sensor Buffer] Stored: 30.31
[Service] Task 0 completed
[Service] Resume execution - Task 2
[Service] Resume checkpoint: 0
[Service] Resume progress: 0%
[COMM Resume] Checkpoint: 0
[COMM Resume] Invalid checkpoint: 0
[TEST] COMM checkpoint: 0
[Service] Resume execution - Task 2
[Service] Resume checkpoint: 0
[Service] Resume progress: 0%
[COMM Resume] Checkpoint: 0
[COMM Resume] Invalid checkpoint: 0
[TEST] COMM checkpoint: 0
[Service] Resume execution - Task 2
[Service] Resume checkpoint: 0
[Service] Resume progress: 0%
[COMM RX] Remote data (packet 131): ENERGY_TEST: 845063
[COMM TX] ACK|131
[COMM BT] hasClient(): TRUE
[COMM BT] Bytes written: 8/8
[COMM Resume] Checkpoint: 0
[COMM Resume] Invalid checkpoint: 0
[FailureManager] Failure cleared

=================================
Scenario: FAIL PREPARE
=================================
RPT,90095,0,UNSET,ENERGY,0,0
[Sensor] 30.37
[Service] Resume execution - Task 2
[Service] Resume checkpoint: 0
[Service] Resume progress: 0%
[COMM Resume] Checkpoint: 0
[COMM Resume] Invalid checkpoint: 0
[TEST] COMM checkpoint: 0
[Sensor Buffer] Stored: 30.37
[Service] Task 0 completed
[Service] Resume execution - Task 2
[Service] Resume checkpoint: 0
[Service] Resume progress: 0%
[COMM Resume] Checkpoint: 0
[COMM Resume] Invalid checkpoint: 0
[TEST] COMM checkpoint: 0
[Service] Resume execution - Task 2
[Service] Resume checkpoint: 0
[Service] Resume progress: 0%
[COMM Resume] Checkpoint: 0
[COMM Resume] Invalid checkpoint: 0
[TEST] COMM checkpoint: 0
[Service] Resume execution - Task 2
[Service] Resume checkpoint: 0
[Service] Resume progress: 0%
[COMM Resume] Checkpoint: 0
[COMM Resume] Invalid checkpoint: 0
[TEST] COMM checkpoint: 0
[Sensor] 30.31
[Service] Resume execution - Task 2
[Service] Resume checkpoint: 0
[Service] Resume progress: 0%
[COMM Resume] Checkpoint: 0
[COMM Resume] Invalid checkpoint: 0
[TEST] COMM checkpoint: 0
[Sensor Buffer] Stored: 30.31
[Service] Task 0 completed
[Service] Resume execution - Task 2
[Service] Resume checkpoint: 0
[Service] Resume progress: 0%
[COMM Resume] Checkpoint: 0
[COMM Resume] Invalid checkpoint: 0
[TEST] COMM checkpoint: 0
[Service] Resume execution - Task 2
[Service] Resume checkpoint: 0
[Service] Resume progress: 0%
[COMM Resume] Checkpoint: 0
[COMM Resume] Invalid checkpoint: 0
[TEST] COMM checkpoint: 0
[Service] Resume execution - Task 2
[Service] Resume checkpoint: 0
[Service] Resume progress: 0%
[COMM Resume] Checkpoint: 0
[COMM Resume] Invalid checkpoint: 0
[TEST] COMM checkpoint: 0
RPT,92598,0,UNSET,ENERGY,0,0
[Sensor] 30.37
[Service] Resume execution - Task 2
[Service] Resume checkpoint: 0
[Service] Resume progress: 0%
[COMM Resume] Checkpoint: 0
[COMM Resume] Invalid checkpoint: 0
[TEST] COMM checkpoint: 0
[Sensor Buffer] Stored: 30.37
[Service] Task 0 completed
[Service] Resume execution - Task 2
[Service] Resume checkpoint: 0
[Service] Resume progress: 0%
[COMM Resume] Checkpoint: 0
[COMM Resume] Invalid checkpoint: 0
[TEST] COMM checkpoint: 0
[Service] Resume execution - Task 2
[Service] Resume checkpoint: 0
[Service] Resume progress: 0%
[COMM Resume] Checkpoint: 0
[COMM Resume] Invalid checkpoint: 0
[TEST] COMM checkpoint: 0
[Service] Resume execution - Task 2
[Service] Resume checkpoint: 0
[Service] Resume progress: 0%
[COMM Resume] Checkpoint: 0
[COMM Resume] Invalid checkpoint: 0
[TEST] COMM checkpoint: 0
[Sensor] 30.31
[Service] Resume execution - Task 2
[Service] Resume checkpoint: 0
[Service] Resume progress: 0%
[COMM Resume] Checkpoint: 0
[COMM Resume] Invalid checkpoint: 0
[TEST] COMM checkpoint: 0
[Sensor Buffer] Stored: 30.31
[Service] Task 0 completed
[Service] Resume execution - Task 2
[Service] Resume checkpoint: 0
[Service] Resume progress: 0%
[COMM Resume] Checkpoint: 0
[COMM Resume] Invalid checkpoint: 0
[TEST] COMM checkpoint: 0
[Service] Resume execution - Task 2
[Service] Resume checkpoint: 0
[Service] Resume progress: 0%
[COMM Resume] Checkpoint: 0
[COMM Resume] Invalid checkpoint: 0
[TEST] COMM checkpoint: 0
[Service] Resume execution - Task 2
[Service] Resume checkpoint: 0
[Service] Resume progress: 0%
[COMM RX] Remote data (packet 132): ENERGY_TEST: 850173
[COMM TX] ACK|132
[COMM BT] hasClient(): TRUE
[COMM BT] Bytes written: 8/8
[COMM Resume] Checkpoint: 0
[COMM Resume] Invalid checkpoint: 0
[TEST] COMM checkpoint: 0
RPT,95200,0,UNSET,ENERGY,0,0
[Sensor] 30.31
[Service] Resume execution - Task 2
[Service] Resume checkpoint: 0
[Service] Resume progress: 0%
[COMM Resume] Checkpoint: 0
[COMM Resume] Invalid checkpoint: 0
[TEST] COMM checkpoint: 0
[Sensor Buffer] Stored: 30.31
[Service] Task 0 completed
[Service] Resume execution - Task 2
[Service] Resume checkpoint: 0
[Service] Resume progress: 0%
[COMM Resume] Checkpoint: 0
[COMM Resume] Invalid checkpoint: 0
[TEST] COMM checkpoint: 0
[Service] Resume execution - Task 2
[Service] Resume checkpoint: 0
[Service] Resume progress: 0%
[COMM Resume] Checkpoint: 0
[COMM Resume] Invalid checkpoint: 0
[TEST] COMM checkpoint: 0
[Service] Resume execution - Task 2
[Service] Resume checkpoint: 0
[Service] Resume progress: 0%
[COMM Resume] Checkpoint: 0
[COMM Resume] Invalid checkpoint: 0
[TEST] COMM checkpoint: 0
[Sensor] 30.31
[Service] Resume execution - Task 2
[Service] Resume checkpoint: 0
[Service] Resume progress: 0%
[COMM Resume] Checkpoint: 0
[COMM Resume] Invalid checkpoint: 0
[TEST] COMM checkpoint: 0
[Sensor Buffer] Stored: 30.31
[Service] Task 0 completed
[Service] Resume execution - Task 2
[Service] Resume checkpoint: 0
[Service] Resume progress: 0%
[COMM Resume] Checkpoint: 0
[COMM Resume] Invalid checkpoint: 0
[TEST] COMM checkpoint: 0
[Service] Resume execution - Task 2
[Service] Resume checkpoint: 0
[Service] Resume progress: 0%
[COMM Resume] Checkpoint: 0
[COMM Resume] Invalid checkpoint: 0
[TEST] COMM checkpoint: 0
[Service] Resume execution - Task 2
[Service] Resume checkpoint: 0
[Service] Resume progress: 0%
[COMM Resume] Checkpoint: 0
[COMM Resume] Invalid checkpoint: 0
[TEST] COMM checkpoint: 0
RPT,97713,0,UNSET,ENERGY,0,0
[Sensor] 30.37
[Service] Resume execution - Task 2
[Service] Resume checkpoint: 0
[Service] Resume progress: 0%
[COMM Resume] Checkpoint: 0
[COMM Resume] Invalid checkpoint: 0
[TEST] COMM checkpoint: 0
[Sensor Buffer] Stored: 30.37
[Service] Task 0 completed
[Service] Resume execution - Task 2
[Service] Resume checkpoint: 0
[Service] Resume progress: 0%
[COMM Resume] Checkpoint: 0
[COMM Resume] Invalid checkpoint: 0
[TEST] COMM checkpoint: 0
[Service] Resume execution - Task 2
[Service] Resume checkpoint: 0
[Service] Resume progress: 0%
[COMM Resume] Checkpoint: 0
[COMM Resume] Invalid checkpoint: 0
[TEST] COMM checkpoint: 0
[Service] Resume execution - Task 2
[Service] Resume checkpoint: 0
[Service] Resume progress: 0%
[COMM Resume] Checkpoint: 0
[COMM Resume] Invalid checkpoint: 0
[TEST] COMM checkpoint: 0
[Sensor] 30.37
[Service] Resume execution - Task 2
[Service] Resume checkpoint: 0
[Service] Resume progress: 0%
[COMM Resume] Checkpoint: 0
[COMM Resume] Invalid checkpoint: 0
[TEST] COMM checkpoint: 0
[Sensor Buffer] Stored: 30.37
[Service] Task 0 completed
[Service] Resume execution - Task 2
[Service] Resume checkpoint: 0
[Service] Resume progress: 0%
[COMM Resume] Checkpoint: 0
[COMM Resume] Invalid checkpoint: 0
[TEST] COMM checkpoint: 0
[Service] Resume execution - Task 2
[Service] Resume checkpoint: 0
[Service] Resume progress: 0%
[COMM Resume] Checkpoint: 0
[COMM Resume] Invalid checkpoint: 0
[TEST] COMM checkpoint: 0
[Service] Resume execution - Task 2
[Service] Resume checkpoint: 0
[Service] Resume progress: 0%
[COMM RX] Remote data (packet 133): ENERGY_TEST: 855353
[COMM TX] ACK|133
[COMM BT] hasClient(): TRUE
[COMM BT] Bytes written: 8/8
[COMM Resume] Checkpoint: 0
[COMM Resume] Invalid checkpoint: 0
[TEST] COMM checkpoint: 0
RPT,100315,0,UNSET,ENERGY,0,0
[Sensor] 30.44
[Service] Resume execution - Task 2
[Service] Resume checkpoint: 0
[Service] Resume progress: 0%
[COMM Resume] Checkpoint: 0
[COMM Resume] Invalid checkpoint: 0
[TEST] COMM checkpoint: 0
[Sensor Buffer] Stored: 30.44
[Service] Task 0 completed
[Service] Resume execution - Task 2
[Service] Resume checkpoint: 0
[Service] Resume progress: 0%
[COMM Resume] Checkpoint: 0
[COMM Resume] Invalid checkpoint: 0
[TEST] COMM checkpoint: 0
[Service] Resume execution - Task 2
[Service] Resume checkpoint: 0
[Service] Resume progress: 0%
[COMM Resume] Checkpoint: 0
[COMM Resume] Invalid checkpoint: 0
[TEST] COMM checkpoint: 0
[Service] Resume execution - Task 2
[Service] Resume checkpoint: 0
[Service] Resume progress: 0%
[COMM Resume] Checkpoint: 0
[COMM Resume] Invalid checkpoint: 0
[TEST] COMM checkpoint: 0
[Sensor] 30.44
[Service] Resume execution - Task 2
[Service] Resume checkpoint: 0
[Service] Resume progress: 0%
[COMM Resume] Checkpoint: 0
[COMM Resume] Invalid checkpoint: 0
[TEST] COMM checkpoint: 0
[Sensor Buffer] Stored: 30.44
[Service] Task 0 completed
[Service] Resume execution - Task 2
[Service] Resume checkpoint: 0
[Service] Resume progress: 0%
[COMM Resume] Checkpoint: 0
[COMM Resume] Invalid checkpoint: 0
[TEST] COMM checkpoint: 0
[Service] Resume execution - Task 2
[Service] Resume checkpoint: 0
[Service] Resume progress: 0%
[COMM Resume] Checkpoint: 0
[COMM Resume] Invalid checkpoint: 0
[TEST] COMM checkpoint: 0
[Service] Resume execution - Task 2
[Service] Resume checkpoint: 0
[Service] Resume progress: 0%
[COMM Resume] Checkpoint: 0
[COMM Resume] Invalid checkpoint: 0
[TEST] COMM checkpoint: 0
RPT,102827,0,UNSET,ENERGY,0,0
[Sensor] 30.50
[Service] Resume execution - Task 2
[Service] Resume checkpoint: 0
[Service] Resume progress: 0%
[COMM Resume] Checkpoint: 0
[COMM Resume] Invalid checkpoint: 0
[TEST] COMM checkpoint: 0
[Sensor Buffer] Stored: 30.50
[Service] Task 0 completed
[Service] Resume execution - Task 2
[Service] Resume checkpoint: 0
[Service] Resume progress: 0%
[COMM Resume] Checkpoint: 0
[COMM Resume] Invalid checkpoint: 0
[TEST] COMM checkpoint: 0
[Service] Resume execution - Task 2
[Service] Resume checkpoint: 0
[Service] Resume progress: 0%
[COMM Resume] Checkpoint: 0
[COMM Resume] Invalid checkpoint: 0
[TEST] COMM checkpoint: 0
[Service] Resume execution - Task 2
[Service] Resume checkpoint: 0
[Service] Resume progress: 0%
[COMM Resume] Checkpoint: 0
[COMM Resume] Invalid checkpoint: 0
[TEST] COMM checkpoint: 0
[Sensor] 30.50
[Service] Resume execution - Task 2
[Service] Resume checkpoint: 0
[Service] Resume progress: 0%
[COMM Resume] Checkpoint: 0
[COMM Resume] Invalid checkpoint: 0
[TEST] COMM checkpoint: 0
[Sensor Buffer] Stored: 30.50
[Service] Task 0 completed
[Service] Resume execution - Task 2
[Service] Resume checkpoint: 0
[Service] Resume progress: 0%
[COMM Resume] Checkpoint: 0
[COMM Resume] Invalid checkpoint: 0
[TEST] COMM checkpoint: 0
[Service] Resume execution - Task 2
[Service] Resume checkpoint: 0
[Service] Resume progress: 0%
[COMM Resume] Checkpoint: 0
[COMM Resume] Invalid checkpoint: 0
[TEST] COMM checkpoint: 0
[Service] Resume execution - Task 2
[Service] Resume checkpoint: 0
[Service] Resume progress: 0%
[COMM RX] Remote data (packet 134): ENERGY_TEST: 860473
[COMM TX] ACK|134
[COMM BT] hasClient(): TRUE
[COMM BT] Bytes written: 8/8
[COMM Resume] Checkpoint: 0
[COMM Resume] Invalid checkpoint: 0
[TEST] COMM checkpoint: 0
RPT,105429,0,UNSET,ENERGY,0,0
[Sensor] 30.44
[Service] Resume execution - Task 2
[Service] Resume checkpoint: 0
[Service] Resume progress: 0%
[COMM Resume] Checkpoint: 0
[COMM Resume] Invalid checkpoint: 0
[TEST] COMM checkpoint: 0
[Sensor Buffer] Stored: 30.44
[Service] Task 0 completed
[Service] Resume execution - Task 2
[Service] Resume checkpoint: 0
[Service] Resume progress: 0%
[COMM Resume] Checkpoint: 0
[COMM Resume] Invalid checkpoint: 0
[TEST] COMM checkpoint: 0
[Service] Resume execution - Task 2
[Service] Resume checkpoint: 0
[Service] Resume progress: 0%
[COMM Resume] Checkpoint: 0
[COMM Resume] Invalid checkpoint: 0
[TEST] COMM checkpoint: 0
[Service] Resume execution - Task 2
[Service] Resume checkpoint: 0
[Service] Resume progress: 0%
[COMM Resume] Checkpoint: 0
[COMM Resume] Invalid checkpoint: 0
[TEST] COMM checkpoint: 0
[Sensor] 30.50
[Service] Resume execution - Task 2
[Service] Resume checkpoint: 0
[Service] Resume progress: 0%
[COMM Resume] Checkpoint: 0
[COMM Resume] Invalid checkpoint: 0
[TEST] COMM checkpoint: 0
[Sensor Buffer] Stored: 30.50
[Service] Task 0 completed
[Service] Resume execution - Task 2
[Service] Resume checkpoint: 0
[Service] Resume progress: 0%
[COMM Resume] Checkpoint: 0
[COMM Resume] Invalid checkpoint: 0
[TEST] COMM checkpoint: 0
[Service] Resume execution - Task 2
[Service] Resume checkpoint: 0
[Service] Resume progress: 0%
[COMM Resume] Checkpoint: 0
[COMM Resume] Invalid checkpoint: 0
[TEST] COMM checkpoint: 0
[Service] Resume execution - Task 2
[Service] Resume checkpoint: 0
[Service] Resume progress: 0%
[COMM Resume] Checkpoint: 0
[COMM Resume] Invalid checkpoint: 0
[TEST] COMM checkpoint: 0
RPT,107941,0,UNSET,ENERGY,0,0
[Sensor] 30.50
[Service] Resume execution - Task 2
[Service] Resume checkpoint: 0
[Service] Resume progress: 0%
[COMM Resume] Checkpoint: 0
[COMM Resume] Invalid checkpoint: 0
[TEST] COMM checkpoint: 0
[Sensor Buffer] Stored: 30.50
[Service] Task 0 completed
[Service] Resume execution - Task 2
[Service] Resume checkpoint: 0
[Service] Resume progress: 0%
[COMM Resume] Checkpoint: 0
[COMM Resume] Invalid checkpoint: 0
[TEST] COMM checkpoint: 0
[Service] Resume execution - Task 2
[Service] Resume checkpoint: 0
[Service] Resume progress: 0%
[COMM Resume] Checkpoint: 0
[COMM Resume] Invalid checkpoint: 0
[TEST] COMM checkpoint: 0
[Service] Resume execution - Task 2
[Service] Resume checkpoint: 0
[Service] Resume progress: 0%
[COMM Resume] Checkpoint: 0
[COMM Resume] Invalid checkpoint: 0
[TEST] COMM checkpoint: 0
[Sensor] 30.50
[Service] Resume execution - Task 2
[Service] Resume checkpoint: 0
[Service] Resume progress: 0%
[COMM Resume] Checkpoint: 0
[COMM Resume] Invalid checkpoint: 0
[TEST] COMM checkpoint: 0
[Sensor Buffer] Stored: 30.50
[Service] Task 0 completed
[Service] Resume execution - Task 2
[Service] Resume checkpoint: 0
[Service] Resume progress: 0%
[COMM Resume] Checkpoint: 0
[COMM Resume] Invalid checkpoint: 0
[TEST] COMM checkpoint: 0
[Service] Resume execution - Task 2
[Service] Resume checkpoint: 0
[Service] Resume progress: 0%
[COMM Resume] Checkpoint: 0
[COMM Resume] Invalid checkpoint: 0
[TEST] COMM checkpoint: 0
[Service] Resume execution - Task 2
[Service] Resume checkpoint: 0
[Service] Resume progress: 0%
[COMM RX] Remote data (packet 135): ENERGY_TEST: 865583
[COMM TX] ACK|135
[COMM BT] hasClient(): TRUE
[COMM BT] Bytes written: 8/8
[COMM Resume] Checkpoint: 0
[COMM Resume] Invalid checkpoint: 0
[TEST] COMM checkpoint: 0
RPT,110543,0,UNSET,ENERGY,0,0
[Sensor] 30.50
[Service] Resume execution - Task 2
[Service] Resume checkpoint: 0
[Service] Resume progress: 0%
[COMM Resume] Checkpoint: 0
[COMM Resume] Invalid checkpoint: 0
[TEST] COMM checkpoint: 0
[Sensor Buffer] Stored: 30.50
[Service] Task 0 completed
[Service] Resume execution - Task 2
[Service] Resume checkpoint: 0
[Service] Resume progress: 0%
[COMM Resume] Checkpoint: 0
[COMM Resume] Invalid checkpoint: 0
[TEST] COMM checkpoint: 0
[Service] Resume execution - Task 2
[Service] Resume checkpoint: 0
[Service] Resume progress: 0%
[COMM Resume] Checkpoint: 0
[COMM Resume] Invalid checkpoint: 0
[TEST] COMM checkpoint: 0
[Service] Resume execution - Task 2
[Service] Resume checkpoint: 0
[Service] Resume progress: 0%
[COMM Resume] Checkpoint: 0
[COMM Resume] Invalid checkpoint: 0
[TEST] COMM checkpoint: 0
[Sensor] 30.44
[Service] Resume execution - Task 2
[Service] Resume checkpoint: 0
[Service] Resume progress: 0%
[COMM Resume] Checkpoint: 0
[COMM Resume] Invalid checkpoint: 0
[TEST] COMM checkpoint: 0
[Sensor Buffer] Stored: 30.44
[Service] Task 0 completed
[Service] Resume execution - Task 2
[Service] Resume checkpoint: 0
[Service] Resume progress: 0%
[COMM Resume] Checkpoint: 0
[COMM Resume] Invalid checkpoint: 0
[TEST] COMM checkpoint: 0
[Service] Resume execution - Task 2
[Service] Resume checkpoint: 0
[Service] Resume progress: 0%
[COMM Resume] Checkpoint: 0
[COMM Resume] Invalid checkpoint: 0
[TEST] COMM checkpoint: 0
[Service] Resume execution - Task 2
[Service] Resume checkpoint: 0
[Service] Resume progress: 0%
[COMM Resume] Checkpoint: 0
[COMM Resume] Invalid checkpoint: 0
[TEST] COMM checkpoint: 0
RPT,113055,0,UNSET,ENERGY,0,0
[Sensor] 30.44
[Service] Resume execution - Task 2
[Service] Resume checkpoint: 0
[Service] Resume progress: 0%
[COMM Resume] Checkpoint: 0
[COMM Resume] Invalid checkpoint: 0
[TEST] COMM checkpoint: 0
[Sensor Buffer] Stored: 30.44
[Service] Task 0 completed
[Service] Resume execution - Task 2
[Service] Resume checkpoint: 0
[Service] Resume progress: 0%
[COMM Resume] Checkpoint: 0
[COMM Resume] Invalid checkpoint: 0
[TEST] COMM checkpoint: 0
[Service] Resume execution - Task 2
[Service] Resume checkpoint: 0
[Service] Resume progress: 0%
[COMM Resume] Checkpoint: 0
[COMM Resume] Invalid checkpoint: 0
[TEST] COMM checkpoint: 0
[Service] Resume execution - Task 2
[Service] Resume checkpoint: 0
[Service] Resume progress: 0%
[COMM Resume] Checkpoint: 0
[COMM Resume] Invalid checkpoint: 0
[TEST] COMM checkpoint: 0
[Sensor] 30.50
[Service] Resume execution - Task 2
[Service] Resume checkpoint: 0
[Service] Resume progress: 0%
[COMM Resume] Checkpoint: 0
[COMM Resume] Invalid checkpoint: 0
[TEST] COMM checkpoint: 0
[Sensor Buffer] Stored: 30.50
[Service] Task 0 completed
[Service] Resume execution - Task 2
[Service] Resume checkpoint: 0
[Service] Resume progress: 0%
[COMM Resume] Checkpoint: 0
[COMM Resume] Invalid checkpoint: 0
[TEST] COMM checkpoint: 0
[Service] Resume execution - Task 2
[Service] Resume checkpoint: 0
[Service] Resume progress: 0%
[COMM Resume] Checkpoint: 0
[COMM Resume] Invalid checkpoint: 0
[TEST] COMM checkpoint: 0
ets Jul 29 2019 12:21:46

rst:0x1 (POWERON_RESET),boot:0x17 (SPI_FAST_FLASH_BOOT)
configsip: 0, SPIWP:0xee
clk_drv:0x00,q_drv:0x00,d_drv:0x00,cs0_drv:0x00,hd_drv:0x00,wp_drv:0x00
mode:DIO, clock div:1
load:0x3fff0030,len:1184
load:0x40078000,len:13220
ho 0 tail 12 room 4
load:0x40080400,len:3028
entry 0x400805e4

=================================
  PERSISTENT OS - REPORT BUILD
=================================

RPT,millis,scenario_id,scenario_name,event,packetId,value

[REPORT] =================================
[REPORT] Tagueo de escenario (paper, Sección 4)
[REPORT] =================================
[REPORT] a -> 1. NORMAL
[REPORT] b -> 2. REMOTE_OFF
[REPORT] c -> 3. ACK_DELAYED
[REPORT] d -> 4. CUT_WAIT_ACK
[REPORT] e -> 5. CUT_BEFORE_SEND
[REPORT] f -> 6. CUT_AFTER_CREATE
[REPORT] g -> 7. CUT_RECEIVER_ACK_LOST
[REPORT] h -> mostrar este menú
[REPORT] =================================

[SIM] Simulation manager initialized
[ALARM] Manager initialized
[FRAM] Hardware detected
[BOOT] Persistent memory available
[BOOT] Previous state recovered
[BOOT] Count: 119
[BOOT] Recovery: YES
[ResumeManager] Recovery mode: ENABLED
[COMM] Initializing Bluetooth...
[COMM] Bluetooth begin attempt #1
[COMM] Bluetooth initialized
[COMM] Device name: PersistentOS1
[COMM] Searching for PersistentOS2...
[COMM] Bluetooth connect attempt #1
[COMM] Connected to PersistentOS2
[COMM] Bluetooth selected
[SYSTEM] Communication manager ready

[ENERGY] Manager initialized
[ENERGY] Level: 100.00% | State: NORMAL
[PREDICTION] Manager initialized
[BEHAVIOR] Manager initialized

=================================
Scenario: NORMAL
=================================

[SYSTEM] Sensor service ready
[SYSTEM] Communication service ready
[SYSTEM] Failure manager ready
[SYSTEM] Energy manager ready

[SYSTEM] =================================
[SYSTEM] RECOVERY BOOT DETECTED
[SYSTEM] =================================
[SYSTEM] Task 0 checkpoint: 1 | progress: 25% | completed: NO
[SYSTEM] Task 1 checkpoint: 0 | progress: 0% | completed: NO
[SYSTEM] Task 2 checkpoint: 0 | progress: 0% | completed: NO
[SYSTEM] Task 3 checkpoint: 0 | progress: 0% | completed: NO
[SYSTEM] Task 4 checkpoint: 0 | progress: 0% | completed: NO
[SYSTEM] Task 5 checkpoint: 0 | progress: 0% | completed: NO
[SYSTEM] Task 6 checkpoint: 0 | progress: 0% | completed: NO
[SYSTEM] Task 7 checkpoint: 0 | progress: 0% | completed: NO
[SYSTEM] Task 8 checkpoint: 0 | progress: 0% | completed: NO
[SYSTEM] Task 9 checkpoint: 0 | progress: 0% | completed: NO
[SYSTEM] =================================

RPT,3626,0,UNSET,BOOT_RECOVERY,0,0
[COMM BT] CLIENT CONNECTED
RPT,4210,0,UNSET,BT_CONNECTED,0,0
[COMM RX] Remote data (packet 136): ENERGY_TEST: 876913
[COMM TX] ACK|136
[COMM BT] hasClient(): TRUE
[COMM BT] Bytes written: 8/8
[COMM] Starting packet creation
RPT,4396,0,UNSET,ENERGY,0,10000
[Sensor] 30.44
RPT,4572,0,UNSET,CREATE,4870,0
[COMM] Packet created ID: 4870
[COMM] Payload: TEMP: 30.44
[COMM] CREATE completed
[Sensor Buffer] Stored: 30.44
[Service] Task 0 completed
[COMM] Preparing packet ID: 4866
[COMM] PREPARE completed
[COMM BT] Sending: DATA|4866|TEMP: 30.31
[COMM BT] hasClient(): TRUE
[COMM BT] Bytes written: 22/22
RPT,5174,0,UNSET,RETRY,4866,2
[COMM] SEND completed
[COMM] ACK received for packet ID: 4866
[COMM] ACK received
[Sensor] 30.50
RPT,6182,0,UNSET,CONFIRM,4866,2
RPT,6182,0,UNSET,RECOVERY_LATENCY_MS,4866,2556
[COMM] Packet confirmed: 4866
[Service] Task 2 completed
[Sensor Buffer] Stored: 30.50
[Service] Task 0 completed
[COMM] Starting packet creation
RPT,6508,0,UNSET,ENERGY,0,9000
RPT,6684,0,UNSET,CREATE,4871,0
[COMM] Packet created ID: 4871
[COMM] Payload: TEMP: 30.50
[COMM] CREATE completed
[COMM] Preparing packet ID: 4867
[COMM] PREPARE completed
[Sensor] 30.56
[COMM BT] Sending: DATA|4867|TEMP: 30.31
[COMM BT] hasClient(): TRUE
[COMM BT] Bytes written: 22/22
RPT,7793,0,UNSET,SEND,4867,1
[COMM] SEND completed
[Sensor Buffer] Stored: 30.56
[Service] Task 0 completed
[COMM] ACK received for packet ID: 4867
[COMM] ACK received
RPT,8294,0,UNSET,CONFIRM,4867,1
[COMM] Packet confirmed: 4867
[Service] Task 2 completed
[COMM] Starting packet creation
RPT,9128,0,UNSET,ENERGY,0,8000
[Sensor] 30.56
[COMM RX] Remote data (packet 137): ENERGY_TEST: 882373
[COMM TX] ACK|137
[COMM BT] hasClient(): TRUE
[COMM BT] Bytes written: 8/8
RPT,9404,0,UNSET,CREATE,4872,0
[COMM] Packet created ID: 4872
[COMM] Payload: TEMP: 30.56
[COMM] CREATE completed
[Sensor Buffer] Stored: 30.56
[Service] Task 0 completed
[COMM] Preparing packet ID: 4868
[COMM] PREPARE completed
[COMM BT] Sending: DATA|4868|TEMP: 30.31
[COMM BT] hasClient(): TRUE
[COMM BT] Bytes written: 22/22
RPT,10016,0,UNSET,SEND,4868,1
[COMM] SEND completed
[COMM] ACK received for packet ID: 4868
[COMM] ACK received
[Sensor] 30.50
RPT,11024,0,UNSET,CONFIRM,4868,1
[COMM] Packet confirmed: 4868
[Service] Task 2 completed
[Sensor Buffer] Stored: 30.50
[Service] Task 0 completed
[COMM] Starting packet creation
RPT,11350,0,UNSET,ENERGY,0,7500
RPT,11526,0,UNSET,CREATE,4873,0
[COMM] Packet created ID: 4873
[COMM] Payload: TEMP: 30.50
[COMM] CREATE completed
[COMM] Preparing packet ID: 4869
[COMM] PREPARE completed
[Sensor] 30.56
[COMM BT] Sending: DATA|4869|TEMP: 30.38
[COMM BT] hasClient(): TRUE
[COMM BT] Bytes written: 22/22
RPT,12635,0,UNSET,SEND,4869,1
[COMM] SEND completed
[Sensor Buffer] Stored: 30.56
[Service] Task 0 completed
[COMM] ACK received for packet ID: 4869
[COMM] ACK received
RPT,13136,0,UNSET,CONFIRM,4869,1
[COMM] Packet confirmed: 4869
[Service] Task 2 completed
[COMM] Starting packet creation
RPT,13970,0,UNSET,ENERGY,0,6500
[Sensor] 30.56
RPT,14145,0,UNSET,CREATE,4874,0
[COMM] Packet created ID: 4874
[COMM] Payload: TEMP: 30.56
[COMM] CREATE completed
[Sensor Buffer] Stored: 30.56
[Service] Task 0 completed
[COMM RX] Remote data (packet 138): ENERGY_TEST: 887483
[COMM TX] ACK|138
[COMM BT] hasClient(): TRUE
[COMM BT] Bytes written: 8/8
[COMM] Preparing packet ID: 4870
[COMM] PREPARE completed
[COMM BT] Sending: DATA|4870|TEMP: 30.44
[COMM BT] hasClient(): TRUE
[COMM BT] Bytes written: 22/22
RPT,14847,0,UNSET,SEND,4870,1
[COMM] SEND completed
[COMM] ACK received for packet ID: 4870
[COMM] ACK received
[Sensor] 30.56
RPT,15855,0,UNSET,CONFIRM,4870,1
[COMM] Packet confirmed: 4870
[Service] Task 2 completed
[Sensor Buffer] Stored: 30.56
[Service] Task 0 completed
[COMM] Starting packet creation
RPT,16181,0,UNSET,ENERGY,0,6000
RPT,16357,0,UNSET,CREATE,4875,0
[COMM] Packet created ID: 4875
[COMM] Payload: TEMP: 30.56
[COMM] CREATE completed
[COMM] Preparing packet ID: 4871
[COMM] PREPARE completed
[Sensor] 30.56
[COMM BT] Sending: DATA|4871|TEMP: 30.50
[COMM BT] hasClient(): TRUE
[COMM BT] Bytes written: 22/22
RPT,17466,0,UNSET,SEND,4871,1
[COMM] SEND completed
[Sensor Buffer] Stored: 30.56
[Service] Task 0 completed
[COMM] ACK received for packet ID: 4871
[COMM] ACK received
RPT,17967,0,UNSET,CONFIRM,4871,1
[COMM] Packet confirmed: 4871
[Service] Task 2 completed
[COMM] Starting packet creation
RPT,18801,0,UNSET,ENERGY,0,5000
[Sensor] 30.50
RPT,18976,0,UNSET,CREATE,4876,0
[COMM] Packet created ID: 4876
[COMM] Payload: TEMP: 30.50
[COMM] CREATE completed
[Sensor Buffer] Stored: 30.50
[Service] Task 0 completed
[COMM] Preparing packet ID: 4872
[COMM] PREPARE completed
[COMM RX] Remote data (packet 139): ENERGY_TEST: 892593
[COMM TX] ACK|139
[COMM BT] hasClient(): TRUE
[COMM BT] Bytes written: 8/8
[COMM BT] Sending: DATA|4872|TEMP: 30.56
[COMM BT] hasClient(): TRUE
[COMM BT] Bytes written: 22/22
RPT,19678,0,UNSET,SEND,4872,1
[COMM] SEND completed
[COMM] ACK received for packet ID: 4872
[COMM] ACK received
[Sensor] 30.56
RPT,20686,0,UNSET,CONFIRM,4872,1
[COMM] Packet confirmed: 4872
[Service] Task 2 completed
[Sensor Buffer] Stored: 30.56
[Service] Task 0 completed
[COMM] Starting packet creation
RPT,21012,0,UNSET,ENERGY,0,4500
RPT,21188,0,UNSET,CREATE,4877,0
[COMM] Packet created ID: 4877
[COMM] Payload: TEMP: 30.56
[COMM] CREATE completed
[COMM] Preparing packet ID: 4873
[COMM] PREPARE completed
[Sensor] 30.56
[COMM BT] Sending: DATA|4873|TEMP: 30.50
[COMM BT] hasClient(): TRUE
[COMM BT] Bytes written: 22/22
RPT,22297,0,UNSET,SEND,4873,1
[COMM] SEND completed
[Sensor Buffer] Stored: 30.56
[Service] Task 0 completed
[COMM] ACK received for packet ID: 4873
[COMM] ACK received
RPT,22798,0,UNSET,CONFIRM,4873,1
[COMM] Packet confirmed: 4873
[Service] Task 2 completed
[COMM] Starting packet creation
RPT,23632,0,UNSET,ENERGY,0,3500
[Sensor] 30.50
RPT,23807,0,UNSET,CREATE,4878,0
[COMM] Packet created ID: 4878
[COMM] Payload: TEMP: 30.50
[COMM] CREATE completed
[Sensor Buffer] Stored: 30.50
[Service] Task 0 completed
[COMM] Preparing packet ID: 4874
[COMM] PREPARE completed
[COMM BT] Sending: DATA|4874|TEMP: 30.56
[COMM BT] hasClient(): TRUE
[COMM BT] Bytes written: 22/22
RPT,24409,0,UNSET,SEND,4874,1
[COMM] SEND completed
[COMM] ACK received for packet ID: 4874
[COMM RX] Remote data (packet 140): ENERGY_TEST: 897703
[COMM TX] ACK|140
[COMM BT] hasClient(): TRUE
[COMM BT] Bytes written: 8/8
[COMM] ACK received
[ENERGY] Level: 30.00% | State: LOW
[ALERT] Energy level LOW
[Sensor] 30.56
RPT,25527,0,UNSET,CONFIRM,4874,1
[COMM] Packet confirmed: 4874
[Service] Task 2 completed
[Sensor Buffer] Stored: 30.56
[Service] Task 0 completed
[COMM] Starting packet creation
RPT,25853,0,UNSET,ENERGY,0,3000
RPT,26029,0,UNSET,CREATE,4879,0
[COMM] Packet created ID: 4879
[COMM] Payload: TEMP: 30.56
[COMM] CREATE completed
[COMM] Preparing packet ID: 4875
[COMM] PREPARE completed
[ALERT] Energy level LOW
[Sensor] 30.56
[COMM BT] Sending: DATA|4875|TEMP: 30.56
[COMM BT] hasClient(): TRUE
[COMM BT] Bytes written: 22/22
RPT,27138,0,UNSET,SEND,4875,1
[COMM] SEND completed
[Sensor Buffer] Stored: 30.56
[Service] Task 0 completed
[COMM] ACK received for packet ID: 4875
[COMM] ACK received
RPT,27639,0,UNSET,CONFIRM,4875,1
[COMM] Packet confirmed: 4875
[Service] Task 2 completed
[COMM] Starting packet creation
[ALERT] Energy level LOW
RPT,28473,0,UNSET,ENERGY,0,2000
[Sensor] 30.50
RPT,28648,0,UNSET,CREATE,4880,0
[COMM] Packet created ID: 4880
[COMM] Payload: TEMP: 30.50
[COMM] CREATE completed
[Sensor Buffer] Stored: 30.50
[Service] Task 0 completed
[COMM] Preparing packet ID: 4876
[COMM] PREPARE completed
[COMM BT] Sending: DATA|4876|TEMP: 30.50
[COMM BT] hasClient(): TRUE
[COMM BT] Bytes written: 22/22
RPT,29250,0,UNSET,SEND,4876,1
[COMM] SEND completed
[COMM] ACK received for packet ID: 4876
[COMM] ACK received
[ALERT] Energy level LOW
[Sensor] 30.50
[COMM RX] Remote data (packet 141): ENERGY_TEST: 903333
[COMM TX] ACK|141
[COMM BT] hasClient(): TRUE
[COMM BT] Bytes written: 8/8
RPT,30359,0,UNSET,CONFIRM,4876,1
[COMM] Packet confirmed: 4876
[Service] Task 2 completed
[Sensor Buffer] Stored: 30.50
[Service] Task 0 completed
[COMM] Starting packet creation
RPT,30685,0,UNSET,ENERGY,0,1500
RPT,30861,0,UNSET,CREATE,4881,0
[COMM] Packet created ID: 4881
[COMM] Payload: TEMP: 30.50
[COMM] CREATE completed
[COMM] Preparing packet ID: 4877
[COMM] PREPARE completed
[ENERGY] Level: 10.00% | State: CRITICAL
[ALERT] Energy level CRITICAL
[Sensor] 30.50
[COMM BT] Sending: DATA|4877|TEMP: 30.56
[COMM BT] hasClient(): TRUE
[COMM BT] Bytes written: 22/22
RPT,31970,0,UNSET,SEND,4877,1
[COMM] SEND completed
[Sensor Buffer] Stored: 30.50
[Service] Task 0 completed
[COMM] ACK received for packet ID: 4877
[COMM] ACK received
RPT,32471,0,UNSET,CONFIRM,4877,1
[COMM] Packet confirmed: 4877
[Service] Task 2 completed
[COMM] Starting packet creation
[ALERT] Energy level CRITICAL
RPT,33305,0,UNSET,ENERGY,0,500
[Sensor] 30.56
RPT,33480,0,UNSET,CREATE,4882,0
[COMM] Packet created ID: 4882
[COMM] Payload: TEMP: 30.56
[COMM] CREATE completed
[Sensor Buffer] Stored: 30.56
[Service] Task 0 completed
[COMM] Preparing packet ID: 4878
[COMM] PREPARE completed
[COMM BT] Sending: DATA|4878|TEMP: 30.50
[COMM BT] hasClient(): TRUE
[COMM BT] Bytes written: 22/22
RPT,34082,0,UNSET,SEND,4878,1
[COMM] SEND completed
[COMM] ACK received for packet ID: 4878
[COMM] ACK received
[ENERGY] Level: 0.00% | State: OFF
[ALERT] Energy depleted
[ENERGY] ESP32 simulated OFF
[ENERGY] Shutdown simulation active
[ENERGY] System remains running for test
[Sensor] 30.56
RPT,35101,0,UNSET,CONFIRM,4878,1
[COMM] Packet confirmed: 4878
[Service] Task 2 completed
[Sensor Buffer] Stored: 30.56
[Service] Task 0 completed
[COMM RX] Remote data (packet 142): ENERGY_TEST: 908443
[COMM TX] ACK|142
[COMM BT] hasClient(): TRUE
[COMM BT] Bytes written: 8/8
[COMM] Starting packet creation
RPT,35528,0,UNSET,ENERGY,0,0
RPT,35703,0,UNSET,CREATE,4883,0
[COMM] Packet created ID: 4883
[COMM] Payload: TEMP: 30.56
[COMM] CREATE completed
[COMM] Preparing packet ID: 4879
[COMM] PREPARE completed
[Sensor] 30.56
[COMM BT] Sending: DATA|4879|TEMP: 30.56
[COMM BT] hasClient(): TRUE
[COMM BT] Bytes written: 22/22
RPT,36812,0,UNSET,SEND,4879,1
[COMM] SEND completed
[Sensor Buffer] Stored: 30.56
[Service] Task 0 completed
[COMM] ACK received for packet ID: 4879
[COMM] ACK received
RPT,37313,0,UNSET,CONFIRM,4879,1
[COMM] Packet confirmed: 4879
[Service] Task 2 completed
[COMM] Starting packet creation
RPT,38147,0,UNSET,ENERGY,0,0
[Sensor] 30.50
RPT,38322,0,UNSET,CREATE,4884,0
[COMM] Packet created ID: 4884
[COMM] Payload: TEMP: 30.50
[COMM] CREATE completed
[Sensor Buffer] Stored: 30.50
[Service] Task 0 completed
[COMM] Preparing packet ID: 4880
[COMM] PREPARE completed
[COMM BT] Sending: DATA|4880|TEMP: 30.50
[COMM BT] hasClient(): TRUE
[COMM BT] Bytes written: 22/22
RPT,38924,0,UNSET,SEND,4880,1
[COMM] SEND completed
[COMM] ACK received for packet ID: 4880
[COMM] ACK received
[Sensor] 30.50
RPT,39932,0,UNSET,CONFIRM,4880,1
[COMM] Packet confirmed: 4880
[Service] Task 2 completed
[Sensor Buffer] Stored: 30.50
[Service] Task 0 completed
[COMM] Starting packet creation
RPT,40258,0,UNSET,ENERGY,0,0
RPT,40434,0,UNSET,CREATE,4885,0
[COMM] Packet created ID: 4885
[COMM] Payload: TEMP: 30.50
[COMM] CREATE completed
[COMM RX] Remote data (packet 143): ENERGY_TEST: 913553
[COMM TX] ACK|143
[COMM BT] hasClient(): TRUE
[COMM BT] Bytes written: 8/8
[COMM] Preparing packet ID: 4881
[COMM] PREPARE completed
[Sensor] 30.56
[COMM BT] Sending: DATA|4881|TEMP: 30.50
[COMM BT] hasClient(): TRUE
[COMM BT] Bytes written: 22/22
RPT,41643,0,UNSET,SEND,4881,1
[COMM] SEND completed
[Sensor Buffer] Stored: 30.56
[Service] Task 0 completed
[COMM] ACK received for packet ID: 4881
[COMM] ACK received
RPT,42144,0,UNSET,CONFIRM,4881,1
[COMM] Packet confirmed: 4881
[Service] Task 2 completed
[COMM] Starting packet creation
RPT,42978,0,UNSET,ENERGY,0,0
[Sensor] 30.50
RPT,43153,0,UNSET,CREATE,4886,0
[COMM] Packet created ID: 4886
[COMM] Payload: TEMP: 30.50
[COMM] CREATE completed
[Sensor Buffer] Stored: 30.50
[Service] Task 0 completed
[COMM] Preparing packet ID: 4882
[COMM] PREPARE completed
[COMM BT] Sending: DATA|4882|TEMP: 30.56
[COMM BT] hasClient(): TRUE
[COMM BT] Bytes written: 22/22
RPT,43755,0,UNSET,SEND,4882,1
[COMM] SEND completed
[COMM] ACK received for packet ID: 4882
[COMM] ACK received
[Sensor] 30.50
RPT,44763,0,UNSET,CONFIRM,4882,1
[COMM] Packet confirmed: 4882
[Service] Task 2 completed
[Sensor Buffer] Stored: 30.50
[Service] Task 0 completed
[COMM] Starting packet creation
RPT,45089,0,UNSET,ENERGY,0,0
RPT,45265,0,UNSET,CREATE,4887,0
[COMM] Packet created ID: 4887
[COMM] Payload: TEMP: 30.50
[COMM] CREATE completed
[COMM] Preparing packet ID: 4883
[COMM] PREPARE completed
[Sensor] 30.56
[COMM RX] Remote data (packet 144): ENERGY_TEST: 919343
[COMM TX] ACK|144
[COMM BT] hasClient(): TRUE
[COMM BT] Bytes written: 8/8
[COMM BT] Sending: DATA|4883|TEMP: 30.56
[COMM BT] hasClient(): TRUE
[COMM BT] Bytes written: 22/22
RPT,46475,0,UNSET,SEND,4883,1
[COMM] SEND completed
[Sensor Buffer] Stored: 30.56
[Service] Task 0 completed
[COMM] ACK received for packet ID: 4883
[COMM] ACK received
RPT,46976,0,UNSET,CONFIRM,4883,1
[COMM] Packet confirmed: 4883
[Service] Task 2 completed
[COMM] Starting packet creation
RPT,47810,0,UNSET,ENERGY,0,0
[Sensor] 30.56
RPT,47985,0,UNSET,CREATE,4888,0
[COMM] Packet created ID: 4888
[COMM] Payload: TEMP: 30.56
[COMM] CREATE completed
[Sensor Buffer] Stored: 30.56
[Service] Task 0 completed
[COMM] Preparing packet ID: 4884
[COMM] PREPARE completed
[COMM BT] Sending: DATA|4884|TEMP: 30.50
[COMM BT] hasClient(): TRUE
[COMM BT] Bytes written: 22/22
RPT,48587,0,UNSET,SEND,4884,1
[COMM] SEND completed
[COMM] ACK received for packet ID: 4884
[COMM] ACK received
[Sensor] 30.56
RPT,49595,0,UNSET,CONFIRM,4884,1
[COMM] Packet confirmed: 4884
[Service] Task 2 completed
[Sensor Buffer] Stored: 30.56
[Service] Task 0 completed
[COMM] Starting packet creation
RPT,49921,0,UNSET,ENERGY,0,0
RPT,50097,0,UNSET,CREATE,4889,0
[COMM] Packet created ID: 4889
[COMM] Payload: TEMP: 30.56
[COMM] CREATE completed
[COMM] Preparing packet ID: 4885
[COMM] PREPARE completed
[Sensor] 30.50
[COMM BT] Sending: DATA|4885|TEMP: 30.50
[COMM BT] hasClient(): TRUE
[COMM BT] Bytes written: 22/22
RPT,51206,0,UNSET,SEND,4885,1
[COMM] SEND completed
[Sensor Buffer] Stored: 30.50
[Service] Task 0 completed
[COMM] ACK received for packet ID: 4885
[COMM RX] Remote data (packet 145): ENERGY_TEST: 924453
[COMM TX] ACK|145
[COMM BT] hasClient(): TRUE
[COMM BT] Bytes written: 8/8
[COMM] ACK received
RPT,51817,0,UNSET,CONFIRM,4885,1
[COMM] Packet confirmed: 4885
[Service] Task 2 completed
[COMM] Starting packet creation
RPT,52651,0,UNSET,ENERGY,0,0
[Sensor] 30.56
RPT,52826,0,UNSET,CREATE,4890,0
[COMM] Packet created ID: 4890
[COMM] Payload: TEMP: 30.56
[COMM] CREATE completed
[Sensor Buffer] Stored: 30.56
[Service] Task 0 completed
[COMM] Preparing packet ID: 4886
[COMM] PREPARE completed
[COMM BT] Sending: DATA|4886|TEMP: 30.50
[COMM BT] hasClient(): TRUE
[COMM BT] Bytes written: 22/22
RPT,53428,0,UNSET,SEND,4886,1
[COMM] SEND completed
[COMM] ACK received for packet ID: 4886
[COMM] ACK received
[Sensor] 30.50
RPT,54436,0,UNSET,CONFIRM,4886,1
[COMM] Packet confirmed: 4886
[Service] Task 2 completed
[Sensor Buffer] Stored: 30.50
[Service] Task 0 completed
[COMM] Starting packet creation
RPT,54762,0,UNSET,ENERGY,0,0
RPT,54938,0,UNSET,CREATE,4891,0
[COMM] Packet created ID: 4891
[COMM] Payload: TEMP: 30.50
[COMM] CREATE completed
[COMM] Preparing packet ID: 4887
[COMM] PREPARE completed
[Sensor] 30.50
[COMM BT] Sending: DATA|4887|TEMP: 30.50
[COMM BT] hasClient(): TRUE
[COMM BT] Bytes written: 22/22
RPT,56047,0,UNSET,SEND,4887,1
[COMM] SEND completed
[Sensor Buffer] Stored: 30.50
[Service] Task 0 completed
[COMM] ACK received for packet ID: 4887
[COMM] ACK received
[COMM RX] Remote data (packet 146): ENERGY_TEST: 929623
[COMM TX] ACK|146
[COMM BT] hasClient(): TRUE
[COMM BT] Bytes written: 8/8
RPT,56648,0,UNSET,CONFIRM,4887,1
[COMM] Packet confirmed: 4887
[Service] Task 2 completed
[COMM] Starting packet creation
RPT,57482,0,UNSET,ENERGY,0,0
[Sensor] 30.56
RPT,57657,0,UNSET,CREATE,4892,0
[COMM] Packet created ID: 4892
[COMM] Payload: TEMP: 30.56
[COMM] CREATE completed
[Sensor Buffer] Stored: 30.56
[Service] Task 0 completed
[COMM] Preparing packet ID: 4888
[COMM] PREPARE completed
[COMM BT] Sending: DATA|4888|TEMP: 30.56
[COMM BT] hasClient(): TRUE
[COMM BT] Bytes written: 22/22
RPT,58259,0,UNSET,SEND,4888,1
[COMM] SEND completed
[COMM] ACK received for packet ID: 4888
[COMM] ACK received
[Sensor] 30.50
RPT,59267,0,UNSET,CONFIRM,4888,1
[COMM] Packet confirmed: 4888
[Service] Task 2 completed
[Sensor Buffer] Stored: 30.50
[Service] Task 0 completed
[COMM] Starting packet creation
RPT,59593,0,UNSET,ENERGY,0,0
RPT,59769,0,UNSET,CREATE,4893,0
[COMM] Packet created ID: 4893
[COMM] Payload: TEMP: 30.50
[COMM] CREATE completed
[COMM] Preparing packet ID: 4889
[COMM] PREPARE completed
[Sensor] 30.56
[COMM BT] Sending: DATA|4889|TEMP: 30.56
[COMM BT] hasClient(): TRUE
[COMM BT] Bytes written: 22/22
RPT,60878,0,UNSET,SEND,4889,1
[COMM] SEND completed
[Sensor Buffer] Stored: 30.56
[Service] Task 0 completed
[COMM] ACK received for packet ID: 4889
[COMM] ACK received
RPT,61379,0,UNSET,CONFIRM,4889,1
[COMM] Packet confirmed: 4889
[Service] Task 2 completed
[COMM RX] Remote data (packet 147): ENERGY_TEST: 934733
[COMM TX] ACK|147
[COMM BT] hasClient(): TRUE
[COMM BT] Bytes written: 8/8
[COMM] Starting packet creation
RPT,62313,0,UNSET,ENERGY,0,0
[Sensor] 30.56
RPT,62488,0,UNSET,CREATE,4894,0
[COMM] Packet created ID: 4894
[COMM] Payload: TEMP: 30.56
[COMM] CREATE completed
[Sensor Buffer] Stored: 30.56
[Service] Task 0 completed
[COMM] Preparing packet ID: 4890
[COMM] PREPARE completed
[COMM BT] Sending: DATA|4890|TEMP: 30.56
[COMM BT] hasClient(): TRUE
[COMM BT] Bytes written: 22/22
RPT,63090,0,UNSET,SEND,4890,1
[COMM] SEND completed
[COMM] ACK received for packet ID: 4890
[COMM] ACK received
[Sensor] 30.56
RPT,64098,0,UNSET,CONFIRM,4890,1
[COMM] Packet confirmed: 4890
[Service] Task 2 completed
[Sensor Buffer] Stored: 30.56
[Service] Task 0 completed
[COMM] Starting packet creation
RPT,64424,0,UNSET,ENERGY,0,0
RPT,64600,0,UNSET,CREATE,4895,0
[COMM] Packet created ID: 4895
[COMM] Payload: TEMP: 30.56
[COMM] CREATE completed
[COMM] Preparing packet ID: 4891
[COMM] PREPARE completed
[Sensor] 30.56
[COMM BT] Sending: DATA|4891|TEMP: 30.50
[COMM BT] hasClient(): TRUE
[COMM BT] Bytes written: 22/22
RPT,65709,0,UNSET,SEND,4891,1
[COMM] SEND completed
[Sensor Buffer] Stored: 30.56
[Service] Task 0 completed
[COMM] ACK received for packet ID: 4891
[COMM] ACK received
RPT,66210,0,UNSET,CONFIRM,4891,1
[COMM] Packet confirmed: 4891
[Service] Task 2 completed
[COMM] Starting packet creation
RPT,67044,0,UNSET,ENERGY,0,0
[Sensor] 30.50
[COMM RX] Remote data (packet 148): ENERGY_TEST: 940293
[COMM TX] ACK|148
[COMM BT] hasClient(): TRUE
[COMM BT] Bytes written: 8/8
RPT,67320,0,UNSET,CREATE,4896,0
[COMM] Packet created ID: 4896
[COMM] Payload: TEMP: 30.50
[COMM] CREATE completed
[Sensor Buffer] Stored: 30.50
[Service] Task 0 completed
[COMM] Preparing packet ID: 4892
[COMM] PREPARE completed
[COMM BT] Sending: DATA|4892|TEMP: 30.56
[COMM BT] hasClient(): TRUE
[COMM BT] Bytes written: 22/22
RPT,67932,0,UNSET,SEND,4892,1
[COMM] SEND completed
[COMM] ACK received for packet ID: 4892
[COMM] ACK received
[Sensor] 30.50
RPT,68940,0,UNSET,CONFIRM,4892,1
[COMM] Packet confirmed: 4892
[Service] Task 2 completed
[Sensor Buffer] Stored: 30.50
[Service] Task 0 completed
[COMM] Starting packet creation
RPT,69266,0,UNSET,ENERGY,0,0
RPT,69442,0,UNSET,CREATE,4897,0
[COMM] Packet created ID: 4897
[COMM] Payload: TEMP: 30.50
[COMM] CREATE completed
[COMM] Preparing packet ID: 4893
[COMM] PREPARE completed
[Sensor] 30.50
[COMM BT] Sending: DATA|4893|TEMP: 30.50
[COMM BT] hasClient(): TRUE
[COMM BT] Bytes written: 22/22
RPT,70551,0,UNSET,SEND,4893,1
[COMM] SEND completed
[Sensor Buffer] Stored: 30.50
[Service] Task 0 completed
[COMM] ACK received for packet ID: 4893
[COMM] ACK received
RPT,71052,0,UNSET,CONFIRM,4893,1
[COMM] Packet confirmed: 4893
[Service] Task 2 completed
[COMM] Starting packet creation
RPT,71886,0,UNSET,ENERGY,0,0
[Sensor] 30.50
RPT,72061,0,UNSET,CREATE,4898,0
[COMM] Packet created ID: 4898
[COMM] Payload: TEMP: 30.50
[COMM] CREATE completed
[Sensor Buffer] Stored: 30.50
[Service] Task 0 completed
[COMM RX] Remote data (packet 149): ENERGY_TEST: 945403
[COMM TX] ACK|149
[COMM BT] hasClient(): TRUE
[COMM BT] Bytes written: 8/8
[COMM] Preparing packet ID: 4894
[COMM] PREPARE completed
[COMM BT] Sending: DATA|4894|TEMP: 30.56
[COMM BT] hasClient(): TRUE
[COMM BT] Bytes written: 22/22
RPT,72763,0,UNSET,SEND,4894,1
[COMM] SEND completed
[COMM] ACK received for packet ID: 4894
[COMM] ACK received
[Sensor] 30.50
RPT,73771,0,UNSET,CONFIRM,4894,1
[COMM] Packet confirmed: 4894
[Service] Task 2 completed
[Sensor Buffer] Stored: 30.50
[Service] Task 0 completed
[COMM] Starting packet creation
RPT,74097,0,UNSET,ENERGY,0,0
RPT,74273,0,UNSET,CREATE,4899,0
[COMM] Packet created ID: 4899
[COMM] Payload: TEMP: 30.50
[COMM] CREATE completed
[COMM] Preparing packet ID: 4895
[COMM] PREPARE completed
[Sensor] 30.50
[COMM BT] Sending: DATA|4895|TEMP: 30.56
[COMM BT] hasClient(): TRUE
[COMM BT] Bytes written: 22/22
RPT,75382,0,UNSET,SEND,4895,1
[COMM] SEND completed
[Sensor Buffer] Stored: 30.50
[Service] Task 0 completed
[COMM] ACK received for packet ID: 4895
[COMM] ACK received
RPT,75883,0,UNSET,CONFIRM,4895,1
[COMM] Packet confirmed: 4895
[Service] Task 2 completed
[COMM] Starting packet creation
RPT,76717,0,UNSET,ENERGY,0,0
[Sensor] 30.50
RPT,76892,0,UNSET,CREATE,4900,0
[COMM] Packet created ID: 4900
[COMM] Payload: TEMP: 30.50
[COMM] CREATE completed
[Sensor Buffer] Stored: 30.50
[Service] Task 0 completed
[COMM] Preparing packet ID: 4896
[COMM] PREPARE completed
[COMM BT] Sending: DATA|4896|TEMP: 30.50
[COMM BT] hasClient(): TRUE
[COMM BT] Bytes written: 22/22
RPT,77494,0,UNSET,SEND,4896,1
[COMM] SEND completed
[COMM RX] Remote data (packet 150): ENERGY_TEST: 950513
[COMM TX] ACK|150
[COMM BT] hasClient(): TRUE
[COMM BT] Bytes written: 8/8
[COMM] ACK received for packet ID: 4896
[COMM] ACK received
[Sensor] 30.50
RPT,78602,0,UNSET,CONFIRM,4896,1
[COMM] Packet confirmed: 4896
[Service] Task 2 completed
[Sensor Buffer] Stored: 30.50
[Service] Task 0 completed
[COMM] Starting packet creation
RPT,78928,0,UNSET,ENERGY,0,0
RPT,79104,0,UNSET,CREATE,4901,0
[COMM] Packet created ID: 4901
[COMM] Payload: TEMP: 30.50
[COMM] CREATE completed
[COMM] Preparing packet ID: 4897
[COMM] PREPARE completed
[Sensor] 30.56
[COMM BT] Sending: DATA|4897|TEMP: 30.50
[COMM BT] hasClient(): TRUE
[COMM BT] Bytes written: 22/22
RPT,80213,0,UNSET,SEND,4897,1
[COMM] SEND completed
[Sensor Buffer] Stored: 30.56
[Service] Task 0 completed
[COMM] ACK received for packet ID: 4897
[COMM] ACK received
RPT,80714,0,UNSET,CONFIRM,4897,1
[COMM] Packet confirmed: 4897
[Service] Task 2 completed
[COMM] Starting packet creation
RPT,81548,0,UNSET,ENERGY,0,0
[Sensor] 30.50
RPT,81723,0,UNSET,CREATE,4902,0
[COMM] Packet created ID: 4902
[COMM] Payload: TEMP: 30.50
[COMM] CREATE completed
[Sensor Buffer] Stored: 30.50
[Service] Task 0 completed
[COMM] Preparing packet ID: 4898
[COMM] PREPARE completed
[COMM BT] Sending: DATA|4898|TEMP: 30.50
[COMM BT] hasClient(): TRUE
[COMM BT] Bytes written: 22/22
RPT,82325,0,UNSET,SEND,4898,1
[COMM] SEND completed
[COMM] ACK received for packet ID: 4898
[COMM] ACK received
[Sensor] 30.56
[COMM RX] Remote data (packet 151): ENERGY_TEST: 956403
[COMM TX] ACK|151
[COMM BT] hasClient(): TRUE
[COMM BT] Bytes written: 8/8
RPT,83434,0,UNSET,CONFIRM,4898,1
[COMM] Packet confirmed: 4898
[Service] Task 2 completed
[Sensor Buffer] Stored: 30.56
[Service] Task 0 completed
[COMM] Starting packet creation
RPT,83760,0,UNSET,ENERGY,0,0
RPT,83936,0,UNSET,CREATE,4903,0
[COMM] Packet created ID: 4903
[COMM] Payload: TEMP: 30.56
[COMM] CREATE completed
[COMM] Preparing packet ID: 4899
[COMM] PREPARE completed
[Sensor] 30.50
[COMM BT] Sending: DATA|4899|TEMP: 30.50
[COMM BT] hasClient(): TRUE
[COMM BT] Bytes written: 22/22
RPT,85045,0,UNSET,SEND,4899,1
[COMM] SEND completed
[Sensor Buffer] Stored: 30.50
[Service] Task 0 completed
[COMM] ACK received for packet ID: 4899
[COMM] ACK received
RPT,85546,0,UNSET,CONFIRM,4899,1
[COMM] Packet confirmed: 4899
[Service] Task 2 completed
[COMM] Starting packet creation
RPT,86380,0,UNSET,ENERGY,0,0
[Sensor] 30.56
RPT,86555,0,UNSET,CREATE,4904,0
[COMM] Packet created ID: 4904
[COMM] Payload: TEMP: 30.56
[COMM] CREATE completed
[Sensor Buffer] Stored: 30.56
[Service] Task 0 completed
[COMM] Preparing packet ID: 4900
[COMM] PREPARE completed
[COMM BT] Sending: DATA|4900|TEMP: 30.50
[COMM BT] hasClient(): TRUE
[COMM BT] Bytes written: 22/22
RPT,87157,0,UNSET,SEND,4900,1
[COMM] SEND completed
[COMM] ACK received for packet ID: 4900
[COMM] ACK received
[Sensor] 30.56
RPT,88165,0,UNSET,CONFIRM,4900,1
[COMM] Packet confirmed: 4900
[Service] Task 2 completed
[Sensor Buffer] Stored: 30.56
[Service] Task 0 completed
[COMM RX] Remote data (packet 152): ENERGY_TEST: 961513
[COMM TX] ACK|152
[COMM BT] hasClient(): TRUE
[COMM BT] Bytes written: 8/8
[COMM] Starting packet creation
RPT,88592,0,UNSET,ENERGY,0,0
RPT,88767,0,UNSET,CREATE,4905,0
[COMM] Packet created ID: 4905
[COMM] Payload: TEMP: 30.56
[COMM] CREATE completed
[COMM] Preparing packet ID: 4901
[COMM] PREPARE completed
[Sensor] 30.56
[COMM BT] Sending: DATA|4901|TEMP: 30.50
[COMM BT] hasClient(): TRUE
[COMM BT] Bytes written: 22/22
RPT,89876,0,UNSET,SEND,4901,1
[COMM] SEND completed
[Sensor Buffer] Stored: 30.56
[Service] Task 0 completed
[COMM] ACK received for packet ID: 4901
[COMM] ACK received
RPT,90377,0,UNSET,CONFIRM,4901,1
[COMM] Packet confirmed: 4901
[Service] Task 2 completed
[COMM] Starting packet creation
RPT,91211,0,UNSET,ENERGY,0,0
[Sensor] 30.56
RPT,91386,0,UNSET,CREATE,4906,0
[COMM] Packet created ID: 4906
[COMM] Payload: TEMP: 30.56
[COMM] CREATE completed
[Sensor Buffer] Stored: 30.56
[Service] Task 0 completed
[COMM] Preparing packet ID: 4902
[COMM] PREPARE completed
[COMM BT] Sending: DATA|4902|TEMP: 30.50
[COMM BT] hasClient(): TRUE
[COMM BT] Bytes written: 22/22
RPT,91988,0,UNSET,SEND,4902,1
[COMM] SEND completed
ets Jul 29 2019 12:21:46

rst:0x1 (POWERON_RESET),boot:0x17 (SPI_FAST_FLASH_BOOT)
configsip: 0, SPIWP:0xee
clk_drv:0x00,q_drv:0x00,d_drv:0x00,cs0_drv:0x00,hd_drv:0x00,wp_drv:0x00
mode:DIO, clock div:1
load:0x3fff0030,len:1184
load:0x40078000,len:13220
ho 0 tail 12 room 4
load:0x40080400,len:3028
entry 0x400805e4

=================================
  PERSISTENT OS - REPORT BUILD
=================================

RPT,millis,scenario_id,scenario_name,event,packetId,value

[REPORT] =================================
[REPORT] Tagueo de escenario (paper, Sección 4)
[REPORT] =================================
[REPORT] a -> 1. NORMAL
[REPORT] b -> 2. REMOTE_OFF
[REPORT] c -> 3. ACK_DELAYED
[REPORT] d -> 4. CUT_WAIT_ACK
[REPORT] e -> 5. CUT_BEFORE_SEND
[REPORT] f -> 6. CUT_AFTER_CREATE
[REPORT] g -> 7. CUT_RECEIVER_ACK_LOST
[REPORT] h -> mostrar este menú
[REPORT] =================================

[SIM] Simulation manager initialized
[ALARM] Manager initialized
[FRAM] Hardware detected
[BOOT] Persistent memory available
[BOOT] Previous state recovered
[BOOT] Count: 120
[BOOT] Recovery: YES
[ResumeManager] Recovery mode: ENABLED
[COMM] Initializing Bluetooth...
[COMM] Bluetooth begin attempt #1
[COMM] Bluetooth initialized
[COMM] Device name: PersistentOS1
[COMM] Searching for PersistentOS2...
[COMM] Bluetooth connect attempt #1
[COMM] Connected to PersistentOS2
[COMM] Bluetooth selected
[SYSTEM] Communication manager ready

[ENERGY] Manager initialized
[ENERGY] Level: 100.00% | State: NORMAL
[PREDICTION] Manager initialized
[BEHAVIOR] Manager initialized

=================================
Scenario: NORMAL
=================================

[SYSTEM] Sensor service ready
[SYSTEM] Communication service ready
[SYSTEM] Failure manager ready
[SYSTEM] Energy manager ready

[SYSTEM] =================================
[SYSTEM] RECOVERY BOOT DETECTED
[SYSTEM] =================================
[SYSTEM] Task 0 checkpoint: 1 | progress: 25% | completed: NO
[SYSTEM] Task 1 checkpoint: 0 | progress: 0% | completed: NO
[SYSTEM] Task 2 checkpoint: 7 | progress: 80% | completed: NO
[SYSTEM] Task 3 checkpoint: 0 | progress: 0% | completed: NO
[SYSTEM] Task 4 checkpoint: 0 | progress: 0% | completed: NO
[SYSTEM] Task 5 checkpoint: 0 | progress: 0% | completed: NO
[SYSTEM] Task 6 checkpoint: 0 | progress: 0% | completed: NO
[SYSTEM] Task 7 checkpoint: 0 | progress: 0% | completed: NO
[SYSTEM] Task 8 checkpoint: 0 | progress: 0% | completed: NO
[SYSTEM] Task 9 checkpoint: 0 | progress: 0% | completed: NO
[SYSTEM] =================================

RPT,2977,0,UNSET,BOOT_RECOVERY,0,0
[COMM BT] CLIENT CONNECTED
RPT,3560,0,UNSET,BT_CONNECTED,0,0
[Service] Resume execution - Task 2
[Service] Resume checkpoint: 7
[Service] Resume progress: 80%
[COMM Resume] Checkpoint: 7
[COMM Resume] WAIT_ACK packet ID: 4902
[COMM] ACK timeout for packet ID: 4902, retrying...
[COMM BT] Sending: DATA|4902|TEMP: 30.50
[COMM BT] hasClient(): TRUE
[COMM BT] Bytes written: 22/22
RPT,3682,0,UNSET,RETRY,4902,2
[COMM Resume] ACK still pending
RPT,3682,0,UNSET,ENERGY,0,10000
[Sensor] 30.62
[Service] Resume execution - Task 2
[Service] Resume checkpoint: 7
[Service] Resume progress: 80%
[COMM] ACK received for packet ID: 4902
[COMM Resume] Checkpoint: 7
[COMM Resume] WAIT_ACK packet ID: 4902
[COMM Resume] ACK already received
[Sensor Buffer] Stored: 30.62
[Service] Task 0 completed
[Service] Resume execution - Task 2
[Service] Resume checkpoint: 8
[Service] Resume progress: 95%
[COMM Resume] Checkpoint: 8
[COMM Resume] CONFIRM packet ID: 4902
RPT,4129,0,UNSET,CONFIRM,4902,2
RPT,4129,0,UNSET,RECOVERY_LATENCY_MS,4902,1152
[COMM] Packet confirmed: 4902
[Service] Task 2 completed
[COMM] Starting packet creation
[Service] Resume execution - Task 2
[Service] Resume checkpoint: 4
[Service] Resume progress: 20%
[COMM RX] Remote data (packet 153): ENERGY_TEST: 972823
[COMM TX] ACK|153
[COMM BT] hasClient(): TRUE
[COMM BT] Bytes written: 8/8
[COMM Resume] Checkpoint: 4
[COMM Resume] Continuing from CREATE
RPT,5258,0,UNSET,CREATE,4907,0
[COMM] Packet created ID: 4907
[COMM] Payload: TEMP: 30.62
[Sensor] 30.62
[Service] Resume execution - Task 2
[Service] Resume checkpoint: 5
[Service] Resume progress: 40%
[COMM Resume] Checkpoint: 5
[COMM Resume] PREPARE packet ID: 4903
[COMM] Preparing packet ID: 4903
[Sensor Buffer] Stored: 30.62
[Service] Task 0 completed
[Service] Resume execution - Task 2
[Service] Resume checkpoint: 6
[Service] Resume progress: 60%
[COMM Resume] Checkpoint: 6
[COMM Resume] SEND packet ID: 4903
[COMM BT] Sending: DATA|4903|TEMP: 30.56
[COMM BT] hasClient(): TRUE
[COMM BT] Bytes written: 22/22
RPT,5902,0,UNSET,SEND,4903,1
RPT,5977,0,UNSET,ENERGY,0,9000
[Service] Resume execution - Task 2
[Service] Resume checkpoint: 7
[Service] Resume progress: 80%
[COMM] ACK received for packet ID: 4903
[COMM Resume] Checkpoint: 7
[COMM Resume] WAIT_ACK packet ID: 4903
[COMM Resume] ACK already received
[Service] Resume execution - Task 2
[Service] Resume checkpoint: 8
[Service] Resume progress: 95%
[COMM Resume] Checkpoint: 8
[COMM Resume] CONFIRM packet ID: 4903
RPT,6932,0,UNSET,CONFIRM,4903,1
[COMM] Packet confirmed: 4903
[Service] Task 2 completed
[Sensor] 30.62
[COMM] Starting packet creation
[Sensor Buffer] Stored: 30.62
[Service] Task 0 completed
[Service] Resume execution - Task 2
[Service] Resume checkpoint: 4
[Service] Resume progress: 20%
[COMM Resume] Checkpoint: 4
[COMM Resume] Continuing from CREATE
RPT,7444,0,UNSET,CREATE,4908,0
[COMM] Packet created ID: 4908
[COMM] Payload: TEMP: 30.62
[Service] Resume execution - Task 2
[Service] Resume checkpoint: 5
[Service] Resume progress: 40%
[COMM Resume] Checkpoint: 5
[COMM Resume] PREPARE packet ID: 4904
[COMM] Preparing packet ID: 4904
[Service] Resume execution - Task 2
[Service] Resume checkpoint: 6
[Service] Resume progress: 60%
[COMM Resume] Checkpoint: 6
[COMM Resume] SEND packet ID: 4904
[COMM BT] Sending: DATA|4904|TEMP: 30.56
[COMM BT] hasClient(): TRUE
[COMM BT] Bytes written: 22/22
RPT,8585,0,UNSET,SEND,4904,1
RPT,8660,0,UNSET,ENERGY,0,8000
[Sensor] 30.62
[Service] Resume execution - Task 2
[Service] Resume checkpoint: 7
[Service] Resume progress: 80%
[COMM] ACK received for packet ID: 4904
[COMM Resume] Checkpoint: 7
[COMM Resume] WAIT_ACK packet ID: 4904
[COMM Resume] ACK already received
[Sensor Buffer] Stored: 30.62
[Service] Task 0 completed
[Service] Resume execution - Task 2
[Service] Resume checkpoint: 8
[Service] Resume progress: 95%
[COMM Resume] Checkpoint: 8
[COMM Resume] CONFIRM packet ID: 4904
RPT,9108,0,UNSET,CONFIRM,4904,1
[COMM] Packet confirmed: 4904
[Service] Task 2 completed
[COMM] Starting packet creation
[Service] Resume execution - Task 2
[Service] Resume checkpoint: 4
[Service] Resume progress: 20%
[COMM Resume] Checkpoint: 4
[COMM Resume] Continuing from CREATE
RPT,10137,0,UNSET,CREATE,4909,0
[COMM] Packet created ID: 4909
[COMM] Payload: TEMP: 30.62
[Sensor] 30.69
[Service] Resume execution - Task 2
[Service] Resume checkpoint: 5
[Service] Resume progress: 40%
[COMM RX] Remote data (packet 154): ENERGY_TEST: 978423
[COMM TX] ACK|154
[COMM BT] hasClient(): TRUE
[COMM BT] Bytes written: 8/8
[COMM Resume] Checkpoint: 5
[COMM Resume] PREPARE packet ID: 4905
[COMM] Preparing packet ID: 4905
[Sensor Buffer] Stored: 30.69
[Service] Task 0 completed
[Service] Resume execution - Task 2
[Service] Resume checkpoint: 6
[Service] Resume progress: 60%
[COMM Resume] Checkpoint: 6
[COMM Resume] SEND packet ID: 4905
[COMM BT] Sending: DATA|4905|TEMP: 30.56
[COMM BT] hasClient(): TRUE
[COMM BT] Bytes written: 22/22
RPT,10880,0,UNSET,SEND,4905,1
RPT,10955,0,UNSET,ENERGY,0,7500
[Service] Resume execution - Task 2
[Service] Resume checkpoint: 7
[Service] Resume progress: 80%
[COMM] ACK received for packet ID: 4905
[COMM Resume] Checkpoint: 7
[COMM Resume] WAIT_ACK packet ID: 4905
[COMM Resume] ACK already received
[Service] Resume execution - Task 2
[Service] Resume checkpoint: 8
[Service] Resume progress: 95%
[COMM Resume] Checkpoint: 8
[COMM Resume] CONFIRM packet ID: 4905
RPT,11910,0,UNSET,CONFIRM,4905,1
[COMM] Packet confirmed: 4905
[Service] Task 2 completed
[Sensor] 30.69
[COMM] Starting packet creation
[Sensor Buffer] Stored: 30.69
[Service] Task 0 completed
[Service] Resume execution - Task 2
[Service] Resume checkpoint: 4
[Service] Resume progress: 20%
[COMM Resume] Checkpoint: 4
[COMM Resume] Continuing from CREATE
RPT,12422,0,UNSET,CREATE,4910,0
[COMM] Packet created ID: 4910
[COMM] Payload: TEMP: 30.69
[Service] Resume execution - Task 2
[Service] Resume checkpoint: 5
[Service] Resume progress: 40%
[COMM Resume] Checkpoint: 5
[COMM Resume] PREPARE packet ID: 4906
[COMM] Preparing packet ID: 4906
[Service] Resume execution - Task 2
[Service] Resume checkpoint: 6
[Service] Resume progress: 60%
[COMM Resume] Checkpoint: 6
[COMM Resume] SEND packet ID: 4906
[COMM BT] Sending: DATA|4906|TEMP: 30.56
[COMM BT] hasClient(): TRUE
[COMM BT] Bytes written: 22/22
RPT,13563,0,UNSET,SEND,4906,1
RPT,13638,0,UNSET,ENERGY,0,6500
[Sensor] 30.69
[Service] Resume execution - Task 2
[Service] Resume checkpoint: 7
[Service] Resume progress: 80%
[COMM] ACK received for packet ID: 4906
[COMM Resume] Checkpoint: 7
[COMM Resume] WAIT_ACK packet ID: 4906
[COMM Resume] ACK already received
[Sensor Buffer] Stored: 30.69
[Service] Task 0 completed
[Service] Resume execution - Task 2
[Service] Resume checkpoint: 8
[Service] Resume progress: 95%
[COMM Resume] Checkpoint: 8
[COMM Resume] CONFIRM packet ID: 4906
RPT,14086,0,UNSET,CONFIRM,4906,1
[COMM] Packet confirmed: 4906
[Service] Task 2 completed
[COMM] Starting packet creation
[Service] Resume execution - Task 2
[Service] Resume checkpoint: 4
[Service] Resume progress: 20%
[COMM Resume] Checkpoint: 4
[COMM Resume] Continuing from CREATE
RPT,15115,0,UNSET,CREATE,4911,0
[COMM] Packet created ID: 4911
[COMM] Payload: TEMP: 30.69
[Sensor] 30.75
[Service] Resume execution - Task 2
[Service] Resume checkpoint: 5
[Service] Resume progress: 40%
[COMM Resume] Checkpoint: 5
[COMM Resume] PREPARE packet ID: 4907
[COMM] Preparing packet ID: 4907
[Sensor Buffer] Stored: 30.75
[Service] Task 0 completed
[Service] Resume execution - Task 2
[Service] Resume checkpoint: 6
[Service] Resume progress: 60%
[COMM RX] Remote data (packet 155): ENERGY_TEST: 983673
[COMM TX] ACK|155
[COMM BT] hasClient(): TRUE
[COMM BT] Bytes written: 8/8
[COMM Resume] Checkpoint: 6
[COMM Resume] SEND packet ID: 4907
[COMM BT] Sending: DATA|4907|TEMP: 30.62
[COMM BT] hasClient(): TRUE
[COMM BT] Bytes written: 22/22
RPT,15858,0,UNSET,SEND,4907,1
RPT,15933,0,UNSET,ENERGY,0,6000
[Service] Resume execution - Task 2
[Service] Resume checkpoint: 7
[Service] Resume progress: 80%
[COMM] ACK received for packet ID: 4907
[COMM Resume] Checkpoint: 7
[COMM Resume] WAIT_ACK packet ID: 4907
[COMM Resume] ACK already received
[Service] Resume execution - Task 2
[Service] Resume checkpoint: 8
[Service] Resume progress: 95%
[COMM Resume] Checkpoint: 8
[COMM Resume] CONFIRM packet ID: 4907
RPT,16888,0,UNSET,CONFIRM,4907,1
[COMM] Packet confirmed: 4907
[Service] Task 2 completed
[Sensor] 30.75
[COMM] Starting packet creation
[Sensor Buffer] Stored: 30.75
[Service] Task 0 completed
[Service] Resume execution - Task 2
[Service] Resume checkpoint: 4
[Service] Resume progress: 20%
[COMM Resume] Checkpoint: 4
[COMM Resume] Continuing from CREATE
RPT,17401,0,UNSET,CREATE,4912,0
[COMM] Packet created ID: 4912
[COMM] Payload: TEMP: 30.75
[Service] Resume execution - Task 2
[Service] Resume checkpoint: 5
[Service] Resume progress: 40%
[COMM Resume] Checkpoint: 5
[COMM Resume] PREPARE packet ID: 4908
[COMM] Preparing packet ID: 4908
[Service] Resume execution - Task 2
[Service] Resume checkpoint: 6
[Service] Resume progress: 60%
[COMM Resume] Checkpoint: 6
[COMM Resume] SEND packet ID: 4908
[COMM BT] Sending: DATA|4908|TEMP: 30.62
[COMM BT] hasClient(): TRUE
[COMM BT] Bytes written: 22/22
RPT,18541,0,UNSET,SEND,4908,1
RPT,18616,0,UNSET,ENERGY,0,5000
[Sensor] 30.69
[Service] Resume execution - Task 2
[Service] Resume checkpoint: 7
[Service] Resume progress: 80%
[COMM] ACK received for packet ID: 4908
[COMM Resume] Checkpoint: 7
[COMM Resume] WAIT_ACK packet ID: 4908
[COMM Resume] ACK already received
[Sensor Buffer] Stored: 30.69
[Service] Task 0 completed
[Service] Resume execution - Task 2
[Service] Resume checkpoint: 8
[Service] Resume progress: 95%
[COMM Resume] Checkpoint: 8
[COMM Resume] CONFIRM packet ID: 4908
RPT,19064,0,UNSET,CONFIRM,4908,1
[COMM] Packet confirmed: 4908
[Service] Task 2 completed
[COMM] Starting packet creation
[Service] Resume execution - Task 2
[Service] Resume checkpoint: 4
[Service] Resume progress: 20%
[COMM Resume] Checkpoint: 4
[COMM Resume] Continuing from CREATE
RPT,20093,0,UNSET,CREATE,4913,0
[COMM] Packet created ID: 4913
[COMM] Payload: TEMP: 30.69
[Sensor] 30.69
[Service] Resume execution - Task 2
[Service] Resume checkpoint: 5
[Service] Resume progress: 40%
[COMM Resume] Checkpoint: 5
[COMM Resume] PREPARE packet ID: 4909
[COMM] Preparing packet ID: 4909
[Sensor Buffer] Stored: 30.69
[Service] Task 0 completed
[Service] Resume execution - Task 2
[Service] Resume checkpoint: 6
[Service] Resume progress: 60%
[COMM Resume] Checkpoint: 6
[COMM Resume] SEND packet ID: 4909
[COMM BT] Sending: DATA|4909|TEMP: 30.62
[COMM BT] hasClient(): TRUE
[COMM BT] Bytes written: 22/22
RPT,20736,0,UNSET,SEND,4909,1
RPT,20811,0,UNSET,ENERGY,0,4500
[Service] Resume execution - Task 2
[Service] Resume checkpoint: 7
[Service] Resume progress: 80%
[COMM] ACK received for packet ID: 4909
[COMM RX] Remote data (packet 156): ENERGY_TEST: 989003
[COMM TX] ACK|156
[COMM BT] hasClient(): TRUE
[COMM BT] Bytes written: 8/8
[COMM Resume] Checkpoint: 7
[COMM Resume] WAIT_ACK packet ID: 4909
[COMM Resume] ACK already received
[Service] Resume execution - Task 2
[Service] Resume checkpoint: 8
[Service] Resume progress: 95%
[COMM Resume] Checkpoint: 8
[COMM Resume] CONFIRM packet ID: 4909
RPT,21877,0,UNSET,CONFIRM,4909,1
[COMM] Packet confirmed: 4909
[Service] Task 2 completed
[Sensor] 30.69
[COMM] Starting packet creation
[Sensor Buffer] Stored: 30.69
[Service] Task 0 completed
[Service] Resume execution - Task 2
[Service] Resume checkpoint: 4
[Service] Resume progress: 20%
[COMM Resume] Checkpoint: 4
[COMM Resume] Continuing from CREATE
RPT,22389,0,UNSET,CREATE,4914,0
[COMM] Packet created ID: 4914
[COMM] Payload: TEMP: 30.69
[Service] Resume execution - Task 2
[Service] Resume checkpoint: 5
[Service] Resume progress: 40%
[COMM Resume] Checkpoint: 5
[COMM Resume] PREPARE packet ID: 4910
[COMM] Preparing packet ID: 4910
[Service] Resume execution - Task 2
[Service] Resume checkpoint: 6
[Service] Resume progress: 60%
[COMM Resume] Checkpoint: 6
[COMM Resume] SEND packet ID: 4910
[COMM BT] Sending: DATA|4910|TEMP: 30.69
[COMM BT] hasClient(): TRUE
[COMM BT] Bytes written: 22/22
RPT,23530,0,UNSET,SEND,4910,1
[ENERGY] Level: 30.00% | State: LOW
[ALERT] Energy level LOW
RPT,23605,0,UNSET,ENERGY,0,3000
[Sensor] 30.69
[Service] Resume execution - Task 2
[Service] Resume checkpoint: 7
[Service] Resume progress: 80%
[COMM] ACK received for packet ID: 4910
[COMM Resume] Checkpoint: 7
[COMM Resume] WAIT_ACK packet ID: 4910
[COMM Resume] ACK already received
[Sensor Buffer] Stored: 30.69
[Service] Task 0 completed
[Service] Resume execution - Task 2
[Service] Resume checkpoint: 8
[Service] Resume progress: 95%
[COMM Resume] Checkpoint: 8
[COMM Resume] CONFIRM packet ID: 4910
RPT,24053,0,UNSET,CONFIRM,4910,1
[COMM] Packet confirmed: 4910
[Service] Task 2 completed
[COMM] Starting packet creation
[Service] Resume execution - Task 2
[Service] Resume checkpoint: 4
[Service] Resume progress: 20%
[COMM Resume] Checkpoint: 4
[COMM Resume] Continuing from CREATE
RPT,25082,0,UNSET,CREATE,4915,0
[COMM] Packet created ID: 4915
[COMM] Payload: TEMP: 30.69
[ALERT] Energy level LOW
[Sensor] 30.62
[Service] Resume execution - Task 2
[Service] Resume checkpoint: 5
[Service] Resume progress: 40%
[COMM Resume] Checkpoint: 5
[COMM Resume] PREPARE packet ID: 4911
[COMM] Preparing packet ID: 4911
[Sensor Buffer] Stored: 30.62
[Service] Task 0 completed
[Service] Resume execution - Task 2
[Service] Resume checkpoint: 6
[Service] Resume progress: 60%
[COMM Resume] Checkpoint: 6
[COMM Resume] SEND packet ID: 4911
[COMM BT] Sending: DATA|4911|TEMP: 30.69
[COMM BT] hasClient(): TRUE
[COMM BT] Bytes written: 22/22
RPT,25725,0,UNSET,SEND,4911,1
RPT,25800,0,UNSET,ENERGY,0,2500
[Service] Resume execution - Task 2
[Service] Resume checkpoint: 7
[Service] Resume progress: 80%
[COMM] ACK received for packet ID: 4911
[COMM Resume] Checkpoint: 7
[COMM Resume] WAIT_ACK packet ID: 4911
[COMM Resume] ACK already received
[Service] Resume execution - Task 2
[Service] Resume checkpoint: 8
[Service] Resume progress: 95%
[COMM RX] Remote data (packet 157): ENERGY_TEST: 994263
[COMM TX] ACK|157
[COMM BT] hasClient(): TRUE
[COMM BT] Bytes written: 8/8
[COMM Resume] Checkpoint: 8
[COMM Resume] CONFIRM packet ID: 4911
RPT,26855,0,UNSET,CONFIRM,4911,1
[COMM] Packet confirmed: 4911
[Service] Task 2 completed
[ALERT] Energy level LOW
[Sensor] 30.75
[COMM] Starting packet creation
[Sensor Buffer] Stored: 30.75
[Service] Task 0 completed
[Service] Resume execution - Task 2
[Service] Resume checkpoint: 4
[Service] Resume progress: 20%
[COMM Resume] Checkpoint: 4
[COMM Resume] Continuing from CREATE
RPT,27377,0,UNSET,CREATE,4916,0
[COMM] Packet created ID: 4916
[COMM] Payload: TEMP: 30.75
[Service] Resume execution - Task 2
[Service] Resume checkpoint: 5
[Service] Resume progress: 40%
[COMM Resume] Checkpoint: 5
[COMM Resume] PREPARE packet ID: 4912
[COMM] Preparing packet ID: 4912
[Service] Resume execution - Task 2
[Service] Resume checkpoint: 6
[Service] Resume progress: 60%
[COMM Resume] Checkpoint: 6
[COMM Resume] SEND packet ID: 4912
[COMM BT] Sending: DATA|4912|TEMP: 30.75
[COMM BT] hasClient(): TRUE
[COMM BT] Bytes written: 22/22
RPT,28518,0,UNSET,SEND,4912,1
[ALERT] Energy level LOW
RPT,28593,0,UNSET,ENERGY,0,1500
[Sensor] 30.69
[Service] Resume execution - Task 2
[Service] Resume checkpoint: 7
[Service] Resume progress: 80%
[COMM] ACK received for packet ID: 4912
[COMM Resume] Checkpoint: 7
[COMM Resume] WAIT_ACK packet ID: 4912
[COMM Resume] ACK already received
[Sensor Buffer] Stored: 30.69
[Service] Task 0 completed
[Service] Resume execution - Task 2
[Service] Resume checkpoint: 8
[Service] Resume progress: 95%
[COMM Resume] Checkpoint: 8
[COMM Resume] CONFIRM packet ID: 4912
RPT,29041,0,UNSET,CONFIRM,4912,1
[COMM] Packet confirmed: 4912
[Service] Task 2 completed
[COMM] Starting packet creation
[Service] Resume execution - Task 2
[Service] Resume checkpoint: 4
[Service] Resume progress: 20%
[COMM Resume] Checkpoint: 4
[COMM Resume] Continuing from CREATE
RPT,30070,0,UNSET,CREATE,4917,0
[COMM] Packet created ID: 4917
[COMM] Payload: TEMP: 30.69
[ENERGY] Level: 10.00% | State: CRITICAL
[ALERT] Energy level CRITICAL
[Sensor] 30.69
[Service] Resume execution - Task 2
[Service] Resume checkpoint: 5
[Service] Resume progress: 40%
[COMM Resume] Checkpoint: 5
[COMM Resume] PREPARE packet ID: 4913
[COMM] Preparing packet ID: 4913
[Sensor Buffer] Stored: 30.69
[Service] Task 0 completed
[Service] Resume execution - Task 2
[Service] Resume checkpoint: 6
[Service] Resume progress: 60%
[COMM Resume] Checkpoint: 6
[COMM Resume] SEND packet ID: 4913
[COMM BT] Sending: DATA|4913|TEMP: 30.69
[COMM BT] hasClient(): TRUE
[COMM BT] Bytes written: 22/22
RPT,30714,0,UNSET,SEND,4913,1
RPT,30789,0,UNSET,ENERGY,0,1000
[Service] Resume execution - Task 2
[Service] Resume checkpoint: 7
[Service] Resume progress: 80%
[COMM] ACK received for packet ID: 4913
[COMM Resume] Checkpoint: 7
[COMM Resume] WAIT_ACK packet ID: 4913
[COMM Resume] ACK already received
[Service] Resume execution - Task 2
[Service] Resume checkpoint: 8
[Service] Resume progress: 95%
[COMM Resume] Checkpoint: 8
[COMM Resume] CONFIRM packet ID: 4913
RPT,31744,0,UNSET,CONFIRM,4913,1
[COMM] Packet confirmed: 4913
[Service] Task 2 completed
[ALERT] Energy level CRITICAL
[Sensor] 30.75
[COMM RX] Remote data (packet 158): ENERGY_TEST: 1000013
[COMM TX] ACK|158
[COMM BT] hasClient(): TRUE
[COMM BT] Bytes written: 8/8
[COMM] Starting packet creation
[Sensor Buffer] Stored: 30.75
[Service] Task 0 completed
[Service] Resume execution - Task 2
[Service] Resume checkpoint: 4
[Service] Resume progress: 20%
[COMM Resume] Checkpoint: 4
[COMM Resume] Continuing from CREATE
RPT,32357,0,UNSET,CREATE,4918,0
[COMM] Packet created ID: 4918
[COMM] Payload: TEMP: 30.75
[Service] Resume execution - Task 2
[Service] Resume checkpoint: 5
[Service] Resume progress: 40%
[COMM Resume] Checkpoint: 5
[COMM Resume] PREPARE packet ID: 4914
[COMM] Preparing packet ID: 4914
[Service] Resume execution - Task 2
[Service] Resume checkpoint: 6
[Service] Resume progress: 60%
[COMM Resume] Checkpoint: 6
[COMM Resume] SEND packet ID: 4914
[COMM BT] Sending: DATA|4914|TEMP: 30.69
[COMM BT] hasClient(): TRUE
[COMM BT] Bytes written: 22/22
RPT,33497,0,UNSET,SEND,4914,1
[ENERGY] Level: 0.00% | State: OFF
[ALERT] Energy depleted
[ENERGY] ESP32 simulated OFF
[ENERGY] Shutdown simulation active
[ENERGY] System remains running for test
RPT,33583,0,UNSET,ENERGY,0,0
[Sensor] 30.75
[Service] Resume execution - Task 2
[Service] Resume checkpoint: 7
[Service] Resume progress: 80%
[COMM] ACK received for packet ID: 4914
[COMM Resume] Checkpoint: 7
[COMM Resume] WAIT_ACK packet ID: 4914
[COMM Resume] ACK already received
[Sensor Buffer] Stored: 30.75
[Service] Task 0 completed
[Service] Resume execution - Task 2
[Service] Resume checkpoint: 8
[Service] Resume progress: 95%
[COMM Resume] Checkpoint: 8
[COMM Resume] CONFIRM packet ID: 4914
RPT,34030,0,UNSET,CONFIRM,4914,1
[COMM] Packet confirmed: 4914
[Service] Task 2 completed
[COMM] Starting packet creation
[Service] Resume execution - Task 2
[Service] Resume checkpoint: 4
[Service] Resume progress: 20%
[COMM Resume] Checkpoint: 4
[COMM Resume] Continuing from CREATE
RPT,35059,0,UNSET,CREATE,4919,0
[COMM] Packet created ID: 4919
[COMM] Payload: TEMP: 30.75
[Sensor] 30.75
[Service] Resume execution - Task 2
[Service] Resume checkpoint: 5
[Service] Resume progress: 40%
[COMM Resume] Checkpoint: 5
[COMM Resume] PREPARE packet ID: 4915
[COMM] Preparing packet ID: 4915
[Sensor Buffer] Stored: 30.75
[Service] Task 0 completed
[Service] Resume execution - Task 2
[Service] Resume checkpoint: 6
[Service] Resume progress: 60%
[COMM Resume] Checkpoint: 6
[COMM Resume] SEND packet ID: 4915
[COMM BT] Sending: DATA|4915|TEMP: 30.69
[COMM BT] hasClient(): TRUE
[COMM BT] Bytes written: 22/22
RPT,35702,0,UNSET,SEND,4915,1
RPT,35777,0,UNSET,ENERGY,0,0
[Service] Resume execution - Task 2
[Service] Resume checkpoint: 7
[Service] Resume progress: 80%
[COMM] ACK received for packet ID: 4915
[COMM Resume] Checkpoint: 7
[COMM Resume] WAIT_ACK packet ID: 4915
[COMM Resume] ACK already received
[Service] Resume execution - Task 2
[Service] Resume checkpoint: 8
[Service] Resume progress: 95%
[COMM Resume] Checkpoint: 8
[COMM Resume] CONFIRM packet ID: 4915
RPT,36732,0,UNSET,CONFIRM,4915,1
[COMM] Packet confirmed: 4915
[Service] Task 2 completed
[FailureManager] Failure cleared

=================================
Scenario: FAIL CREATE
=================================
[Sensor] 30.75
[Service] Resume execution - Task 2
[Service] Resume checkpoint: 0
[Service] Resume progress: 0%
[COMM RX] Remote data (packet 159): ENERGY_TEST: 1005253
[COMM TX] ACK|159
[COMM BT] hasClient(): TRUE
[COMM BT] Bytes written: 8/8
[COMM Resume] Checkpoint: 0
[COMM Resume] Invalid checkpoint: 0
[TEST] COMM checkpoint: 0
[Sensor Buffer] Stored: 30.75
[Service] Task 0 completed
[Service] Resume execution - Task 2
[Service] Resume checkpoint: 0
[Service] Resume progress: 0%
[COMM Resume] Checkpoint: 0
[COMM Resume] Invalid checkpoint: 0
[TEST] COMM checkpoint: 0
[Service] Resume execution - Task 2
[Service] Resume checkpoint: 0
[Service] Resume progress: 0%
[COMM Resume] Checkpoint: 0
[COMM Resume] Invalid checkpoint: 0
[TEST] COMM checkpoint: 0
[Service] Resume execution - Task 2
[Service] Resume checkpoint: 0
[Service] Resume progress: 0%
[COMM Resume] Checkpoint: 0
[COMM Resume] Invalid checkpoint: 0
[TEST] COMM checkpoint: 0
RPT,38234,0,UNSET,ENERGY,0,0
[Sensor] 30.75
[Service] Resume execution - Task 2
[Service] Resume checkpoint: 0
[Service] Resume progress: 0%
[COMM Resume] Checkpoint: 0
[COMM Resume] Invalid checkpoint: 0
[TEST] COMM checkpoint: 0
[Sensor Buffer] Stored: 30.75
[Service] Task 0 completed
[Service] Resume execution - Task 2
[Service] Resume checkpoint: 0
[Service] Resume progress: 0%
[COMM Resume] Checkpoint: 0
[COMM Resume] Invalid checkpoint: 0
[TEST] COMM checkpoint: 0
[Service] Resume execution - Task 2
[Service] Resume checkpoint: 0
[Service] Resume progress: 0%
[COMM Resume] Checkpoint: 0
[COMM Resume] Invalid checkpoint: 0
[TEST] COMM checkpoint: 0
[Service] Resume execution - Task 2
[Service] Resume checkpoint: 0
[Service] Resume progress: 0%
[COMM Resume] Checkpoint: 0
[COMM Resume] Invalid checkpoint: 0
[TEST] COMM checkpoint: 0
[Sensor] 30.75
[Service] Resume execution - Task 2
[Service] Resume checkpoint: 0
[Service] Resume progress: 0%
[COMM Resume] Checkpoint: 0
[COMM Resume] Invalid checkpoint: 0
[TEST] COMM checkpoint: 0
[Sensor Buffer] Stored: 30.75
[Service] Task 0 completed
[Service] Resume execution - Task 2
[Service] Resume checkpoint: 0
[Service] Resume progress: 0%
[COMM Resume] Checkpoint: 0
[COMM Resume] Invalid checkpoint: 0
[TEST] COMM checkpoint: 0
[Service] Resume execution - Task 2
[Service] Resume checkpoint: 0
[Service] Resume progress: 0%
[COMM Resume] Checkpoint: 0
[COMM Resume] Invalid checkpoint: 0
[TEST] COMM checkpoint: 0
[Service] Resume execution - Task 2
[Service] Resume checkpoint: 0
[Service] Resume progress: 0%
[COMM Resume] Checkpoint: 0
[COMM Resume] Invalid checkpoint: 0
[TEST] COMM checkpoint: 0
RPT,40736,0,UNSET,ENERGY,0,0
[Sensor] 30.75
[Service] Resume execution - Task 2
[Service] Resume checkpoint: 0
[Service] Resume progress: 0%
[COMM Resume] Checkpoint: 0
[COMM Resume] Invalid checkpoint: 0
[TEST] COMM checkpoint: 0
[Sensor Buffer] Stored: 30.75
[Service] Task 0 completed
[Service] Resume execution - Task 2
[Service] Resume checkpoint: 0
[Service] Resume progress: 0%
[COMM Resume] Checkpoint: 0
[COMM Resume] Invalid checkpoint: 0
[TEST] COMM checkpoint: 0
[Service] Resume execution - Task 2
[Service] Resume checkpoint: 0
[Service] Resume progress: 0%
[COMM Resume] Checkpoint: 0
[COMM Resume] Invalid checkpoint: 0
[TEST] COMM checkpoint: 0
[Service] Resume execution - Task 2
[Service] Resume checkpoint: 0
[Service] Resume progress: 0%
[COMM Resume] Checkpoint: 0
[COMM Resume] Invalid checkpoint: 0
[TEST] COMM checkpoint: 0
[Sensor] 30.75
[Service] Resume execution - Task 2
[Service] Resume checkpoint: 0
[Service] Resume progress: 0%
[COMM RX] Remote data (packet 160): ENERGY_TEST: 1010363
[COMM TX] ACK|160
[COMM BT] hasClient(): TRUE
[COMM BT] Bytes written: 8/8
[COMM Resume] Checkpoint: 0
[COMM Resume] Invalid checkpoint: 0
[TEST] COMM checkpoint: 0
[Sensor Buffer] Stored: 30.75
[Service] Task 0 completed
[Service] Resume execution - Task 2
[Service] Resume checkpoint: 0
[Service] Resume progress: 0%
[COMM Resume] Checkpoint: 0
[COMM Resume] Invalid checkpoint: 0
[TEST] COMM checkpoint: 0
[Service] Resume execution - Task 2
[Service] Resume checkpoint: 0
[Service] Resume progress: 0%
[COMM Resume] Checkpoint: 0
[COMM Resume] Invalid checkpoint: 0
[TEST] COMM checkpoint: 0
[Service] Resume execution - Task 2
[Service] Resume checkpoint: 0
[Service] Resume progress: 0%
[COMM Resume] Checkpoint: 0
[COMM Resume] Invalid checkpoint: 0
[TEST] COMM checkpoint: 0
RPT,43338,0,UNSET,ENERGY,0,0
[Sensor] 30.75
[Service] Resume execution - Task 2
[Service] Resume checkpoint: 0
[Service] Resume progress: 0%
[COMM Resume] Checkpoint: 0
[COMM Resume] Invalid checkpoint: 0
[TEST] COMM checkpoint: 0
[Sensor Buffer] Stored: 30.75
[Service] Task 0 completed
[Service] Resume execution - Task 2
[Service] Resume checkpoint: 0
[Service] Resume progress: 0%
[COMM Resume] Checkpoint: 0
[COMM Resume] Invalid checkpoint: 0
[TEST] COMM checkpoint: 0
[Service] Resume execution - Task 2
[Service] Resume checkpoint: 0
[Service] Resume progress: 0%
[COMM Resume] Checkpoint: 0
[COMM Resume] Invalid checkpoint: 0
[TEST] COMM checkpoint: 0
[Service] Resume execution - Task 2
[Service] Resume checkpoint: 0
[Service] Resume progress: 0%
[COMM Resume] Checkpoint: 0
[COMM Resume] Invalid checkpoint: 0
[TEST] COMM checkpoint: 0
[Sensor] 30.75
[Service] Resume execution - Task 2
[Service] Resume checkpoint: 0
[Service] Resume progress: 0%
[COMM Resume] Checkpoint: 0
[COMM Resume] Invalid checkpoint: 0
[TEST] COMM checkpoint: 0
[Sensor Buffer] Stored: 30.75
[Service] Task 0 completed
[Service] Resume execution - Task 2
[Service] Resume checkpoint: 0
[Service] Resume progress: 0%
[COMM Resume] Checkpoint: 0
[COMM Resume] Invalid checkpoint: 0
[TEST] COMM checkpoint: 0
[Service] Resume execution - Task 2
[Service] Resume checkpoint: 0
[Service] Resume progress: 0%
[COMM Resume] Checkpoint: 0
[COMM Resume] Invalid checkpoint: 0
[TEST] COMM checkpoint: 0
[Service] Resume execution - Task 2
[Service] Resume checkpoint: 0
[Service] Resume progress: 0%
[COMM Resume] Checkpoint: 0
[COMM Resume] Invalid checkpoint: 0
[TEST] COMM checkpoint: 0
RPT,45840,0,UNSET,ENERGY,0,0
[Sensor] 30.69
[Service] Resume execution - Task 2
[Service] Resume checkpoint: 0
[Service] Resume progress: 0%
[COMM Resume] Checkpoint: 0
[COMM Resume] Invalid checkpoint: 0
[TEST] COMM checkpoint: 0
[Sensor Buffer] Stored: 30.69
[Service] Task 0 completed
[Service] Resume execution - Task 2
[Service] Resume checkpoint: 0
[Service] Resume progress: 0%
[COMM Resume] Checkpoint: 0
[COMM Resume] Invalid checkpoint: 0
[TEST] COMM checkpoint: 0
[Service] Resume execution - Task 2
[Service] Resume checkpoint: 0
[Service] Resume progress: 0%
[COMM Resume] Checkpoint: 0
[COMM Resume] Invalid checkpoint: 0
[TEST] COMM checkpoint: 0
[Service] Resume execution - Task 2
[Service] Resume checkpoint: 0
[Service] Resume progress: 0%
[COMM Resume] Checkpoint: 0
[COMM Resume] Invalid checkpoint: 0
[TEST] COMM checkpoint: 0
[Sensor] 30.75
[Service] Resume execution - Task 2
[Service] Resume checkpoint: 0
[Service] Resume progress: 0%
[COMM RX] Remote data (packet 161): ENERGY_TEST: 1015473
[COMM TX] ACK|161
[COMM BT] hasClient(): TRUE
[COMM BT] Bytes written: 8/8
[COMM Resume] Checkpoint: 0
[COMM Resume] Invalid checkpoint: 0
[TEST] COMM checkpoint: 0
[Sensor Buffer] Stored: 30.75
[Service] Task 0 completed
[Service] Resume execution - Task 2
[Service] Resume checkpoint: 0
[Service] Resume progress: 0%
[COMM Resume] Checkpoint: 0
[COMM Resume] Invalid checkpoint: 0
[TEST] COMM checkpoint: 0
[Service] Resume execution - Task 2
[Service] Resume checkpoint: 0
[Service] Resume progress: 0%
[COMM Resume] Checkpoint: 0
[COMM Resume] Invalid checkpoint: 0
[TEST] COMM checkpoint: 0
[Service] Resume execution - Task 2
[Service] Resume checkpoint: 0
[Service] Resume progress: 0%
[COMM Resume] Checkpoint: 0
[COMM Resume] Invalid checkpoint: 0
[TEST] COMM checkpoint: 0
RPT,48442,0,UNSET,ENERGY,0,0
[Sensor] 30.75
[Service] Resume execution - Task 2
[Service] Resume checkpoint: 0
[Service] Resume progress: 0%
[COMM Resume] Checkpoint: 0
[COMM Resume] Invalid checkpoint: 0
[TEST] COMM checkpoint: 0
[Sensor Buffer] Stored: 30.75
[Service] Task 0 completed
[Service] Resume execution - Task 2
[Service] Resume checkpoint: 0
[Service] Resume progress: 0%
[COMM Resume] Checkpoint: 0
[COMM Resume] Invalid checkpoint: 0
[TEST] COMM checkpoint: 0
[Service] Resume execution - Task 2
[Service] Resume checkpoint: 0
[Service] Resume progress: 0%
[COMM Resume] Checkpoint: 0
[COMM Resume] Invalid checkpoint: 0
[TEST] COMM checkpoint: 0
[Service] Resume execution - Task 2
[Service] Resume checkpoint: 0
[Service] Resume progress: 0%
[COMM Resume] Checkpoint: 0
[COMM Resume] Invalid checkpoint: 0
[TEST] COMM checkpoint: 0
[Sensor] 30.75
[Service] Resume execution - Task 2
[Service] Resume checkpoint: 0
[Service] Resume progress: 0%
[COMM Resume] Checkpoint: 0
[COMM Resume] Invalid checkpoint: 0
[TEST] COMM checkpoint: 0
[Sensor Buffer] Stored: 30.75
[Service] Task 0 completed
[Service] Resume execution - Task 2
[Service] Resume checkpoint: 0
[Service] Resume progress: 0%
[COMM Resume] Checkpoint: 0
[COMM Resume] Invalid checkpoint: 0
[TEST] COMM checkpoint: 0
[Service] Resume execution - Task 2
[Service] Resume checkpoint: 0
[Service] Resume progress: 0%
[COMM Resume] Checkpoint: 0
[COMM Resume] Invalid checkpoint: 0
[TEST] COMM checkpoint: 0
[Service] Resume execution - Task 2
[Service] Resume checkpoint: 0
[Service] Resume progress: 0%
[COMM Resume] Checkpoint: 0
[COMM Resume] Invalid checkpoint: 0
[TEST] COMM checkpoint: 0
RPT,50944,0,UNSET,ENERGY,0,0
[Sensor] 30.75
[Service] Resume execution - Task 2
[Service] Resume checkpoint: 0
[Service] Resume progress: 0%
[COMM Resume] Checkpoint: 0
[COMM Resume] Invalid checkpoint: 0
[FailureManager] Failure cleared

=================================
Scenario: FAIL PREPARE
=================================
[Sensor Buffer] Stored: 30.75
[Service] Task 0 completed
[Service] Resume execution - Task 2
[Service] Resume checkpoint: 0
[Service] Resume progress: 0%
[COMM Resume] Checkpoint: 0
[COMM Resume] Invalid checkpoint: 0
[TEST] COMM checkpoint: 0
[Service] Resume execution - Task 2
[Service] Resume checkpoint: 0
[Service] Resume progress: 0%
[COMM Resume] Checkpoint: 0
[COMM Resume] Invalid checkpoint: 0
[TEST] COMM checkpoint: 0
[Service] Resume execution - Task 2
[Service] Resume checkpoint: 0
[Service] Resume progress: 0%
[COMM Resume] Checkpoint: 0
[COMM Resume] Invalid checkpoint: 0
[TEST] COMM checkpoint: 0
[Sensor] 30.75
[Service] Resume execution - Task 2
[Service] Resume checkpoint: 0
[Service] Resume progress: 0%
[COMM RX] Remote data (packet 162): ENERGY_TEST: 1020583
[COMM TX] ACK|162
[COMM BT] hasClient(): TRUE
[COMM BT] Bytes written: 8/8
[COMM Resume] Checkpoint: 0
[COMM Resume] Invalid checkpoint: 0
[TEST] COMM checkpoint: 0
[Sensor Buffer] Stored: 30.75
[Service] Task 0 completed
[Service] Resume execution - Task 2
[Service] Resume checkpoint: 0
[Service] Resume progress: 0%
[COMM Resume] Checkpoint: 0
[COMM Resume] Invalid checkpoint: 0
[TEST] COMM checkpoint: 0
[Service] Resume execution - Task 2
[Service] Resume checkpoint: 0
[Service] Resume progress: 0%
[COMM Resume] Checkpoint: 0
[COMM Resume] Invalid checkpoint: 0
[TEST] COMM checkpoint: 0
[Service] Resume execution - Task 2
[Service] Resume checkpoint: 0
[Service] Resume progress: 0%
[COMM Resume] Checkpoint: 0
[COMM Resume] Invalid checkpoint: 0
[TEST] COMM checkpoint: 0
RPT,53621,0,UNSET,ENERGY,0,0
[Sensor] 30.81
[Service] Resume execution - Task 2
[Service] Resume checkpoint: 0
[Service] Resume progress: 0%
[COMM Resume] Checkpoint: 0
[COMM Resume] Invalid checkpoint: 0
[TEST] COMM checkpoint: 0
[Sensor Buffer] Stored: 30.81
[Service] Task 0 completed
[Service] Resume execution - Task 2
[Service] Resume checkpoint: 0
[Service] Resume progress: 0%
[COMM Resume] Checkpoint: 0
[COMM Resume] Invalid checkpoint: 0
[TEST] COMM checkpoint: 0
[Service] Resume execution - Task 2
[Service] Resume checkpoint: 0
[Service] Resume progress: 0%
[COMM Resume] Checkpoint: 0
[COMM Resume] Invalid checkpoint: 0
[TEST] COMM checkpoint: 0
[Service] Resume execution - Task 2
[Service] Resume checkpoint: 0
[Service] Resume progress: 0%
[COMM Resume] Checkpoint: 0
[COMM Resume] Invalid checkpoint: 0
[TEST] COMM checkpoint: 0
[Sensor] 30.75
[Service] Resume execution - Task 2
[Service] Resume checkpoint: 0
[Service] Resume progress: 0%
[COMM Resume] Checkpoint: 0
[COMM Resume] Invalid checkpoint: 0
[TEST] COMM checkpoint: 0
[Sensor Buffer] Stored: 30.75
[Service] Task 0 completed
[Service] Resume execution - Task 2
[Service] Resume checkpoint: 0
[Service] Resume progress: 0%
[COMM Resume] Checkpoint: 0
[COMM Resume] Invalid checkpoint: 0
[TEST] COMM checkpoint: 0
[Service] Resume execution - Task 2
[Service] Resume checkpoint: 0
[Service] Resume progress: 0%
[COMM Resume] Checkpoint: 0
[COMM Resume] Invalid checkpoint: 0
[TEST] COMM checkpoint: 0
[Service] Resume execution - Task 2
[Service] Resume checkpoint: 0
[Service] Resume progress: 0%
[COMM Resume] Checkpoint: 0
[COMM Resume] Invalid checkpoint: 0
[TEST] COMM checkpoint: 0
RPT,56123,0,UNSET,ENERGY,0,0
[Sensor] 30.75
[Service] Resume execution - Task 2
[Service] Resume checkpoint: 0
[Service] Resume progress: 0%
[COMM Resume] Checkpoint: 0
[COMM Resume] Invalid checkpoint: 0
[TEST] COMM checkpoint: 0
[Sensor Buffer] Stored: 30.75
[Service] Task 0 completed
[Service] Resume execution - Task 2
[Service] Resume checkpoint: 0
[Service] Resume progress: 0%
[COMM Resume] Checkpoint: 0
[COMM Resume] Invalid checkpoint: 0
[TEST] COMM checkpoint: 0
[Service] Resume execution - Task 2
[Service] Resume checkpoint: 0
[Service] Resume progress: 0%
[COMM Resume] Checkpoint: 0
[COMM Resume] Invalid checkpoint: 0
[TEST] COMM checkpoint: 0
[Service] Resume execution - Task 2
[Service] Resume checkpoint: 0
[Service] Resume progress: 0%
[COMM Resume] Checkpoint: 0
[COMM Resume] Invalid checkpoint: 0
[TEST] COMM checkpoint: 0
[Sensor] 30.81
[Service] Resume execution - Task 2
[Service] Resume checkpoint: 0
[Service] Resume progress: 0%
[COMM RX] Remote data (packet 163): ENERGY_TEST: 1025713
[COMM TX] ACK|163
[COMM BT] hasClient(): TRUE
[COMM BT] Bytes written: 8/8
[COMM Resume] Checkpoint: 0
[COMM Resume] Invalid checkpoint: 0
[TEST] COMM checkpoint: 0
[Sensor Buffer] Stored: 30.81
[Service] Task 0 completed
[Service] Resume execution - Task 2
[Service] Resume checkpoint: 0
[Service] Resume progress: 0%
[COMM Resume] Checkpoint: 0
[COMM Resume] Invalid checkpoint: 0
[TEST] COMM checkpoint: 0
[Service] Resume execution - Task 2
[Service] Resume checkpoint: 0
[Service] Resume progress: 0%
[COMM Resume] Checkpoint: 0
[COMM Resume] Invalid checkpoint: 0
[TEST] COMM checkpoint: 0
[Service] Resume execution - Task 2
[Service] Resume checkpoint: 0
[Service] Resume progress: 0%
[COMM Resume] Checkpoint: 0
[COMM Resume] Invalid checkpoint: 0
[TEST] COMM checkpoint: 0
RPT,58725,0,UNSET,ENERGY,0,0
[Sensor] 30.75
[Service] Resume execution - Task 2
[Service] Resume checkpoint: 0
[Service] Resume progress: 0%
[COMM Resume] Checkpoint: 0
[COMM Resume] Invalid checkpoint: 0
[TEST] COMM checkpoint: 0
[Sensor Buffer] Stored: 30.75
[Service] Task 0 completed
[Service] Resume execution - Task 2
[Service] Resume checkpoint: 0
[Service] Resume progress: 0%
[COMM Resume] Checkpoint: 0
[COMM Resume] Invalid checkpoint: 0
[TEST] COMM checkpoint: 0
[Service] Resume execution - Task 2
[Service] Resume checkpoint: 0
[Service] Resume progress: 0%
[COMM Resume] Checkpoint: 0
[COMM Resume] Invalid checkpoint: 0
[TEST] COMM checkpoint: 0
[Service] Resume execution - Task 2
[Service] Resume checkpoint: 0
[Service] Resume progress: 0%
[COMM Resume] Checkpoint: 0
[COMM Resume] Invalid checkpoint: 0
[FailureManager] Failure cleared

=================================
Scenario: FAIL SEND
=================================
[Sensor] 30.75
[Service] Resume execution - Task 2
[Service] Resume checkpoint: 0
[Service] Resume progress: 0%
[COMM Resume] Checkpoint: 0
[COMM Resume] Invalid checkpoint: 0
[TEST] COMM checkpoint: 0
[Sensor Buffer] Stored: 30.75
[Service] Task 0 completed
[Service] Resume execution - Task 2
[Service] Resume checkpoint: 0
[Service] Resume progress: 0%
[COMM Resume] Checkpoint: 0
[COMM Resume] Invalid checkpoint: 0
[TEST] COMM checkpoint: 0
[Service] Resume execution - Task 2
[Service] Resume checkpoint: 0
[Service] Resume progress: 0%
[COMM Resume] Checkpoint: 0
[COMM Resume] Invalid checkpoint: 0
[TEST] COMM checkpoint: 0
[Service] Resume execution - Task 2
[Service] Resume checkpoint: 0
[Service] Resume progress: 0%
[COMM Resume] Checkpoint: 0
[COMM Resume] Invalid checkpoint: 0
[TEST] COMM checkpoint: 0
RPT,61303,0,UNSET,ENERGY,0,0
[Sensor] 30.75
[Service] Resume execution - Task 2
[Service] Resume checkpoint: 0
[Service] Resume progress: 0%
[COMM Resume] Checkpoint: 0
[COMM Resume] Invalid checkpoint: 0
[TEST] COMM checkpoint: 0
[Sensor Buffer] Stored: 30.75
[Service] Task 0 completed
[Service] Resume execution - Task 2
[Service] Resume checkpoint: 0
[Service] Resume progress: 0%
[COMM Resume] Checkpoint: 0
[COMM Resume] Invalid checkpoint: 0
[TEST] COMM checkpoint: 0
[Service] Resume execution - Task 2
[Service] Resume checkpoint: 0
[Service] Resume progress: 0%
[COMM Resume] Checkpoint: 0
[COMM Resume] Invalid checkpoint: 0
[TEST] COMM checkpoint: 0
[Service] Resume execution - Task 2
[Service] Resume checkpoint: 0
[Service] Resume progress: 0%
[COMM Resume] Checkpoint: 0
[COMM Resume] Invalid checkpoint: 0
[TEST] COMM checkpoint: 0
[Sensor] 30.81
[Service] Resume execution - Task 2
[Service] Resume checkpoint: 0
[Service] Resume progress: 0%
[COMM RX] Remote data (packet 164): ENERGY_TEST: 1030823
[COMM TX] ACK|164
[COMM BT] hasClient(): TRUE
[COMM BT] Bytes written: 8/8
[COMM Resume] Checkpoint: 0
[COMM Resume] Invalid checkpoint: 0
[TEST] COMM checkpoint: 0
[Sensor Buffer] Stored: 30.81
[Service] Task 0 completed
[Service] Resume execution - Task 2
[Service] Resume checkpoint: 0
[Service] Resume progress: 0%
[COMM Resume] Checkpoint: 0
[COMM Resume] Invalid checkpoint: 0
[TEST] COMM checkpoint: 0
[Service] Resume execution - Task 2
[Service] Resume checkpoint: 0
[Service] Resume progress: 0%
[COMM Resume] Checkpoint: 0
[COMM Resume] Invalid checkpoint: 0
[TEST] COMM checkpoint: 0
[Service] Resume execution - Task 2
[Service] Resume checkpoint: 0
[Service] Resume progress: 0%
[COMM Resume] Checkpoint: 0
[COMM Resume] Invalid checkpoint: 0
[TEST] COMM checkpoint: 0
RPT,63905,0,UNSET,ENERGY,0,0
[Sensor] 30.75
[Service] Resume execution - Task 2
[Service] Resume checkpoint: 0
[Service] Resume progress: 0%
[COMM Resume] Checkpoint: 0
[COMM Resume] Invalid checkpoint: 0
[TEST] COMM checkpoint: 0
[Sensor Buffer] Stored: 30.75
[Service] Task 0 completed
[Service] Resume execution - Task 2
[Service] Resume checkpoint: 0
[Service] Resume progress: 0%
[COMM Resume] Checkpoint: 0
[COMM Resume] Invalid checkpoint: 0
[TEST] COMM checkpoint: 0
[Service] Resume execution - Task 2
[Service] Resume checkpoint: 0
[Service] Resume progress: 0%
[COMM Resume] Checkpoint: 0
[COMM Resume] Invalid checkpoint: 0
[TEST] COMM checkpoint: 0
[Service] Resume execution - Task 2
[Service] Resume checkpoint: 0
[Service] Resume progress: 0%
[COMM Resume] Checkpoint: 0
[COMM Resume] Invalid checkpoint: 0
[TEST] COMM checkpoint: 0
[Sensor] 30.75
[Service] Resume execution - Task 2
[Service] Resume checkpoint: 0
[Service] Resume progress: 0%
[COMM Resume] Checkpoint: 0
[COMM Resume] Invalid checkpoint: 0
[TEST] COMM checkpoint: 0
[Sensor Buffer] Stored: 30.75
[Service] Task 0 completed
[Service] Resume execution - Task 2
[Service] Resume checkpoint: 0
[Service] Resume progress: 0%
[COMM Resume] Checkpoint: 0
[COMM Resume] Invalid checkpoint: 0
[TEST] COMM checkpoint: 0
[Service] Resume execution - Task 2
[Service] Resume checkpoint: 0
[Service] Resume progress: 0%
[COMM Resume] Checkpoint: 0
[COMM Resume] Invalid checkpoint: 0
[TEST] COMM checkpoint: 0
[Service] Resume execution - Task 2
[Service] Resume checkpoint: 0
[Service] Resume progress: 0%
[COMM Resume] Checkpoint: 0
[COMM Resume] Invalid checkpoint: 0
[TEST] COMM checkpoint: 0
RPT,66407,0,UNSET,ENERGY,0,0
[Sensor] 30.81
[Service] Resume execution - Task 2
[Service] Resume checkpoint: 0
[Service] Resume progress: 0%
[COMM Resume] Checkpoint: 0
[COMM Resume] Invalid checkpoint: 0
[TEST] COMM checkpoint: 0
[Sensor Buffer] Stored: 30.81
[Service] Task 0 completed
[Service] Resume execution - Task 2
[Service] Resume checkpoint: 0
[Service] Resume progress: 0%
[COMM Resume] Checkpoint: 0
[COMM Resume] Invalid checkpoint: 0
[TEST] COMM checkpoint: 0
[Service] Resume execution - Task 2
[Service] Resume checkpoint: 0
[Service] Resume progress: 0%
[COMM Resume] Checkpoint: 0
[COMM Resume] Invalid checkpoint: 0
[TEST] COMM checkpoint: 0
[Service] Resume execution - Task 2
[Service] Resume checkpoint: 0
[Service] Resume progress: 0%
[COMM Resume] Checkpoint: 0
[COMM Resume] Invalid checkpoint: 0
[TEST] COMM checkpoint: 0
[Sensor] 30.81
[Service] Resume execution - Task 2
[Service] Resume checkpoint: 0
[Service] Resume progress: 0%
[COMM RX] Remote data (packet 165): ENERGY_TEST: 1036003
[COMM TX] ACK|165
[COMM BT] hasClient(): TRUE
[COMM BT] Bytes written: 8/8
[COMM Resume] Checkpoint: 0
[COMM Resume] Invalid checkpoint: 0
[TEST] COMM checkpoint: 0
[Sensor Buffer] Stored: 30.81
[Service] Task 0 completed
[Service] Resume execution - Task 2
[Service] Resume checkpoint: 0
[Service] Resume progress: 0%
[COMM Resume] Checkpoint: 0
[COMM Resume] Invalid checkpoint: 0
[TEST] COMM checkpoint: 0
[Service] Resume execution - Task 2
[Service] Resume checkpoint: 0
[Service] Resume progress: 0%
[COMM Resume] Checkpoint: 0
[COMM Resume] Invalid checkpoint: 0
[TEST] COMM checkpoint: 0
[Service] Resume execution - Task 2
[Service] Resume checkpoint: 0
[Service] Resume progress: 0%
[COMM Resume] Checkpoint: 0
[COMM Resume] Invalid checkpoint: 0
[TEST] COMM checkpoint: 0
RPT,69009,0,UNSET,ENERGY,0,0
[Sensor] 30.75
[Service] Resume execution - Task 2
[Service] Resume checkpoint: 0
[Service] Resume progress: 0%
[COMM Resume] Checkpoint: 0
[COMM Resume] Invalid checkpoint: 0
[TEST] COMM checkpoint: 0
[Sensor Buffer] Stored: 30.75
[Service] Task 0 completed
[Service] Resume execution - Task 2
[Service] Resume checkpoint: 0
[Service] Resume progress: 0%
[COMM Resume] Checkpoint: 0
[COMM Resume] Invalid checkpoint: 0
[TEST] COMM checkpoint: 0
[Service] Resume execution - Task 2
[Service] Resume checkpoint: 0
[Service] Resume progress: 0%
[COMM Resume] Checkpoint: 0
[COMM Resume] Invalid checkpoint: 0
[TEST] COMM checkpoint: 0
[Service] Resume execution - Task 2
[Service] Resume checkpoint: 0
[Service] Resume progress: 0%
[COMM Resume] Checkpoint: 0
[COMM Resume] Invalid checkpoint: 0
[TEST] COMM checkpoint: 0
[Sensor] 30.81
[Service] Resume execution - Task 2
[Service] Resume checkpoint: 0
[Service] Resume progress: 0%
[COMM Resume] Checkpoint: 0
[COMM Resume] Invalid checkpoint: 0
[TEST] COMM checkpoint: 0
[Sensor Buffer] Stored: 30.81
[Service] Task 0 completed
[Service] Resume execution - Task 2
[Service] Resume checkpoint: 0
[Service] Resume progress: 0%
[COMM Resume] Checkpoint: 0
[COMM Resume] Invalid checkpoint: 0
[TEST] COMM checkpoint: 0
[Service] Resume execution - Task 2
[Service] Resume checkpoint: 0
[Service] Resume progress: 0%
[COMM Resume] Checkpoint: 0
[COMM Resume] Invalid checkpoint: 0
[TEST] COMM checkpoint: 0
[Service] Resume execution - Task 2
[Service] Resume checkpoint: 0
[Service] Resume progress: 0%
[COMM Resume] Checkpoint: 0
[COMM Resume] Invalid checkpoint: 0
[TEST] COMM checkpoint: 0
RPT,71511,0,UNSET,ENERGY,0,0
[Sensor] 30.81
[Service] Resume execution - Task 2
[Service] Resume checkpoint: 0
[Service] Resume progress: 0%
[COMM Resume] Checkpoint: 0
[COMM Resume] Invalid checkpoint: 0
[TEST] COMM checkpoint: 0
[Sensor Buffer] Stored: 30.81
[Service] Task 0 completed
[Service] Resume execution - Task 2
[Service] Resume checkpoint: 0
[Service] Resume progress: 0%
[COMM Resume] Checkpoint: 0
[COMM Resume] Invalid checkpoint: 0
[TEST] COMM checkpoint: 0
[Service] Resume execution - Task 2
[Service] Resume checkpoint: 0
[Service] Resume progress: 0%
[COMM Resume] Checkpoint: 0
[COMM Resume] Invalid checkpoint: 0
[TEST] COMM checkpoint: 0
[Service] Resume execution - Task 2
[Service] Resume checkpoint: 0
[Service] Resume progress: 0%
[COMM Resume] Checkpoint: 0
[COMM Resume] Invalid checkpoint: 0
[TEST] COMM checkpoint: 0
[Sensor] 30.87
[Service] Resume execution - Task 2
[Service] Resume checkpoint: 0
[Service] Resume progress: 0%
[COMM RX] Remote data (packet 166): ENERGY_TEST: 1041113
[COMM TX] ACK|166
[COMM BT] hasClient(): TRUE
[COMM BT] Bytes written: 8/8
[COMM Resume] Checkpoint: 0
[COMM Resume] Invalid checkpoint: 0
[TEST] COMM checkpoint: 0
[Sensor Buffer] Stored: 30.87
[Service] Task 0 completed
[Service] Resume execution - Task 2
[Service] Resume checkpoint: 0
[Service] Resume progress: 0%
[COMM Resume] Checkpoint: 0
[COMM Resume] Invalid checkpoint: 0
[TEST] COMM checkpoint: 0
[Service] Resume execution - Task 2
[Service] Resume checkpoint: 0
[Service] Resume progress: 0%
[COMM Resume] Checkpoint: 0
[COMM Resume] Invalid checkpoint: 0
[TEST] COMM checkpoint: 0
[Service] Resume execution - Task 2
[Service] Resume checkpoint: 0
[Service] Resume progress: 0%
[COMM Resume] Checkpoint: 0
[COMM Resume] Invalid checkpoint: 0
[TEST] COMM checkpoint: 0
RPT,74113,0,UNSET,ENERGY,0,0
[Sensor] 30.87
[Service] Resume execution - Task 2
[Service] Resume checkpoint: 0
[Service] Resume progress: 0%
[COMM Resume] Checkpoint: 0
[COMM Resume] Invalid checkpoint: 0
[TEST] COMM checkpoint: 0
[Sensor Buffer] Stored: 30.87
[Service] Task 0 completed
[Service] Resume execution - Task 2
[Service] Resume checkpoint: 0
[Service] Resume progress: 0%
[COMM Resume] Checkpoint: 0
[COMM Resume] Invalid checkpoint: 0
[TEST] COMM checkpoint: 0
[Service] Resume execution - Task 2
[Service] Resume checkpoint: 0
[Service] Resume progress: 0%
[COMM Resume] Checkpoint: 0
[COMM Resume] Invalid checkpoint: 0
[TEST] COMM checkpoint: 0
[Service] Resume execution - Task 2
[Service] Resume checkpoint: 0
[Service] Resume progress: 0%
[COMM Resume] Checkpoint: 0
[COMM Resume] Invalid checkpoint: 0
[TEST] COMM checkpoint: 0
[Sensor] 30.87
[Service] Resume execution - Task 2
[Service] Resume checkpoint: 0
[Service] Resume progress: 0%
[COMM Resume] Checkpoint: 0
[COMM Resume] Invalid checkpoint: 0
[TEST] COMM checkpoint: 0
[Sensor Buffer] Stored: 30.87
[Service] Task 0 completed
[Service] Resume execution - Task 2
[Service] Resume checkpoint: 0
[Service] Resume progress: 0%
[COMM Resume] Checkpoint: 0
[COMM Resume] Invalid checkpoint: 0
[TEST] COMM checkpoint: 0
[Service] Resume execution - Task 2
[Service] Resume checkpoint: 0
[Service] Resume progress: 0%
[COMM Resume] Checkpoint: 0
[COMM Resume] Invalid checkpoint: 0
[TEST] COMM checkpoint: 0
[Service] Resume execution - Task 2
[Service] Resume checkpoint: 0
[Service] Resume progress: 0%
[COMM Resume] Checkpoint: 0
[COMM Resume] Invalid checkpoint: 0
[TEST] COMM checkpoint: 0
RPT,76615,0,UNSET,ENERGY,0,0
[Sensor] 30.87
[Service] Resume execution - Task 2
[Service] Resume checkpoint: 0
[Service] Resume progress: 0%
[COMM Resume] Checkpoint: 0
[COMM Resume] Invalid checkpoint: 0
[TEST] COMM checkpoint: 0
[Sensor Buffer] Stored: 30.87
[Service] Task 0 completed
[Service] Resume execution - Task 2
[Service] Resume checkpoint: 0
[Service] Resume progress: 0%
[COMM Resume] Checkpoint: 0
[COMM Resume] Invalid checkpoint: 0
[TEST] COMM checkpoint: 0
[Service] Resume execution - Task 2
[Service] Resume checkpoint: 0
[Service] Resume progress: 0%
[COMM Resume] Checkpoint: 0
[COMM Resume] Invalid checkpoint: 0
[TEST] COMM checkpoint: 0
[Service] Resume execution - Task 2
[Service] Resume checkpoint: 0
[Service] Resume progress: 0%
[COMM Resume] Checkpoint: 0
[COMM Resume] Invalid checkpoint: 0
[TEST] COMM checkpoint: 0
[Sensor] 30.87
[Service] Resume execution - Task 2
[Service] Resume checkpoint: 0
[Service] Resume progress: 0%
[COMM RX] Remote data (packet 167): ENERGY_TEST: 1046223
[COMM TX] ACK|167
[COMM BT] hasClient(): TRUE
[COMM BT] Bytes written: 8/8
[COMM Resume] Checkpoint: 0
[COMM Resume] Invalid checkpoint: 0
[TEST] COMM checkpoint: 0
[Sensor Buffer] Stored: 30.87
[Service] Task 0 completed
[Service] Resume execution - Task 2
[Service] Resume checkpoint: 0
[Service] Resume progress: 0%
[COMM Resume] Checkpoint: 0
[COMM Resume] Invalid checkpoint: 0
[TEST] COMM checkpoint: 0
[Service] Resume execution - Task 2
[Service] Resume checkpoint: 0
[Service] Resume progress: 0%
[COMM Resume] Checkpoint: 0
[COMM Resume] Invalid checkpoint: 0
[TEST] COMM checkpoint: 0
[Service] Resume execution - Task 2
[Service] Resume checkpoint: 0
[Service] Resume progress: 0%
[COMM Resume] Checkpoint: 0
[COMM Resume] Invalid checkpoint: 0
[TEST] COMM checkpoint: 0
RPT,79217,0,UNSET,ENERGY,0,0
[Sensor] 30.87
[Service] Resume execution - Task 2
[Service] Resume checkpoint: 0
[Service] Resume progress: 0%
[COMM Resume] Checkpoint: 0
[COMM Resume] Invalid checkpoint: 0
[TEST] COMM checkpoint: 0
[Sensor Buffer] Stored: 30.87
[Service] Task 0 completed
[Service] Resume execution - Task 2
[Service] Resume checkpoint: 0
[Service] Resume progress: 0%
[COMM Resume] Checkpoint: 0
[COMM Resume] Invalid checkpoint: 0
[TEST] COMM checkpoint: 0
[Service] Resume execution - Task 2
[Service] Resume checkpoint: 0
[Service] Resume progress: 0%
[COMM Resume] Checkpoint: 0
[COMM Resume] Invalid checkpoint: 0
[TEST] COMM checkpoint: 0
[Service] Resume execution - Task 2
[Service] Resume checkpoint: 0
[Service] Resume progress: 0%
[COMM Resume] Checkpoint: 0
[COMM Resume] Invalid checkpoint: 0
[TEST] COMM checkpoint: 0
[Sensor] 30.87
[Service] Resume execution - Task 2
[Service] Resume checkpoint: 0
[Service] Resume progress: 0%
[COMM Resume] Checkpoint: 0
[COMM Resume] Invalid checkpoint: 0
[TEST] COMM checkpoint: 0
[Sensor Buffer] Stored: 30.87
[Service] Task 0 completed
[Service] Resume execution - Task 2
[Service] Resume checkpoint: 0
[Service] Resume progress: 0%
[COMM Resume] Checkpoint: 0
[COMM Resume] Invalid checkpoint: 0
[TEST] COMM checkpoint: 0
[Service] Resume execution - Task 2
[Service] Resume checkpoint: 0
[Service] Resume progress: 0%
[COMM Resume] Checkpoint: 0
[COMM Resume] Invalid checkpoint: 0
[TEST] COMM checkpoint: 0
[Service] Resume execution - Task 2
[Service] Resume checkpoint: 0
[Service] Resume progress: 0%
[COMM Resume] Checkpoint: 0
[COMM Resume] Invalid checkpoint: 0
[TEST] COMM checkpoint: 0
RPT,81720,0,UNSET,ENERGY,0,0
[Sensor] 30.87
[Service] Resume execution - Task 2
[Service] Resume checkpoint: 0
[Service] Resume progress: 0%
[COMM Resume] Checkpoint: 0
[COMM Resume] Invalid checkpoint: 0
[TEST] COMM checkpoint: 0
[Sensor Buffer] Stored: 30.87
[Service] Task 0 completed
[Service] Resume execution - Task 2
[Service] Resume checkpoint: 0
[Service] Resume progress: 0%
[COMM Resume] Checkpoint: 0
[COMM Resume] Invalid checkpoint: 0
[TEST] COMM checkpoint: 0
[Service] Resume execution - Task 2
[Service] Resume checkpoint: 0
[Service] Resume progress: 0%
[COMM Resume] Checkpoint: 0
[COMM Resume] Invalid checkpoint: 0
[TEST] COMM checkpoint: 0
[Service] Resume execution - Task 2
[Service] Resume checkpoint: 0
[Service] Resume progress: 0%
[COMM Resume] Checkpoint: 0
[COMM Resume] Invalid checkpoint: 0
[TEST] COMM checkpoint: 0
[Sensor] 30.87
[Service] Resume execution - Task 2
[Service] Resume checkpoint: 0
[Service] Resume progress: 0%
[COMM RX] Remote data (packet 168): ENERGY_TEST: 1051333
[COMM TX] ACK|168
[COMM BT] hasClient(): TRUE
[COMM BT] Bytes written: 8/8
[COMM Resume] Checkpoint: 0
[COMM Resume] Invalid checkpoint: 0
[TEST] COMM checkpoint: 0
[Sensor Buffer] Stored: 30.87
[Service] Task 0 completed
[Service] Resume execution - Task 2
[Service] Resume checkpoint: 0
[Service] Resume progress: 0%
[COMM Resume] Checkpoint: 0
[COMM Resume] Invalid checkpoint: 0
[TEST] COMM checkpoint: 0
[Service] Resume execution - Task 2
[Service] Resume checkpoint: 0
[Service] Resume progress: 0%
[COMM Resume] Checkpoint: 0
[COMM Resume] Invalid checkpoint: 0
[TEST] COMM checkpoint: 0
[Service] Resume execution - Task 2
[Service] Resume checkpoint: 0
[Service] Resume progress: 0%
[COMM Resume] Checkpoint: 0
[COMM Resume] Invalid checkpoint: 0
[TEST] COMM checkpoint: 0
RPT,84322,0,UNSET,ENERGY,0,0
[Sensor] 30.87
[Service] Resume execution - Task 2
[Service] Resume checkpoint: 0
[Service] Resume progress: 0%
[COMM Resume] Checkpoint: 0
[COMM Resume] Invalid checkpoint: 0
[TEST] COMM checkpoint: 0
[Sensor Buffer] Stored: 30.87
[Service] Task 0 completed
[Service] Resume execution - Task 2
[Service] Resume checkpoint: 0
[Service] Resume progress: 0%
[COMM Resume] Checkpoint: 0
[COMM Resume] Invalid checkpoint: 0
[TEST] COMM checkpoint: 0
[Service] Resume execution - Task 2
[Service] Resume checkpoint: 0
[Service] Resume progress: 0%
[COMM Resume] Checkpoint: 0
[COMM Resume] Invalid checkpoint: 0
[TEST] COMM checkpoint: 0
[Service] Resume execution - Task 2
[Service] Resume checkpoint: 0
[Service] Resume progress: 0%
[COMM Resume] Checkpoint: 0
[COMM Resume] Invalid checkpoint: 0
[TEST] COMM checkpoint: 0
[Sensor] 30.87
[Service] Resume execution - Task 2
[Service] Resume checkpoint: 0
[Service] Resume progress: 0%
[COMM Resume] Checkpoint: 0
[COMM Resume] Invalid checkpoint: 0
[TEST] COMM checkpoint: 0
[Sensor Buffer] Stored: 30.87
[Service] Task 0 completed
[Service] Resume execution - Task 2
[Service] Resume checkpoint: 0
[Service] Resume progress: 0%
[COMM Resume] Checkpoint: 0
[COMM Resume] Invalid checkpoint: 0
[TEST] COMM checkpoint: 0
[Service] Resume execution - Task 2
[Service] Resume checkpoint: 0
[Service] Resume progress: 0%
[COMM Resume] Checkpoint: 0
[COMM Resume] Invalid checkpoint: 0
[TEST] COMM checkpoint: 0
[Service] Resume execution - Task 2
[Service] Resume checkpoint: 0
[Service] Resume progress: 0%
[COMM Resume] Checkpoint: 0
[COMM Resume] Invalid checkpoint: 0
[TEST] COMM checkpoint: 0
RPT,86825,0,UNSET,ENERGY,0,0
[Sensor] 30.87
[Service] Resume execution - Task 2
[Service] Resume checkpoint: 0
[Service] Resume progress: 0%
[COMM Resume] Checkpoint: 0
[COMM Resume] Invalid checkpoint: 0
[TEST] COMM checkpoint: 0
[Sensor Buffer] Stored: 30.87
[Service] Task 0 completed
[Service] Resume execution - Task 2
[Service] Resume checkpoint: 0
[Service] Resume progress: 0%
[COMM Resume] Checkpoint: 0
[COMM Resume] Invalid checkpoint: 0
[TEST] COMM checkpoint: 0
[Service] Resume execution - Task 2
[Service] Resume checkpoint: 0
[Service] Resume progress: 0%
[COMM Resume] Checkpoint: 0
[COMM Resume] Invalid checkpoint: 0
[TEST] COMM checkpoint: 0
[Service] Resume execution - Task 2
[Service] Resume checkpoint: 0
[Service] Resume progress: 0%
[COMM Resume] Checkpoint: 0
[COMM Resume] Invalid checkpoint: 0
[TEST] COMM checkpoint: 0
[Sensor] 30.87
[Service] Resume execution - Task 2
[Service] Resume checkpoint: 0
[Service] Resume progress: 0%
[COMM RX] Remote data (packet 169): ENERGY_TEST: 1056443
[COMM TX] ACK|169
[COMM BT] hasClient(): TRUE
[COMM BT] Bytes written: 8/8
[COMM Resume] Checkpoint: 0
[COMM Resume] Invalid checkpoint: 0
[TEST] COMM checkpoint: 0
[Sensor Buffer] Stored: 30.87
[Service] Task 0 completed
[Service] Resume execution - Task 2
[Service] Resume checkpoint: 0
[Service] Resume progress: 0%
[COMM Resume] Checkpoint: 0
[COMM Resume] Invalid checkpoint: 0
[TEST] COMM checkpoint: 0
[Service] Resume execution - Task 2
[Service] Resume checkpoint: 0
[Service] Resume progress: 0%
[COMM Resume] Checkpoint: 0
[COMM Resume] Invalid checkpoint: 0
[TEST] COMM checkpoint: 0
[Service] Resume execution - Task 2
[Service] Resume checkpoint: 0
[Service] Resume progress: 0%
[COMM Resume] Checkpoint: 0
[COMM Resume] Invalid checkpoint: 0
[TEST] COMM checkpoint: 0
RPT,89427,0,UNSET,ENERGY,0,0
[Sensor] 30.94
[Service] Resume execution - Task 2
[Service] Resume checkpoint: 0
[Service] Resume progress: 0%
[COMM Resume] Checkpoint: 0
[COMM Resume] Invalid checkpoint: 0
[TEST] COMM checkpoint: 0
[Sensor Buffer] Stored: 30.94
[Service] Task 0 completed
[Service] Resume execution - Task 2
[Service] Resume checkpoint: 0
[Service] Resume progress: 0%
[COMM Resume] Checkpoint: 0
[COMM Resume] Invalid checkpoint: 0
[TEST] COMM checkpoint: 0
[Service] Resume execution - Task 2
[Service] Resume checkpoint: 0
[Service] Resume progress: 0%
[COMM Resume] Checkpoint: 0
[COMM Resume] Invalid checkpoint: 0
[TEST] COMM checkpoint: 0
[Service] Resume execution - Task 2
[Service] Resume checkpoint: 0
[Service] Resume progress: 0%
[COMM Resume] Checkpoint: 0
[COMM Resume] Invalid checkpoint: 0
[TEST] COMM checkpoint: 0
[Sensor] 30.87
[Service] Resume execution - Task 2
[Service] Resume checkpoint: 0
[Service] Resume progress: 0%
[COMM Resume] Checkpoint: 0
[COMM Resume] Invalid checkpoint: 0
[TEST] COMM checkpoint: 0
[Sensor Buffer] Stored: 30.87
[Service] Task 0 completed
[Service] Resume execution - Task 2
[Service] Resume checkpoint: 0
[Service] Resume progress: 0%
[COMM Resume] Checkpoint: 0
[COMM Resume] Invalid checkpoint: 0
[TEST] COMM checkpoint: 0
[Service] Resume execution - Task 2
[Service] Resume checkpoint: 0
[Service] Resume progress: 0%
[COMM Resume] Checkpoint: 0
[COMM Resume] Invalid checkpoint: 0
[TEST] COMM checkpoint: 0
[Service] Resume execution - Task 2
[Service] Resume checkpoint: 0
[Service] Resume progress: 0%
[COMM Resume] Checkpoint: 0
[COMM Resume] Invalid checkpoint: 0
[TEST] COMM checkpoint: 0
RPT,91929,0,UNSET,ENERGY,0,0
[Sensor] 30.81
[Service] Resume execution - Task 2
[Service] Resume checkpoint: 0
[Service] Resume progress: 0%
[COMM Resume] Checkpoint: 0
[COMM Resume] Invalid checkpoint: 0
[TEST] COMM checkpoint: 0
[Sensor Buffer] Stored: 30.81
[Service] Task 0 completed
[Service] Resume execution - Task 2
[Service] Resume checkpoint: 0
[Service] Resume progress: 0%
[COMM Resume] Checkpoint: 0
[COMM Resume] Invalid checkpoint: 0
[TEST] COMM checkpoint: 0
[Service] Resume execution - Task 2
[Service] Resume checkpoint: 0
[Service] Resume progress: 0%
[COMM Resume] Checkpoint: 0
[COMM Resume] Invalid checkpoint: 0
[TEST] COMM checkpoint: 0
[Service] Resume execution - Task 2
[Service] Resume checkpoint: 0
[Service] Resume progress: 0%
[COMM Resume] Checkpoint: 0
[COMM Resume] Invalid checkpoint: 0
[TEST] COMM checkpoint: 0
[Sensor] 30.87
[Service] Resume execution - Task 2
[Service] Resume checkpoint: 0
[Service] Resume progress: 0%
[COMM RX] Remote data (packet 170): ENERGY_TEST: 1061553
[COMM TX] ACK|170
[COMM BT] hasClient(): TRUE
[COMM BT] Bytes written: 8/8
[COMM Resume] Checkpoint: 0
[COMM Resume] Invalid checkpoint: 0
[FailureManager] Failure cleared

=================================
Scenario: FAIL WAIT ACK
=================================
[Sensor Buffer] Stored: 30.87
[Service] Task 0 completed
[Service] Resume execution - Task 2
[Service] Resume checkpoint: 0
[Service] Resume progress: 0%
[COMM Resume] Checkpoint: 0
[COMM Resume] Invalid checkpoint: 0
[TEST] COMM checkpoint: 0
[Service] Resume execution - Task 2
[Service] Resume checkpoint: 0
[Service] Resume progress: 0%
[COMM Resume] Checkpoint: 0
[COMM Resume] Invalid checkpoint: 0
[TEST] COMM checkpoint: 0
[Service] Resume execution - Task 2
[Service] Resume checkpoint: 0
[Service] Resume progress: 0%
[COMM Resume] Checkpoint: 0
[COMM Resume] Invalid checkpoint: 0
[TEST] COMM checkpoint: 0
RPT,94607,0,UNSET,ENERGY,0,0
[Sensor] 30.87
[Service] Resume execution - Task 2
[Service] Resume checkpoint: 0
[Service] Resume progress: 0%
[COMM Resume] Checkpoint: 0
[COMM Resume] Invalid checkpoint: 0
[TEST] COMM checkpoint: 0
[Sensor Buffer] Stored: 30.87
[Service] Task 0 completed
[Service] Resume execution - Task 2
[Service] Resume checkpoint: 0
[Service] Resume progress: 0%
[COMM Resume] Checkpoint: 0
[COMM Resume] Invalid checkpoint: 0
[TEST] COMM checkpoint: 0
[Service] Resume execution - Task 2
[Service] Resume checkpoint: 0
[Service] Resume progress: 0%
[COMM Resume] Checkpoint: 0
[COMM Resume] Invalid checkpoint: 0
[TEST] COMM checkpoint: 0
[Service] Resume execution - Task 2
[Service] Resume checkpoint: 0
[Service] Resume progress: 0%
[COMM Resume] Checkpoint: 0
[COMM Resume] Invalid checkpoint: 0
[TEST] COMM checkpoint: 0
[Sensor] 30.81
[Service] Resume execution - Task 2
[Service] Resume checkpoint: 0
[Service] Resume progress: 0%
[COMM Resume] Checkpoint: 0
[COMM Resume] Invalid checkpoint: 0
[TEST] COMM checkpoint: 0
[Sensor Buffer] Stored: 30.81
[Service] Task 0 completed
[Service] Resume execution - Task 2
[Service] Resume checkpoint: 0
[Service] Resume progress: 0%
[COMM Resume] Checkpoint: 0
[COMM Resume] Invalid checkpoint: 0
[TEST] COMM checkpoint: 0
[Service] Resume execution - Task 2
[Service] Resume checkpoint: 0
[Service] Resume progress: 0%
[COMM Resume] Checkpoint: 0
[COMM Resume] Invalid checkpoint: 0
[TEST] COMM checkpoint: 0
[Service] Resume execution - Task 2
[Service] Resume checkpoint: 0
[Service] Resume progress: 0%
[COMM Resume] Checkpoint: 0
[COMM Resume] Invalid checkpoint: 0
[TEST] COMM checkpoint: 0
RPT,97109,0,UNSET,ENERGY,0,0
[Sensor] 30.87
[Service] Resume execution - Task 2
[Service] Resume checkpoint: 0
[Service] Resume progress: 0%
[COMM Resume] Checkpoint: 0
[COMM Resume] Invalid checkpoint: 0
[TEST] COMM checkpoint: 0
[Sensor Buffer] Stored: 30.87
[Service] Task 0 completed
[Service] Resume execution - Task 2
[Service] Resume checkpoint: 0
[Service] Resume progress: 0%
[COMM Resume] Checkpoint: 0
[COMM Resume] Invalid checkpoint: 0
[TEST] COMM checkpoint: 0
[Service] Resume execution - Task 2
[Service] Resume checkpoint: 0
[Service] Resume progress: 0%
[COMM Resume] Checkpoint: 0
[COMM Resume] Invalid checkpoint: 0
[TEST] COMM checkpoint: 0
[Service] Resume execution - Task 2
[Service] Resume checkpoint: 0
[Service] Resume progress: 0%
[COMM Resume] Checkpoint: 0
[COMM Resume] Invalid checkpoint: 0
[TEST] COMM checkpoint: 0
[Sensor] 30.87
[Service] Resume execution - Task 2
[Service] Resume checkpoint: 0
[Service] Resume progress: 0%
[COMM RX] Remote data (packet 171): ENERGY_TEST: 1066663
[COMM TX] ACK|171
[COMM BT] hasClient(): TRUE
[COMM BT] Bytes written: 8/8
[COMM Resume] Checkpoint: 0
[COMM Resume] Invalid checkpoint: 0
[TEST] COMM checkpoint: 0
[Sensor Buffer] Stored: 30.87
[Service] Task 0 completed
[Service] Resume execution - Task 2
[Service] Resume checkpoint: 0
[Service] Resume progress: 0%
[COMM Resume] Checkpoint: 0
[COMM Resume] Invalid checkpoint: 0
[TEST] COMM checkpoint: 0
[Service] Resume execution - Task 2
[Service] Resume checkpoint: 0
[Service] Resume progress: 0%
[COMM Resume] Checkpoint: 0
[COMM Resume] Invalid checkpoint: 0
[TEST] COMM checkpoint: 0
[Service] Resume execution - Task 2
[Service] Resume checkpoint: 0
[Service] Resume progress: 0%
[COMM Resume] Checkpoint: 0
[COMM Resume] Invalid checkpoint: 0
[TEST] COMM checkpoint: 0
RPT,99711,0,UNSET,ENERGY,0,0
[Sensor] 30.87
[Service] Resume execution - Task 2
[Service] Resume checkpoint: 0
[Service] Resume progress: 0%
[COMM Resume] Checkpoint: 0
[COMM Resume] Invalid checkpoint: 0
[TEST] COMM checkpoint: 0
[Sensor Buffer] Stored: 30.87
[Service] Task 0 completed
[Service] Resume execution - Task 2
[Service] Resume checkpoint: 0
[Service] Resume progress: 0%
[COMM Resume] Checkpoint: 0
[COMM Resume] Invalid checkpoint: 0
[TEST] COMM checkpoint: 0
[Service] Resume execution - Task 2
[Service] Resume checkpoint: 0
[Service] Resume progress: 0%
[COMM Resume] Checkpoint: 0
[COMM Resume] Invalid checkpoint: 0
[TEST] COMM checkpoint: 0
[Service] Resume execution - Task 2
[Service] Resume checkpoint: 0
[Service] Resume progress: 0%
[COMM Resume] Checkpoint: 0
[COMM Resume] Invalid checkpoint: 0
[TEST] COMM checkpoint: 0
[Sensor] 30.81
[Service] Resume execution - Task 2
[Service] Resume checkpoint: 0
[Service] Resume progress: 0%
[COMM Resume] Checkpoint: 0
[COMM Resume] Invalid checkpoint: 0
[TEST] COMM checkpoint: 0
[Sensor Buffer] Stored: 30.81
[Service] Task 0 completed
[Service] Resume execution - Task 2
[Service] Resume checkpoint: 0
[Service] Resume progress: 0%
[COMM Resume] Checkpoint: 0
[COMM Resume] Invalid checkpoint: 0
[TEST] COMM checkpoint: 0
[Service] Resume execution - Task 2
[Service] Resume checkpoint: 0
[Service] Resume progress: 0%
[COMM Resume] Checkpoint: 0
[COMM Resume] Invalid checkpoint: 0
[TEST] COMM checkpoint: 0
[Service] Resume execution - Task 2
[Service] Resume checkpoint: 0
[Service] Resume progress: 0%
[COMM Resume] Checkpoint: 0
[COMM Resume] Invalid checkpoint: 0
[TEST] COMM checkpoint: 0
RPT,102213,0,UNSET,ENERGY,0,0
[Sensor] 30.81
[Service] Resume execution - Task 2
[Service] Resume checkpoint: 0
[Service] Resume progress: 0%
[COMM Resume] Checkpoint: 0
[COMM Resume] Invalid checkpoint: 0
[TEST] COMM checkpoint: 0
[Sensor Buffer] Stored: 30.81
[Service] Task 0 completed
[Service] Resume execution - Task 2
[Service] Resume checkpoint: 0
[Service] Resume progress: 0%
[COMM Resume] Checkpoint: 0
[COMM Resume] Invalid checkpoint: 0
[TEST] COMM checkpoint: 0
[Service] Resume execution - Task 2
[Service] Resume checkpoint: 0
[Service] Resume progress: 0%
[COMM Resume] Checkpoint: 0
[COMM Resume] Invalid checkpoint: 0
[TEST] COMM checkpoint: 0
[Service] Resume execution - Task 2
[Service] Resume checkpoint: 0
[Service] Resume progress: 0%
[COMM Resume] Checkpoint: 0
[COMM Resume] Invalid checkpoint: 0
[TEST] COMM checkpoint: 0
[Sensor] 30.81
[Service] Resume execution - Task 2
[Service] Resume checkpoint: 0
[Service] Resume progress: 0%
[COMM RX] Remote data (packet 172): ENERGY_TEST: 1071803
[COMM TX] ACK|172
[COMM BT] hasClient(): TRUE
[COMM BT] Bytes written: 8/8
[COMM Resume] Checkpoint: 0
[COMM Resume] Invalid checkpoint: 0
[TEST] COMM checkpoint: 0
[Sensor Buffer] Stored: 30.81
[Service] Task 0 completed
[Service] Resume execution - Task 2
[Service] Resume checkpoint: 0
[Service] Resume progress: 0%
[COMM Resume] Checkpoint: 0
[COMM Resume] Invalid checkpoint: 0
[TEST] COMM checkpoint: 0
[Service] Resume execution - Task 2
[Service] Resume checkpoint: 0
[Service] Resume progress: 0%
[COMM Resume] Checkpoint: 0
[COMM Resume] Invalid checkpoint: 0
[TEST] COMM checkpoint: 0
[Service] Resume execution - Task 2
[Service] Resume checkpoint: 0
[Service] Resume progress: 0%
[COMM Resume] Checkpoint: 0
[COMM Resume] Invalid checkpoint: 0
[TEST] COMM checkpoint: 0
RPT,104815,0,UNSET,ENERGY,0,0
[Sensor] 30.81
[Service] Resume execution - Task 2
[Service] Resume checkpoint: 0
[Service] Resume progress: 0%
[COMM Resume] Checkpoint: 0
[COMM Resume] Invalid checkpoint: 0
[TEST] COMM checkpoint: 0
[Sensor Buffer] Stored: 30.81
[Service] Task 0 completed
[Service] Resume execution - Task 2
[Service] Resume checkpoint: 0
[Service] Resume progress: 0%
[COMM Resume] Checkpoint: 0
[COMM Resume] Invalid checkpoint: 0
[TEST] COMM checkpoint: 0
[Service] Resume execution - Task 2
[Service] Resume checkpoint: 0
[Service] Resume progress: 0%
[COMM Resume] Checkpoint: 0
[COMM Resume] Invalid checkpoint: 0
[TEST] COMM checkpoint: 0
[Service] Resume execution - Task 2
[Service] Resume checkpoint: 0
[Service] Resume progress: 0%
[COMM Resume] Checkpoint: 0
[COMM Resume] Invalid checkpoint: 0
[TEST] COMM checkpoint: 0
[Sensor] 30.81
[Service] Resume execution - Task 2
[Service] Resume checkpoint: 0
[Service] Resume progress: 0%
[COMM Resume] Checkpoint: 0
[COMM Resume] Invalid checkpoint: 0
[TEST] COMM checkpoint: 0
[Sensor Buffer] Stored: 30.81
[Service] Task 0 completed
[Service] Resume execution - Task 2
[Service] Resume checkpoint: 0
[Service] Resume progress: 0%
[COMM Resume] Checkpoint: 0
[COMM Resume] Invalid checkpoint: 0
[TEST] COMM checkpoint: 0
[Service] Resume execution - Task 2
[Service] Resume checkpoint: 0
[Service] Resume progress: 0%
[COMM Resume] Checkpoint: 0
[COMM Resume] Invalid checkpoint: 0
[TEST] COMM checkpoint: 0
[Service] Resume execution - Task 2
[Service] Resume checkpoint: 0
[Service] Resume progress: 0%
[COMM Resume] Checkpoint: 0
[COMM Resume] Invalid checkpoint: 0
[TEST] COMM checkpoint: 0
RPT,107317,0,UNSET,ENERGY,0,0
[Sensor] 30.81
[Service] Resume execution - Task 2
[Service] Resume checkpoint: 0
[Service] Resume progress: 0%
[COMM Resume] Checkpoint: 0
[COMM Resume] Invalid checkpoint: 0
[TEST] COMM checkpoint: 0
[Sensor Buffer] Stored: 30.81
[Service] Task 0 completed
[Service] Resume execution - Task 2
[Service] Resume checkpoint: 0
[Service] Resume progress: 0%
[COMM Resume] Checkpoint: 0
[COMM Resume] Invalid checkpoint: 0
[TEST] COMM checkpoint: 0
[Service] Resume execution - Task 2
[Service] Resume checkpoint: 0
[Service] Resume progress: 0%
[COMM Resume] Checkpoint: 0
[COMM Resume] Invalid checkpoint: 0
[TEST] COMM checkpoint: 0
[Service] Resume execution - Task 2
[Service] Resume checkpoint: 0
[Service] Resume progress: 0%
[COMM Resume] Checkpoint: 0
[COMM Resume] Invalid checkpoint: 0
[TEST] COMM checkpoint: 0
[Sensor] 30.81
[Service] Resume execution - Task 2
[Service] Resume checkpoint: 0
[Service] Resume progress: 0%
[COMM RX] Remote data (packet 173): ENERGY_TEST: 1076913
[COMM TX] ACK|173
[COMM BT] hasClient(): TRUE
[COMM BT] Bytes written: 8/8
[COMM Resume] Checkpoint: 0
[COMM Resume] Invalid checkpoint: 0
[TEST] COMM checkpoint: 0
[Sensor Buffer] Stored: 30.81
[Service] Task 0 completed
[Service] Resume execution - Task 2
[Service] Resume checkpoint: 0
[Service] Resume progress: 0%
[COMM Resume] Checkpoint: 0
[COMM Resume] Invalid checkpoint: 0
[TEST] COMM checkpoint: 0
[Service] Resume execution - Task 2
[Service] Resume checkpoint: 0
[Service] Resume progress: 0%
[COMM Resume] Checkpoint: 0
[COMM Resume] Invalid checkpoint: 0
[TEST] COMM checkpoint: 0
[Service] Resume execution - Task 2
[Service] Resume checkpoint: 0
[Service] Resume progress: 0%
[COMM Resume] Checkpoint: 0
[COMM Resume] Invalid checkpoint: 0
[TEST] COMM checkpoint: 0
RPT,109919,0,UNSET,ENERGY,0,0
[Sensor] 30.75
[Service] Resume execution - Task 2
[Service] Resume checkpoint: 0
[Service] Resume progress: 0%
[COMM Resume] Checkpoint: 0
[COMM Resume] Invalid checkpoint: 0
[TEST] COMM checkpoint: 0
[Sensor Buffer] Stored: 30.75
[Service] Task 0 completed
[Service] Resume execution - Task 2
[Service] Resume checkpoint: 0
[Service] Resume progress: 0%
[COMM Resume] Checkpoint: 0
[COMM Resume] Invalid checkpoint: 0
[TEST] COMM checkpoint: 0
[Service] Resume execution - Task 2
[Service] Resume checkpoint: 0
[Service] Resume progress: 0%
[COMM Resume] Checkpoint: 0
[COMM Resume] Invalid checkpoint: 0
[TEST] COMM checkpoint: 0
[Service] Resume execution - Task 2
[Service] Resume checkpoint: 0
[Service] Resume progress: 0%
[COMM Resume] Checkpoint: 0
[COMM Resume] Invalid checkpoint: 0
[TEST] COMM checkpoint: 0
[Sensor] 30.81
[Service] Resume execution - Task 2
[Service] Resume checkpoint: 0
[Service] Resume progress: 0%
[COMM Resume] Checkpoint: 0
[COMM Resume] Invalid checkpoint: 0
[TEST] COMM checkpoint: 0
[Sensor Buffer] Stored: 30.81
[Service] Task 0 completed
[Service] Resume execution - Task 2
[Service] Resume checkpoint: 0
[Service] Resume progress: 0%
[COMM Resume] Checkpoint: 0
[COMM Resume] Invalid checkpoint: 0
[TEST] COMM checkpoint: 0
[Service] Resume execution - Task 2
[Service] Resume checkpoint: 0
[Service] Resume progress: 0%
[COMM Resume] Checkpoint: 0
[COMM Resume] Invalid checkpoint: 0
[TEST] COMM checkpoint: 0
[Service] Resume execution - Task 2
[Service] Resume checkpoint: 0
[Service] Resume progress: 0%
[COMM Resume] Checkpoint: 0
[COMM Resume] Invalid checkpoint: 0
[TEST] COMM checkpoint: 0
RPT,112421,0,UNSET,ENERGY,0,0
[Sensor] 30.81
[Service] Resume execution - Task 2
[Service] Resume checkpoint: 0
[Service] Resume progress: 0%
[COMM Resume] Checkpoint: 0
[COMM Resume] Invalid checkpoint: 0
[TEST] COMM checkpoint: 0
[Sensor Buffer] Stored: 30.81
[Service] Task 0 completed
[Service] Resume execution - Task 2
[Service] Resume checkpoint: 0
[Service] Resume progress: 0%
[COMM Resume] Checkpoint: 0
[COMM Resume] Invalid checkpoint: 0
[TEST] COMM checkpoint: 0
[Service] Resume execution - Task 2
[Service] Resume checkpoint: 0
[Service] Resume progress: 0%
[COMM Resume] Checkpoint: 0
[COMM Resume] Invalid checkpoint: 0
[TEST] COMM checkpoint: 0
[Service] Resume execution - Task 2
[Service] Resume checkpoint: 0
[Service] Resume progress: 0%
[COMM Resume] Checkpoint: 0
[COMM Resume] Invalid checkpoint: 0
[TEST] COMM checkpoint: 0
[Sensor] 30.81
[Service] Resume execution - Task 2
[Service] Resume checkpoint: 0
[Service] Resume progress: 0%
[COMM RX] Remote data (packet 174): ENERGY_TEST: 1082023
[COMM TX] ACK|174
[COMM BT] hasClient(): TRUE
[COMM BT] Bytes written: 8/8
[COMM Resume] Checkpoint: 0
[COMM Resume] Invalid checkpoint: 0
[TEST] COMM checkpoint: 0
[Sensor Buffer] Stored: 30.81
[Service] Task 0 completed
[Service] Resume execution - Task 2
[Service] Resume checkpoint: 0
[Service] Resume progress: 0%
[COMM Resume] Checkpoint: 0
[COMM Resume] Invalid checkpoint: 0
[TEST] COMM checkpoint: 0
[Service] Resume execution - Task 2
[Service] Resume checkpoint: 0
[Service] Resume progress: 0%
[COMM Resume] Checkpoint: 0
[COMM Resume] Invalid checkpoint: 0
[TEST] COMM checkpoint: 0
[Service] Resume execution - Task 2
[Service] Resume checkpoint: 0
[Service] Resume progress: 0%
[COMM Resume] Checkpoint: 0
[COMM Resume] Invalid checkpoint: 0
[TEST] COMM checkpoint: 0
RPT,115023,0,UNSET,ENERGY,0,0
[Sensor] 30.75
[Service] Resume execution - Task 2
[Service] Resume checkpoint: 0
[Service] Resume progress: 0%
[COMM Resume] Checkpoint: 0
[COMM Resume] Invalid checkpoint: 0
[TEST] COMM checkpoint: 0
[Sensor Buffer] Stored: 30.75
[Service] Task 0 completed
[Service] Resume execution - Task 2
[Service] Resume checkpoint: 0
[Service] Resume progress: 0%
[COMM Resume] Checkpoint: 0
[COMM Resume] Invalid checkpoint: 0
[TEST] COMM checkpoint: 0
[Service] Resume execution - Task 2
[Service] Resume checkpoint: 0
[Service] Resume progress: 0%
[COMM Resume] Checkpoint: 0
[COMM Resume] Invalid checkpoint: 0
[TEST] COMM checkpoint: 0
[Service] Resume execution - Task 2
[Service] Resume checkpoint: 0
[Service] Resume progress: 0%
[COMM Resume] Checkpoint: 0
[COMM Resume] Invalid checkpoint: 0
[TEST] COMM checkpoint: 0
[Sensor] 30.81
[Service] Resume execution - Task 2
[Service] Resume checkpoint: 0
[Service] Resume progress: 0%
[COMM Resume] Checkpoint: 0
[COMM Resume] Invalid checkpoint: 0
[TEST] COMM checkpoint: 0
[Sensor Buffer] Stored: 30.81
[Service] Task 0 completed
[Service] Resume execution - Task 2
[Service] Resume checkpoint: 0
[Service] Resume progress: 0%
[COMM Resume] Checkpoint: 0
[COMM Resume] Invalid checkpoint: 0
[TEST] COMM checkpoint: 0
[Service] Resume execution - Task 2
[Service] Resume checkpoint: 0
[Service] Resume progress: 0%
[COMM Resume] Checkpoint: 0
[COMM Resume] Invalid checkpoint: 0
[TEST] COMM checkpoint: 0
[Service] Resume execution - Task 2
[Service] Resume checkpoint: 0
[Service] Resume progress: 0%
[COMM Resume] Checkpoint: 0
[COMM Resume] Invalid checkpoint: 0
[TEST] COMM checkpoint: 0
RPT,117526,0,UNSET,ENERGY,0,0
[Sensor] 30.81
[Service] Resume execution - Task 2
[Service] Resume checkpoint: 0
[Service] Resume progress: 0%
[COMM Resume] Checkpoint: 0
[COMM Resume] Invalid checkpoint: 0
[TEST] COMM checkpoint: 0
[Sensor Buffer] Stored: 30.81
[Service] Task 0 completed
[Service] Resume execution - Task 2
[Service] Resume checkpoint: 0
[Service] Resume progress: 0%
[COMM Resume] Checkpoint: 0
[COMM Resume] Invalid checkpoint: 0
[TEST] COMM checkpoint: 0
[Service] Resume execution - Task 2
[Service] Resume checkpoint: 0
[Service] Resume progress: 0%
[COMM Resume] Checkpoint: 0
[COMM Resume] Invalid checkpoint: 0
[TEST] COMM checkpoint: 0
[Service] Resume execution - Task 2
[Service] Resume checkpoint: 0
[Service] Resume progress: 0%
[COMM Resume] Checkpoint: 0
[COMM Resume] Invalid checkpoint: 0
[TEST] COMM checkpoint: 0
[Sensor] 30.81
[Service] Resume execution - Task 2
[Service] Resume checkpoint: 0
[Service] Resume progress: 0%
[COMM RX] Remote data (packet 175): ENERGY_TEST: 1087133
[COMM TX] ACK|175
[COMM BT] hasClient(): TRUE
[COMM BT] Bytes written: 8/8
[COMM Resume] Checkpoint: 0
[COMM Resume] Invalid checkpoint: 0
[TEST] COMM checkpoint: 0
[Sensor Buffer] Stored: 30.81
[Service] Task 0 completed
[Service] Resume execution - Task 2
[Service] Resume checkpoint: 0
[Service] Resume progress: 0%
[COMM Resume] Checkpoint: 0
[COMM Resume] Invalid checkpoint: 0
[TEST] COMM checkpoint: 0
[Service] Resume execution - Task 2
[Service] Resume checkpoint: 0
[Service] Resume progress: 0%
[COMM Resume] Checkpoint: 0
[COMM Resume] Invalid checkpoint: 0
[TEST] COMM checkpoint: 0
[Service] Resume execution - Task 2
[Service] Resume checkpoint: 0
[Service] Resume progress: 0%
[COMM Resume] Checkpoint: 0
[COMM Resume] Invalid checkpoint: 0
[TEST] COMM checkpoint: 0
RPT,120129,0,UNSET,ENERGY,0,0
[Sensor] 30.81
[Service] Resume execution - Task 2
[Service] Resume checkpoint: 0
[Service] Resume progress: 0%
[COMM Resume] Checkpoint: 0
[COMM Resume] Invalid checkpoint: 0
[TEST] COMM checkpoint: 0
[Sensor Buffer] Stored: 30.81
[Service] Task 0 completed
[Service] Resume execution - Task 2
[Service] Resume checkpoint: 0
[Service] Resume progress: 0%
[COMM Resume] Checkpoint: 0
[COMM Resume] Invalid checkpoint: 0
[TEST] COMM checkpoint: 0
[Service] Resume execution - Task 2
[Service] Resume checkpoint: 0
[Service] Resume progress: 0%
[COMM Resume] Checkpoint: 0
[COMM Resume] Invalid checkpoint: 0
[TEST] COMM checkpoint: 0
[Service] Resume execution - Task 2
[Service] Resume checkpoint: 0
[Service] Resume progress: 0%
[COMM Resume] Checkpoint: 0
[COMM Resume] Invalid checkpoint: 0
[TEST] COMM checkpoint: 0
[Sensor] 30.81
[Service] Resume execution - Task 2
[Service] Resume checkpoint: 0
[Service] Resume progress: 0%
[COMM Resume] Checkpoint: 0
[COMM Resume] Invalid checkpoint: 0
[TEST] COMM checkpoint: 0
[Sensor Buffer] Stored: 30.81
[Service] Task 0 completed
[Service] Resume execution - Task 2
[Service] Resume checkpoint: 0
[Service] Resume progress: 0%
[COMM Resume] Checkpoint: 0
[COMM Resume] Invalid checkpoint: 0
[TEST] COMM checkpoint: 0
[Service] Resume execution - Task 2
[Service] Resume checkpoint: 0
[Service] Resume progress: 0%
[COMM Resume] Checkpoint: 0
[COMM Resume] Invalid checkpoint: 0
[TEST] COMM checkpoint: 0
[Service] Resume execution - Task 2
[Service] Resume checkpoint: 0
[Service] Resume progress: 0%
[COMM Resume] Checkpoint: 0
[COMM Resume] Invalid checkpoint: 0
[TEST] COMM checkpoint: 0
RPT,122632,0,UNSET,ENERGY,0,0
[Sensor] 30.81
[Service] Resume execution - Task 2
[Service] Resume checkpoint: 0
[Service] Resume progress: 0%
[COMM Resume] Checkpoint: 0
[COMM Resume] Invalid checkpoint: 0
[FailureManager] Failure cleared

=================================
Scenario: FAIL CONFIRM
=================================
[Sensor Buffer] Stored: 30.81
[Service] Task 0 completed
[Service] Resume execution - Task 2
[Service] Resume checkpoint: 0
[Service] Resume progress: 0%
[COMM Resume] Checkpoint: 0
[COMM Resume] Invalid checkpoint: 0
[TEST] COMM checkpoint: 0
[Service] Resume execution - Task 2
[Service] Resume checkpoint: 0
[Service] Resume progress: 0%
[COMM Resume] Checkpoint: 0
[COMM Resume] Invalid checkpoint: 0
[TEST] COMM checkpoint: 0
[Service] Resume execution - Task 2
[Service] Resume checkpoint: 0
[Service] Resume progress: 0%
[COMM Resume] Checkpoint: 0
[COMM Resume] Invalid checkpoint: 0
[TEST] COMM checkpoint: 0
[Sensor] 30.75
[Service] Resume execution - Task 2
[Service] Resume checkpoint: 0
[Service] Resume progress: 0%
[COMM RX] Remote data (packet 176): ENERGY_TEST: 1092243
[COMM TX] ACK|176
[COMM BT] hasClient(): TRUE
[COMM BT] Bytes written: 8/8
[COMM Resume] Checkpoint: 0
[COMM Resume] Invalid checkpoint: 0
[TEST] COMM checkpoint: 0
[Sensor Buffer] Stored: 30.75
[Service] Task 0 completed
[Service] Resume execution - Task 2
[Service] Resume checkpoint: 0
[Service] Resume progress: 0%
[COMM Resume] Checkpoint: 0
[COMM Resume] Invalid checkpoint: 0
[TEST] COMM checkpoint: 0
[Service] Resume execution - Task 2
[Service] Resume checkpoint: 0
[Service] Resume progress: 0%
[COMM Resume] Checkpoint: 0
[COMM Resume] Invalid checkpoint: 0
[TEST] COMM checkpoint: 0
[Service] Resume execution - Task 2
[Service] Resume checkpoint: 0
[Service] Resume progress: 0%
[COMM Resume] Checkpoint: 0
[COMM Resume] Invalid checkpoint: 0
[TEST] COMM checkpoint: 0
RPT,125309,0,UNSET,ENERGY,0,0
[Sensor] 30.75
[Service] Resume execution - Task 2
[Service] Resume checkpoint: 0
[Service] Resume progress: 0%
[COMM Resume] Checkpoint: 0
[COMM Resume] Invalid checkpoint: 0
[TEST] COMM checkpoint: 0
[Sensor Buffer] Stored: 30.75
[Service] Task 0 completed
[Service] Resume execution - Task 2
[Service] Resume checkpoint: 0
[Service] Resume progress: 0%
[COMM Resume] Checkpoint: 0
[COMM Resume] Invalid checkpoint: 0
[TEST] COMM checkpoint: 0
[Service] Resume execution - Task 2
[Service] Resume checkpoint: 0
[Service] Resume progress: 0%
[COMM Resume] Checkpoint: 0
[COMM Resume] Invalid checkpoint: 0
[TEST] COMM checkpoint: 0
[Service] Resume execution - Task 2
[Service] Resume checkpoint: 0
[Service] Resume progress: 0%
[COMM Resume] Checkpoint: 0
[COMM Resume] Invalid checkpoint: 0
[TEST] COMM checkpoint: 0
[Sensor] 30.75
[Service] Resume execution - Task 2
[Service] Resume checkpoint: 0
[Service] Resume progress: 0%
[COMM Resume] Checkpoint: 0
[COMM Resume] Invalid checkpoint: 0
[TEST] COMM checkpoint: 0
[Sensor Buffer] Stored: 30.75
[Service] Task 0 completed
[Service] Resume execution - Task 2
[Service] Resume checkpoint: 0
[Service] Resume progress: 0%
[COMM Resume] Checkpoint: 0
[COMM Resume] Invalid checkpoint: 0
[TEST] COMM checkpoint: 0
[Service] Resume execution - Task 2
[Service] Resume checkpoint: 0
[Service] Resume progress: 0%
[COMM Resume] Checkpoint: 0
[COMM Resume] Invalid checkpoint: 0
[TEST] COMM checkpoint: 0
[Service] Resume execution - Task 2
[Service] Resume checkpoint: 0
[Service] Resume progress: 0%
[COMM Resume] Checkpoint: 0
[COMM Resume] Invalid checkpoint: 0
[TEST] COMM checkpoint: 0
RPT,127811,0,UNSET,ENERGY,0,0
[Sensor] 30.81
[Service] Resume execution - Task 2
[Service] Resume checkpoint: 0
[Service] Resume progress: 0%
[COMM Resume] Checkpoint: 0
[COMM Resume] Invalid checkpoint: 0
[TEST] COMM checkpoint: 0
[Sensor Buffer] Stored: 30.81
[Service] Task 0 completed
[Service] Resume execution - Task 2
[Service] Resume checkpoint: 0
[Service] Resume progress: 0%
[COMM Resume] Checkpoint: 0
[COMM Resume] Invalid checkpoint: 0
[TEST] COMM checkpoint: 0
[Service] Resume execution - Task 2
[Service] Resume checkpoint: 0
[Service] Resume progress: 0%
[COMM Resume] Checkpoint: 0
[COMM Resume] Invalid checkpoint: 0
[TEST] COMM checkpoint: 0
[Service] Resume execution - Task 2
[Service] Resume checkpoint: 0
[Service] Resume progress: 0%
[COMM Resume] Checkpoint: 0
[COMM Resume] Invalid checkpoint: 0
[TEST] COMM checkpoint: 0
[Sensor] 30.75
[Service] Resume execution - Task 2
[Service] Resume checkpoint: 0
[Service] Resume progress: 0%
[COMM RX] Remote data (packet 177): ENERGY_TEST: 1097413
[COMM TX] ACK|177
[COMM BT] hasClient(): TRUE
[COMM BT] Bytes written: 8/8
[COMM Resume] Checkpoint: 0
[COMM Resume] Invalid checkpoint: 0
[TEST] COMM checkpoint: 0
[Sensor Buffer] Stored: 30.75
[Service] Task 0 completed
[Service] Resume execution - Task 2
[Service] Resume checkpoint: 0
[Service] Resume progress: 0%
[COMM Resume] Checkpoint: 0
[COMM Resume] Invalid checkpoint: 0
[TEST] COMM checkpoint: 0
[Service] Resume execution - Task 2
[Service] Resume checkpoint: 0
[Service] Resume progress: 0%
[COMM Resume] Checkpoint: 0
[COMM Resume] Invalid checkpoint: 0
[TEST] COMM checkpoint: 0
[Service] Resume execution - Task 2
[Service] Resume checkpoint: 0
[Service] Resume progress: 0%
[COMM Resume] Checkpoint: 0
[COMM Resume] Invalid checkpoint: 0
[TEST] COMM checkpoint: 0
RPT,130413,0,UNSET,ENERGY,0,0
[Sensor] 30.75
[Service] Resume execution - Task 2
[Service] Resume checkpoint: 0
[Service] Resume progress: 0%
[COMM Resume] Checkpoint: 0
[COMM Resume] Invalid checkpoint: 0
[TEST] COMM checkpoint: 0
[Sensor Buffer] Stored: 30.75
[Service] Task 0 completed
[Service] Resume execution - Task 2
[Service] Resume checkpoint: 0
[Service] Resume progress: 0%
[COMM Resume] Checkpoint: 0
[COMM Resume] Invalid checkpoint: 0
[TEST] COMM checkpoint: 0
[Service] Resume execution - Task 2
[Service] Resume checkpoint: 0
[Service] Resume progress: 0%
[COMM Resume] Checkpoint: 0
[COMM Resume] Invalid checkpoint: 0
[TEST] COMM checkpoint: 0
[Service] Resume execution - Task 2
[Service] Resume checkpoint: 0
[Service] Resume progress: 0%
[COMM Resume] Checkpoint: 0
[COMM Resume] Invalid checkpoint: 0
[TEST] COMM checkpoint: 0
[Sensor] 30.81
[Service] Resume execution - Task 2
[Service] Resume checkpoint: 0
[Service] Resume progress: 0%
[COMM Resume] Checkpoint: 0
[COMM Resume] Invalid checkpoint: 0
[TEST] COMM checkpoint: 0
[Sensor Buffer] Stored: 30.81
[Service] Task 0 completed
[Service] Resume execution - Task 2
[Service] Resume checkpoint: 0
[Service] Resume progress: 0%
[COMM Resume] Checkpoint: 0
[COMM Resume] Invalid checkpoint: 0
[TEST] COMM checkpoint: 0
[Service] Resume execution - Task 2
[Service] Resume checkpoint: 0
[Service] Resume progress: 0%
[COMM Resume] Checkpoint: 0
[COMM Resume] Invalid checkpoint: 0
[TEST] COMM checkpoint: 0
[Service] Resume execution - Task 2
[Service] Resume checkpoint: 0
[Service] Resume progress: 0%
[COMM Resume] Checkpoint: 0
[COMM Resume] Invalid checkpoint: 0
[TEST] COMM checkpoint: 0
RPT,132916,0,UNSET,ENERGY,0,0
[Sensor] 30.81
[Service] Resume execution - Task 2
[Service] Resume checkpoint: 0
[Service] Resume progress: 0%
[COMM Resume] Checkpoint: 0
[COMM Resume] Invalid checkpoint: 0
[TEST] COMM checkpoint: 0
[Sensor Buffer] Stored: 30.81
[Service] Task 0 completed
[Service] Resume execution - Task 2
[Service] Resume checkpoint: 0
[Service] Resume progress: 0%
[COMM Resume] Checkpoint: 0
[COMM Resume] Invalid checkpoint: 0
[TEST] COMM checkpoint: 0
[Service] Resume execution - Task 2
[Service] Resume checkpoint: 0
[Service] Resume progress: 0%
[COMM Resume] Checkpoint: 0
[COMM Resume] Invalid checkpoint: 0
[TEST] COMM checkpoint: 0
[Service] Resume execution - Task 2
[Service] Resume checkpoint: 0
[Service] Resume progress: 0%
[COMM Resume] Checkpoint: 0
[COMM Resume] Invalid checkpoint: 0
[TEST] COMM checkpoint: 0
[Sensor] 30.81
[Service] Resume execution - Task 2
[Service] Resume checkpoint: 0
[Service] Resume progress: 0%
[COMM RX] Remote data (packet 178): ENERGY_TEST: 1102523
[COMM TX] ACK|178
[COMM BT] hasClient(): TRUE
[COMM BT] Bytes written: 8/8
[COMM Resume] Checkpoint: 0
[COMM Resume] Invalid checkpoint: 0
[TEST] COMM checkpoint: 0
[Sensor Buffer] Stored: 30.81
[Service] Task 0 completed
[Service] Resume execution - Task 2
[Service] Resume checkpoint: 0
[Service] Resume progress: 0%
[COMM Resume] Checkpoint: 0
[COMM Resume] Invalid checkpoint: 0
[TEST] COMM checkpoint: 0
[Service] Resume execution - Task 2
[Service] Resume checkpoint: 0
[Service] Resume progress: 0%
[COMM Resume] Checkpoint: 0
[COMM Resume] Invalid checkpoint: 0
[TEST] COMM checkpoint: 0
[Service] Resume execution - Task 2
[Service] Resume checkpoint: 0
[Service] Resume progress: 0%
[COMM Resume] Checkpoint: 0
[COMM Resume] Invalid checkpoint: 0
[TEST] COMM checkpoint: 0
RPT,135519,0,UNSET,ENERGY,0,0
[Sensor] 30.75
[Service] Resume execution - Task 2
[Service] Resume checkpoint: 0
[Service] Resume progress: 0%
[COMM Resume] Checkpoint: 0
[COMM Resume] Invalid checkpoint: 0
[TEST] COMM checkpoint: 0
[Sensor Buffer] Stored: 30.75
[Service] Task 0 completed
[Service] Resume execution - Task 2
[Service] Resume checkpoint: 0
[Service] Resume progress: 0%
[COMM Resume] Checkpoint: 0
[COMM Resume] Invalid checkpoint: 0
[TEST] COMM checkpoint: 0
[Service] Resume execution - Task 2
[Service] Resume checkpoint: 0
[Service] Resume progress: 0%
[COMM Resume] Checkpoint: 0
[COMM Resume] Invalid checkpoint: 0
[TEST] COMM checkpoint: 0
[Service] Resume execution - Task 2
[Service] Resume checkpoint: 0
[Service] Resume progress: 0%
[COMM Resume] Checkpoint: 0
[COMM Resume] Invalid checkpoint: 0
[TEST] COMM checkpoint: 0
[Sensor] 30.81
[Service] Resume execution - Task 2
[Service] Resume checkpoint: 0
[Service] Resume progress: 0%
[COMM Resume] Checkpoint: 0
[COMM Resume] Invalid checkpoint: 0
[TEST] COMM checkpoint: 0
[Sensor Buffer] Stored: 30.81
[Service] Task 0 completed
[Service] Resume execution - Task 2
[Service] Resume checkpoint: 0
[Service] Resume progress: 0%
[COMM Resume] Checkpoint: 0
[COMM Resume] Invalid checkpoint: 0
[TEST] COMM checkpoint: 0
[Service] Resume execution - Task 2
[Service] Resume checkpoint: 0
[Service] Resume progress: 0%
[COMM Resume] Checkpoint: 0
[COMM Resume] Invalid checkpoint: 0
[TEST] COMM checkpoint: 0
[Service] Resume execution - Task 2
[Service] Resume checkpoint: 0
[Service] Resume progress: 0%
[COMM Resume] Checkpoint: 0
[COMM Resume] Invalid checkpoint: 0
[TEST] COMM checkpoint: 0
RPT,138021,0,UNSET,ENERGY,0,0
[Sensor] 30.75
[Service] Resume execution - Task 2
[Service] Resume checkpoint: 0
[Service] Resume progress: 0%
[COMM Resume] Checkpoint: 0
[COMM Resume] Invalid checkpoint: 0
[TEST] COMM checkpoint: 0
[Sensor Buffer] Stored: 30.75
[Service] Task 0 completed
[Service] Resume execution - Task 2
[Service] Resume checkpoint: 0
[Service] Resume progress: 0%
[COMM Resume] Checkpoint: 0
[COMM Resume] Invalid checkpoint: 0
[TEST] COMM checkpoint: 0
[Service] Resume execution - Task 2
[Service] Resume checkpoint: 0
[Service] Resume progress: 0%
[COMM Resume] Checkpoint: 0
[COMM Resume] Invalid checkpoint: 0
[TEST] COMM checkpoint: 0
[Service] Resume execution - Task 2
[Service] Resume checkpoint: 0
[Service] Resume progress: 0%
[COMM Resume] Checkpoint: 0
[COMM Resume] Invalid checkpoint: 0
[TEST] COMM checkpoint: 0
[Sensor] 30.75
[Service] Resume execution - Task 2
[Service] Resume checkpoint: 0
[Service] Resume progress: 0%
[COMM RX] Remote data (packet 179): ENERGY_TEST: 1107633
[COMM TX] ACK|179
[COMM BT] hasClient(): TRUE
[COMM BT] Bytes written: 8/8
[COMM Resume] Checkpoint: 0
[COMM Resume] Invalid checkpoint: 0
[TEST] COMM checkpoint: 0
[Sensor Buffer] Stored: 30.75
[Service] Task 0 completed
[Service] Resume execution - Task 2
[Service] Resume checkpoint: 0
[Service] Resume progress: 0%
[COMM Resume] Checkpoint: 0
[COMM Resume] Invalid checkpoint: 0
[TEST] COMM checkpoint: 0
[Service] Resume execution - Task 2
[Service] Resume checkpoint: 0
[Service] Resume progress: 0%
[COMM Resume] Checkpoint: 0
[COMM Resume] Invalid checkpoint: 0
[TEST] COMM checkpoint: 0
[Service] Resume execution - Task 2
[Service] Resume checkpoint: 0
[Service] Resume progress: 0%
[COMM Resume] Checkpoint: 0
[COMM Resume] Invalid checkpoint: 0
[TEST] COMM checkpoint: 0
RPT,140623,0,UNSET,ENERGY,0,0
[Sensor] 30.81
[Service] Resume execution - Task 2
[Service] Resume checkpoint: 0
[Service] Resume progress: 0%
[COMM Resume] Checkpoint: 0
[COMM Resume] Invalid checkpoint: 0
[TEST] COMM checkpoint: 0
[Sensor Buffer] Stored: 30.81
[Service] Task 0 completed
[Service] Resume execution - Task 2
[Service] Resume checkpoint: 0
[Service] Resume progress: 0%
[COMM Resume] Checkpoint: 0
[COMM Resume] Invalid checkpoint: 0
[TEST] COMM checkpoint: 0
[Service] Resume execution - Task 2
[Service] Resume checkpoint: 0
[Service] Resume progress: 0%
[COMM Resume] Checkpoint: 0
[COMM Resume] Invalid checkpoint: 0
[TEST] COMM checkpoint: 0
[Service] Resume execution - Task 2
[Service] Resume checkpoint: 0
[Service] Resume progress: 0%
[COMM Resume] Checkpoint: 0
[COMM Resume] Invalid checkpoint: 0
[TEST] COMM checkpoint: 0
[Sensor] 30.75
[Service] Resume execution - Task 2
[Service] Resume checkpoint: 0
[Service] Resume progress: 0%
[COMM Resume] Checkpoint: 0
[COMM Resume] Invalid checkpoint: 0
[TEST] COMM checkpoint: 0
[Sensor Buffer] Stored: 30.75
[Service] Task 0 completed
[Service] Resume execution - Task 2
[Service] Resume checkpoint: 0
[Service] Resume progress: 0%
[COMM Resume] Checkpoint: 0
[COMM Resume] Invalid checkpoint: 0
[TEST] COMM checkpoint: 0
[Service] Resume execution - Task 2
[Service] Resume checkpoint: 0
[Service] Resume progress: 0%
[COMM Resume] Checkpoint: 0
[COMM Resume] Invalid checkpoint: 0
[TEST] COMM checkpoint: 0
[Service] Resume execution - Task 2
[Service] Resume checkpoint: 0
[Service] Resume progress: 0%
[COMM Resume] Checkpoint: 0
[COMM Resume] Invalid checkpoint: 0
[TEST] COMM checkpoint: 0
RPT,143125,0,UNSET,ENERGY,0,0
[Sensor] 30.75
[Service] Resume execution - Task 2
[Service] Resume checkpoint: 0
[Service] Resume progress: 0%
[COMM Resume] Checkpoint: 0
[COMM Resume] Invalid checkpoint: 0
[TEST] COMM checkpoint: 0
[Sensor Buffer] Stored: 30.75
[Service] Task 0 completed
[Service] Resume execution - Task 2
[Service] Resume checkpoint: 0
[Service] Resume progress: 0%
[COMM Resume] Checkpoint: 0
[COMM Resume] Invalid checkpoint: 0
[TEST] COMM checkpoint: 0
[Service] Resume execution - Task 2
[Service] Resume checkpoint: 0
[Service] Resume progress: 0%
[COMM Resume] Checkpoint: 0
[COMM Resume] Invalid checkpoint: 0
[TEST] COMM checkpoint: 0
[Service] Resume execution - Task 2
[Service] Resume checkpoint: 0
[Service] Resume progress: 0%
[COMM Resume] Checkpoint: 0
[COMM Resume] Invalid checkpoint: 0
[TEST] COMM checkpoint: 0
[Sensor] 30.75
[Service] Resume execution - Task 2
[Service] Resume checkpoint: 0
[Service] Resume progress: 0%
[COMM RX] Remote data (packet 180): ENERGY_TEST: 1112743
[COMM TX] ACK|180
[COMM BT] hasClient(): TRUE
[COMM BT] Bytes written: 8/8
[COMM Resume] Checkpoint: 0
[COMM Resume] Invalid checkpoint: 0
[TEST] COMM checkpoint: 0
[Sensor Buffer] Stored: 30.75
[Service] Task 0 completed
[Service] Resume execution - Task 2
[Service] Resume checkpoint: 0
[Service] Resume progress: 0%
[COMM Resume] Checkpoint: 0
[COMM Resume] Invalid checkpoint: 0
[TEST] COMM checkpoint: 0
[Service] Resume execution - Task 2
[Service] Resume checkpoint: 0
[Service] Resume progress: 0%
[COMM Resume] Checkpoint: 0
[COMM Resume] Invalid checkpoint: 0
[TEST] COMM checkpoint: 0
[Service] Resume execution - Task 2
[Service] Resume checkpoint: 0
[Service] Resume progress: 0%
[COMM Resume] Checkpoint: 0
[COMM Resume] Invalid checkpoint: 0
[TEST] COMM checkpoint: 0
RPT,145727,0,UNSET,ENERGY,0,0
[Sensor] 30.75
[Service] Resume execution - Task 2
[Service] Resume checkpoint: 0
[Service] Resume progress: 0%
[COMM Resume] Checkpoint: 0
[COMM Resume] Invalid checkpoint: 0
[TEST] COMM checkpoint: 0
[Sensor Buffer] Stored: 30.75
[Service] Task 0 completed
[Service] Resume execution - Task 2
[Service] Resume checkpoint: 0
[Service] Resume progress: 0%
[COMM Resume] Checkpoint: 0
[COMM Resume] Invalid checkpoint: 0
[TEST] COMM checkpoint: 0
[Service] Resume execution - Task 2
[Service] Resume checkpoint: 0
[Service] Resume progress: 0%
[COMM Resume] Checkpoint: 0
[COMM Resume] Invalid checkpoint: 0
[TEST] COMM checkpoint: 0
[Service] Resume execution - Task 2
[Service] Resume checkpoint: 0
[Service] Resume progress: 0%
[COMM Resume] Checkpoint: 0
[COMM Resume] Invalid checkpoint: 0
[TEST] COMM checkpoint: 0
[Sensor] 30.75
[Service] Resume execution - Task 2
[Service] Resume checkpoint: 0
[Service] Resume progress: 0%
[COMM Resume] Checkpoint: 0
[COMM Resume] Invalid checkpoint: 0
[TEST] COMM checkpoint: 0
[Sensor Buffer] Stored: 30.75
[Service] Task 0 completed
[Service] Resume execution - Task 2
[Service] Resume checkpoint: 0
[Service] Resume progress: 0%
[COMM Resume] Checkpoint: 0
[COMM Resume] Invalid checkpoint: 0
[TEST] COMM checkpoint: 0
[Service] Resume execution - Task 2
[Service] Resume checkpoint: 0
[Service] Resume progress: 0%
[COMM Resume] Checkpoint: 0
[COMM Resume] Invalid checkpoint: 0
[TEST] COMM checkpoint: 0
[Service] Resume execution - Task 2
[Service] Resume checkpoint: 0
[Service] Resume progress: 0%
[COMM Resume] Checkpoint: 0
[COMM Resume] Invalid checkpoint: 0
[FailureManager] Failure cleared

=================================
Scenario: NORMAL
=================================
RPT,148304,0,UNSET,ENERGY,0,0
[Sensor] 30.75
[Service] Resume execution - Task 2
[Service] Resume checkpoint: 0
[Service] Resume progress: 0%
[COMM Resume] Checkpoint: 0
[COMM Resume] Invalid checkpoint: 0
[Sensor Buffer] Stored: 30.75
[Service] Task 0 completed
[Service] Resume execution - Task 2
[Service] Resume checkpoint: 0
[Service] Resume progress: 0%
[COMM Resume] Checkpoint: 0
[COMM Resume] Invalid checkpoint: 0
[Service] Resume execution - Task 2
[Service] Resume checkpoint: 0
[Service] Resume progress: 0%
[COMM Resume] Checkpoint: 0
[COMM Resume] Invalid checkpoint: 0
[Service] Resume execution - Task 2
[Service] Resume checkpoint: 0
[Service] Resume progress: 0%
[COMM Resume] Checkpoint: 0
[COMM Resume] Invalid checkpoint: 0
[Sensor] 30.75
[Service] Resume execution - Task 2
[Service] Resume checkpoint: 0
[Service] Resume progress: 0%
[COMM RX] Remote data (packet 181): ENERGY_TEST: 1117853
[COMM TX] ACK|181
[COMM BT] hasClient(): TRUE
[COMM BT] Bytes written: 8/8
[COMM Resume] Checkpoint: 0
[COMM Resume] Invalid checkpoint: 0
[Sensor Buffer] Stored: 30.75
[Service] Task 0 completed
[Service] Resume execution - Task 2
[Service] Resume checkpoint: 0
[Service] Resume progress: 0%
[COMM Resume] Checkpoint: 0
[COMM Resume] Invalid checkpoint: 0
[Service] Resume execution - Task 2
[Service] Resume checkpoint: 0
[Service] Resume progress: 0%
[COMM Resume] Checkpoint: 0
[COMM Resume] Invalid checkpoint: 0
[Service] Resume execution - Task 2
[Service] Resume checkpoint: 0
[Service] Resume progress: 0%
[COMM Resume] Checkpoint: 0
[COMM Resume] Invalid checkpoint: 0
RPT,150907,0,UNSET,ENERGY,0,0
[Sensor] 30.75
[Service] Resume execution - Task 2
[Service] Resume checkpoint: 0
[Service] Resume progress: 0%
[COMM Resume] Checkpoint: 0
[COMM Resume] Invalid checkpoint: 0
[Sensor Buffer] Stored: 30.75
[Service] Task 0 completed
[Service] Resume execution - Task 2
[Service] Resume checkpoint: 0
[Service] Resume progress: 0%
[COMM Resume] Checkpoint: 0
[COMM Resume] Invalid checkpoint: 0
[Service] Resume execution - Task 2
[Service] Resume checkpoint: 0
[Service] Resume progress: 0%
[COMM Resume] Checkpoint: 0
[COMM Resume] Invalid checkpoint: 0
[Service] Resume execution - Task 2
[Service] Resume checkpoint: 0
[Service] Resume progress: 0%
[COMM Resume] Checkpoint: 0
[COMM Resume] Invalid checkpoint: 0
[Sensor] 30.75
[Service] Resume execution - Task 2
[Service] Resume checkpoint: 0
[Service] Resume progress: 0%
[COMM Resume] Checkpoint: 0
[COMM Resume] Invalid checkpoint: 0
[Sensor Buffer] Stored: 30.75
[Service] Task 0 completed
[Service] Resume execution - Task 2
[Service] Resume checkpoint: 0
[Service] Resume progress: 0%
[COMM Resume] Checkpoint: 0
[COMM Resume] Invalid checkpoint: 0
[Service] Resume execution - Task 2
[Service] Resume checkpoint: 0
[Service] Resume progress: 0%
[COMM Resume] Checkpoint: 0
[COMM Resume] Invalid checkpoint: 0
[Service] Resume execution - Task 2
[Service] Resume checkpoint: 0
[Service] Resume progress: 0%
[COMM Resume] Checkpoint: 0
[COMM Resume] Invalid checkpoint: 0
RPT,153409,0,UNSET,ENERGY,0,0
[Sensor] 30.69
[Service] Resume execution - Task 2
[Service] Resume checkpoint: 0
[Service] Resume progress: 0%
[COMM Resume] Checkpoint: 0
[COMM Resume] Invalid checkpoint: 0
[Sensor Buffer] Stored: 30.69
[Service] Task 0 completed
[Service] Resume execution - Task 2
[Service] Resume checkpoint: 0
[Service] Resume progress: 0%
[COMM Resume] Checkpoint: 0
[COMM Resume] Invalid checkpoint: 0
[Service] Resume execution - Task 2
[Service] Resume checkpoint: 0
[Service] Resume progress: 0%
[COMM Resume] Checkpoint: 0
[COMM Resume] Invalid checkpoint: 0
[Service] Resume execution - Task 2
[Service] Resume checkpoint: 0
[Service] Resume progress: 0%
[COMM Resume] Checkpoint: 0
[COMM Resume] Invalid checkpoint: 0
[Sensor] 30.75
[Service] Resume execution - Task 2
[Service] Resume checkpoint: 0
[Service] Resume progress: 0%
[COMM RX] Remote data (packet 182): ENERGY_TEST: 1123003
[COMM TX] ACK|182
[COMM BT] hasClient(): TRUE
[COMM BT] Bytes written: 8/8
[COMM Resume] Checkpoint: 0
[COMM Resume] Invalid checkpoint: 0
[Sensor Buffer] Stored: 30.75
[Service] Task 0 completed
[Service] Resume execution - Task 2
[Service] Resume checkpoint: 0
[Service] Resume progress: 0%
[COMM Resume] Checkpoint: 0
[COMM Resume] Invalid checkpoint: 0
[Service] Resume execution - Task 2
[Service] Resume checkpoint: 0
[Service] Resume progress: 0%
[COMM Resume] Checkpoint: 0
[COMM Resume] Invalid checkpoint: 0
[Service] Resume execution - Task 2
[Service] Resume checkpoint: 0
[Service] Resume progress: 0%
[COMM Resume] Checkpoint: 0
[COMM Resume] Invalid checkpoint: 0
RPT,156011,0,UNSET,ENERGY,0,0
[Sensor] 30.75
[Service] Resume execution - Task 2
[Service] Resume checkpoint: 0
[Service] Resume progress: 0%
[COMM Resume] Checkpoint: 0
[COMM Resume] Invalid checkpoint: 0
[Sensor Buffer] Stored: 30.75
[Service] Task 0 completed
[Service] Resume execution - Task 2
[Service] Resume checkpoint: 0
[Service] Resume progress: 0%
[COMM Resume] Checkpoint: 0
[COMM Resume] Invalid checkpoint: 0
[Service] Resume execution - Task 2
[Service] Resume checkpoint: 0
[Service] Resume progress: 0%
[COMM Resume] Checkpoint: 0
[COMM Resume] Invalid checkpoint: 0
[Service] Resume execution - Task 2
[Service] Resume checkpoint: 0
[Service] Resume progress: 0%
[COMM Resume] Checkpoint: 0
[COMM Resume] Invalid checkpoint: 0
[Sensor] 30.75
[Service] Resume execution - Task 2
[Service] Resume checkpoint: 0
[Service] Resume progress: 0%
[COMM Resume] Checkpoint: 0
[COMM Resume] Invalid checkpoint: 0
[Sensor Buffer] Stored: 30.75
[Service] Task 0 completed
[Service] Resume execution - Task 2
[Service] Resume checkpoint: 0
[Service] Resume progress: 0%
[COMM Resume] Checkpoint: 0
[COMM Resume] Invalid checkpoint: 0
[Service] Resume execution - Task 2
[Service] Resume checkpoint: 0
[Service] Resume progress: 0%
[COMM Resume] Checkpoint: 0
[COMM Resume] Invalid checkpoint: 0
[Service] Resume execution - Task 2
[Service] Resume checkpoint: 0
[Service] Resume progress: 0%
[COMM Resume] Checkpoint: 0
[COMM Resume] Invalid checkpoint: 0
RPT,158513,0,UNSET,ENERGY,0,0
[Sensor] 30.75
[Service] Resume execution - Task 2
[Service] Resume checkpoint: 0
[Service] Resume progress: 0%
[COMM Resume] Checkpoint: 0
[COMM Resume] Invalid checkpoint: 0
[Sensor Buffer] Stored: 30.75
[Service] Task 0 completed
[Service] Resume execution - Task 2
[Service] Resume checkpoint: 0
[Service] Resume progress: 0%
[COMM Resume] Checkpoint: 0
[COMM Resume] Invalid checkpoint: 0
[Service] Resume execution - Task 2
[Service] Resume checkpoint: 0
[Service] Resume progress: 0%
[COMM Resume] Checkpoint: 0
[COMM Resume] Invalid checkpoint: 0
[Service] Resume execution - Task 2
[Service] Resume checkpoint: 0
[Service] Resume progress: 0%
[COMM Resume] Checkpoint: 0
[COMM Resume] Invalid checkpoint: 0
[Sensor] 30.75
[Service] Resume execution - Task 2
[Service] Resume checkpoint: 0
[Service] Resume progress: 0%
[COMM RX] Remote data (packet 183): ENERGY_TEST: 1128113
[COMM TX] ACK|183
[COMM BT] hasClient(): TRUE
[COMM BT] Bytes written: 8/8
[COMM Resume] Checkpoint: 0
[COMM Resume] Invalid checkpoint: 0
[Sensor Buffer] Stored: 30.75
[Service] Task 0 completed
[Service] Resume execution - Task 2
[Service] Resume checkpoint: 0
[Service] Resume progress: 0%
[COMM Resume] Checkpoint: 0
[COMM Resume] Invalid checkpoint: 0
[Service] Resume execution - Task 2
[Service] Resume checkpoint: 0
[Service] Resume progress: 0%
[COMM Resume] Checkpoint: 0
[COMM Resume] Invalid checkpoint: 0
[Service] Resume execution - Task 2
[Service] Resume checkpoint: 0
[Service] Resume progress: 0%
[COMM Resume] Checkpoint: 0
[COMM Resume] Invalid checkpoint: 0
RPT,161115,0,UNSET,ENERGY,0,0
[Sensor] 30.75
[Service] Resume execution - Task 2
[Service] Resume checkpoint: 0
[Service] Resume progress: 0%
[COMM Resume] Checkpoint: 0
[COMM Resume] Invalid checkpoint: 0
[Sensor Buffer] Stored: 30.75
[Service] Task 0 completed
[Service] Resume execution - Task 2
[Service] Resume checkpoint: 0
[Service] Resume progress: 0%
[COMM Resume] Checkpoint: 0
[COMM Resume] Invalid checkpoint: 0
[Service] Resume execution - Task 2
[Service] Resume checkpoint: 0
[Service] Resume progress: 0%
[COMM Resume] Checkpoint: 0
[COMM Resume] Invalid checkpoint: 0
[Service] Resume execution - Task 2
[Service] Resume checkpoint: 0
[Service] Resume progress: 0%
[COMM Resume] Checkpoint: 0
[COMM Resume] Invalid checkpoint: 0
[Sensor] 30.75
[Service] Resume execution - Task 2
[Service] Resume checkpoint: 0
[Service] Resume progress: 0%
[COMM Resume] Checkpoint: 0
[COMM Resume] Invalid checkpoint: 0
[Sensor Buffer] Stored: 30.75
[Service] Task 0 completed
[Service] Resume execution - Task 2
[Service] Resume checkpoint: 0
[Service] Resume progress: 0%
[COMM Resume] Checkpoint: 0
[COMM Resume] Invalid checkpoint: 0
[Service] Resume execution - Task 2
[Service] Resume checkpoint: 0
[Service] Resume progress: 0%
[COMM Resume] Checkpoint: 0
[COMM Resume] Invalid checkpoint: 0
[Service] Resume execution - Task 2
[Service] Resume checkpoint: 0
[Service] Resume progress: 0%
[COMM Resume] Checkpoint: 0
[COMM Resume] Invalid checkpoint: 0
RPT,163617,0,UNSET,ENERGY,0,0
[Sensor] 30.81
[Service] Resume execution - Task 2
[Service] Resume checkpoint: 0
[Service] Resume progress: 0%
[COMM Resume] Checkpoint: 0
[COMM Resume] Invalid checkpoint: 0
[Sensor Buffer] Stored: 30.81
[Service] Task 0 completed
[Service] Resume execution - Task 2
[Service] Resume checkpoint: 0
[Service] Resume progress: 0%
[COMM Resume] Checkpoint: 0
[COMM Resume] Invalid checkpoint: 0
[Service] Resume execution - Task 2
[Service] Resume checkpoint: 0
[Service] Resume progress: 0%
[COMM Resume] Checkpoint: 0
[COMM Resume] Invalid checkpoint: 0
[Service] Resume execution - Task 2
[Service] Resume checkpoint: 0
[Service] Resume progress: 0%
[COMM Resume] Checkpoint: 0
[COMM Resume] Invalid checkpoint: 0
[Sensor] 30.75
[Service] Resume execution - Task 2
[Service] Resume checkpoint: 0
[Service] Resume progress: 0%
[COMM RX] Remote data (packet 184): ENERGY_TEST: 1133223
[COMM TX] ACK|184
[COMM BT] hasClient(): TRUE
[COMM BT] Bytes written: 8/8
[COMM Resume] Checkpoint: 0
[COMM Resume] Invalid checkpoint: 0
[Sensor Buffer] Stored: 30.75
[Service] Task 0 completed
[Service] Resume execution - Task 2
[Service] Resume checkpoint: 0
[Service] Resume progress: 0%
[COMM Resume] Checkpoint: 0
[COMM Resume] Invalid checkpoint: 0
[Service] Resume execution - Task 2
[Service] Resume checkpoint: 0
[Service] Resume progress: 0%
[COMM Resume] Checkpoint: 0
[COMM Resume] Invalid checkpoint: 0
[Service] Resume execution - Task 2
[Service] Resume checkpoint: 0
[Service] Resume progress: 0%
[COMM Resume] Checkpoint: 0
[COMM Resume] Invalid checkpoint: 0
RPT,166219,0,UNSET,ENERGY,0,0
[Sensor] 30.75
[Service] Resume execution - Task 2
[Service] Resume checkpoint: 0
[Service] Resume progress: 0%
[COMM Resume] Checkpoint: 0
[COMM Resume] Invalid checkpoint: 0
[Sensor Buffer] Stored: 30.75
[Service] Task 0 completed
[Service] Resume execution - Task 2
[Service] Resume checkpoint: 0
[Service] Resume progress: 0%
[COMM Resume] Checkpoint: 0
[COMM Resume] Invalid checkpoint: 0
[Service] Resume execution - Task 2
[Service] Resume checkpoint: 0
[Service] Resume progress: 0%
[COMM Resume] Checkpoint: 0
[COMM Resume] Invalid checkpoint: 0
[Service] Resume execution - Task 2
[Service] Resume checkpoint: 0
[Service] Resume progress: 0%
[COMM Resume] Checkpoint: 0
[COMM Resume] Invalid checkpoint: 0
[Sensor] 30.75
[Service] Resume execution - Task 2
[Service] Resume checkpoint: 0
[Service] Resume progress: 0%
[COMM Resume] Checkpoint: 0
[COMM Resume] Invalid checkpoint: 0
[Sensor Buffer] Stored: 30.75
[Service] Task 0 completed
[Service] Resume execution - Task 2
[Service] Resume checkpoint: 0
[Service] Resume progress: 0%
[COMM Resume] Checkpoint: 0
[COMM Resume] Invalid checkpoint: 0
[Service] Resume execution - Task 2
[Service] Resume checkpoint: 0
[Service] Resume progress: 0%
[COMM Resume] Checkpoint: 0
[COMM Resume] Invalid checkpoint: 0
[Service] Resume execution - Task 2
[Service] Resume checkpoint: 0
[Service] Resume progress: 0%
[COMM Resume] Checkpoint: 0
[COMM Resume] Invalid checkpoint: 0
RPT,168721,0,UNSET,ENERGY,0,0
[Sensor] 30.75
[Service] Resume execution - Task 2
[Service] Resume checkpoint: 0
[Service] Resume progress: 0%
[COMM Resume] Checkpoint: 0
[COMM Resume] Invalid checkpoint: 0
[Sensor Buffer] Stored: 30.75
[Service] Task 0 completed
[Service] Resume execution - Task 2
[Service] Resume checkpoint: 0
[Service] Resume progress: 0%
[COMM Resume] Checkpoint: 0
[COMM Resume] Invalid checkpoint: 0
ets Jul 29 2019 12:21:46

rst:0x1 (POWERON_RESET),boot:0x17 (SPI_FAST_FLASH_BOOT)
configsip: 0, SPIWP:0xee
clk_drv:0x00,q_drv:0x00,d_drv:0x00,cs0_drv:0x00,hd_drv:0x00,wp_drv:0x00
mode:DIO, clock div:1
load:0x3fff0030,len:1184
load:0x40078000,len:13220
ho 0 tail 12 room 4
load:0x40080400,len:3028
entry 0x400805e4

=================================
  PERSISTENT OS - REPORT BUILD
=================================

RPT,millis,scenario_id,scenario_name,event,packetId,value

[REPORT] =================================
[REPORT] Tagueo de escenario (paper, Sección 4)
[REPORT] =================================
[REPORT] a -> 1. NORMAL
[REPORT] b -> 2. REMOTE_OFF
[REPORT] c -> 3. ACK_DELAYED
[REPORT] d -> 4. CUT_WAIT_ACK
[REPORT] e -> 5. CUT_BEFORE_SEND
[REPORT] f -> 6. CUT_AFTER_CREATE
[REPORT] g -> 7. CUT_RECEIVER_ACK_LOST
[REPORT] h -> mostrar este menú
[REPORT] =================================

[SIM] Simulation manager initialized
[ALARM] Manager initialized
[FRAM] Hardware detected
[BOOT] Persistent memory available
[BOOT] Previous state recovered
[BOOT] Count: 121
[BOOT] Recovery: YES
[ResumeManager] Recovery mode: ENABLED
[COMM] Initializing Bluetooth...
[COMM] Bluetooth begin attempt #1
[COMM] Bluetooth initialized
[COMM] Device name: PersistentOS1
[COMM] Searching for PersistentOS2...
[COMM] Bluetooth connect attempt #1
[ 23320][E][BluetoothSerial.cpp:378] esp_spp_cb(): ESP_SPP_DISCOVERY_COMP_EVT failed!, status:1
[COMM] Connection to remote node failed, retrying...
[COMM] Bluetooth connect attempt #2
[COMM] Connected to PersistentOS2
[COMM] Bluetooth selected
[SYSTEM] Communication manager ready

[ENERGY] Manager initialized
[ENERGY] Level: 100.00% | State: NORMAL
[PREDICTION] Manager initialized
[BEHAVIOR] Manager initialized

=================================
Scenario: NORMAL
=================================

[SYSTEM] Sensor service ready
[SYSTEM] Communication service ready
[SYSTEM] Failure manager ready
[SYSTEM] Energy manager ready

[SYSTEM] =================================
[SYSTEM] RECOVERY BOOT DETECTED
[SYSTEM] =================================
[SYSTEM] Task 0 checkpoint: 9 | progress: 100% | completed: YES
[SYSTEM] Task 1 checkpoint: 0 | progress: 0% | completed: NO
[SYSTEM] Task 2 checkpoint: 0 | progress: 0% | completed: NO
[SYSTEM] Task 3 checkpoint: 0 | progress: 0% | completed: NO
[SYSTEM] Task 4 checkpoint: 0 | progress: 0% | completed: NO
[SYSTEM] Task 5 checkpoint: 0 | progress: 0% | completed: NO
[SYSTEM] Task 6 checkpoint: 0 | progress: 0% | completed: NO
[SYSTEM] Task 7 checkpoint: 0 | progress: 0% | completed: NO
[SYSTEM] Task 8 checkpoint: 0 | progress: 0% | completed: NO
[SYSTEM] Task 9 checkpoint: 0 | progress: 0% | completed: NO
[SYSTEM] =================================

RPT,36612,0,UNSET,BOOT_RECOVERY,0,0
[COMM BT] CLIENT CONNECTED
RPT,36688,0,UNSET,BT_CONNECTED,0,0
[COMM] Starting packet creation
RPT,36764,0,UNSET,ENERGY,0,10000
RPT,37446,0,UNSET,CREATE,4920,0
[COMM] Packet created ID: 4920
[COMM] Payload: TEMP: 30.75
[COMM] CREATE completed
[Sensor] 30.56
[COMM] Preparing packet ID: 4916
[COMM] PREPARE completed
[Sensor Buffer] Stored: 30.56
[Service] Task 0 completed
[COMM BT] Sending: DATA|4916|TEMP: 30.75
[COMM BT] hasClient(): TRUE
[COMM BT] Bytes written: 22/22
RPT,38050,0,UNSET,SEND,4916,1
[COMM] SEND completed
[COMM] ACK received for packet ID: 4916
[COMM] ACK received
[COMM RX] Remote data (packet 185): ENERGY_TEST: 1177533
[COMM TX] ACK|185
[COMM BT] hasClient(): TRUE
[COMM BT] Bytes written: 8/8
RPT,39159,0,UNSET,CONFIRM,4916,1
RPT,39159,0,UNSET,RECOVERY_LATENCY_MS,4916,2547
[COMM] Packet confirmed: 4916
[Service] Task 2 completed
RPT,39245,0,UNSET,ENERGY,0,9000
[Sensor] 30.62
[COMM] Starting packet creation
[Sensor Buffer] Stored: 30.62
[Service] Task 0 completed
RPT,39671,0,UNSET,CREATE,4921,0
[COMM] Packet created ID: 4921
[COMM] Payload: TEMP: 30.62
[COMM] CREATE completed
[COMM] Preparing packet ID: 4917
[COMM] PREPARE completed
[COMM BT] Sending: DATA|4917|TEMP: 30.69
[COMM BT] hasClient(): TRUE
[COMM BT] Bytes written: 22/22
RPT,40791,0,UNSET,SEND,4917,1
[COMM] SEND completed
[Sensor] 30.69
[COMM] ACK received for packet ID: 4917
[COMM] ACK received
[Sensor Buffer] Stored: 30.69
[Service] Task 0 completed
RPT,41292,0,UNSET,CONFIRM,4917,1
[COMM] Packet confirmed: 4917
[Service] Task 2 completed
RPT,41368,0,UNSET,ENERGY,0,8500
[COMM] Starting packet creation
RPT,42300,0,UNSET,CREATE,4922,0
[COMM] Packet created ID: 4922
[COMM] Payload: TEMP: 30.69
[COMM] CREATE completed
[Sensor] 30.69
[COMM] Preparing packet ID: 4918
[COMM] PREPARE completed
[Sensor Buffer] Stored: 30.69
[Service] Task 0 completed
[COMM BT] Sending: DATA|4918|TEMP: 30.75
[COMM BT] hasClient(): TRUE
[COMM BT] Bytes written: 22/22
RPT,42904,0,UNSET,SEND,4918,1
[COMM] SEND completed
[COMM] ACK received for packet ID: 4918
[COMM] ACK received
RPT,43912,0,UNSET,CONFIRM,4918,1
[COMM] Packet confirmed: 4918
[Service] Task 2 completed
RPT,43988,0,UNSET,ENERGY,0,7500
[Sensor] 30.69
[COMM RX] Remote data (packet 186): ENERGY_TEST: 1182673
[COMM TX] ACK|186
[COMM BT] hasClient(): TRUE
[COMM BT] Bytes written: 8/8
[COMM] Starting packet creation
[Sensor Buffer] Stored: 30.69
[Service] Task 0 completed
RPT,44515,0,UNSET,CREATE,4923,0
[COMM] Packet created ID: 4923
[COMM] Payload: TEMP: 30.69
[COMM] CREATE completed
[COMM] Preparing packet ID: 4919
[COMM] PREPARE completed
[COMM BT] Sending: DATA|4919|TEMP: 30.75
[COMM BT] hasClient(): TRUE
[COMM BT] Bytes written: 22/22
RPT,45635,0,UNSET,SEND,4919,1
[COMM] SEND completed
[Sensor] 30.62
[COMM] ACK received for packet ID: 4919
[COMM] ACK received
[Sensor Buffer] Stored: 30.62
[Service] Task 0 completed
RPT,46136,0,UNSET,CONFIRM,4919,1
[COMM] Packet confirmed: 4919
[Service] Task 2 completed
RPT,46212,0,UNSET,ENERGY,0,7000
[COMM] Starting packet creation
RPT,47144,0,UNSET,CREATE,4924,0
[COMM] Packet created ID: 4924
[COMM] Payload: TEMP: 30.62
[COMM] CREATE completed
[Sensor] 30.69
[COMM] Preparing packet ID: 4920
[COMM] PREPARE completed
[Sensor Buffer] Stored: 30.69
[Service] Task 0 completed
[COMM BT] Sending: DATA|4920|TEMP: 30.75
[COMM BT] hasClient(): TRUE
[COMM BT] Bytes written: 22/22
RPT,47748,0,UNSET,SEND,4920,1
[COMM] SEND completed
[COMM] ACK received for packet ID: 4920
[COMM] ACK received
RPT,48756,0,UNSET,CONFIRM,4920,1
[COMM] Packet confirmed: 4920
[Service] Task 2 completed
RPT,48832,0,UNSET,ENERGY,0,6000
[Sensor] 30.69
[COMM] Starting packet creation
[Sensor Buffer] Stored: 30.69
[Service] Task 0 completed
[COMM RX] Remote data (packet 187): ENERGY_TEST: 1187783
[COMM TX] ACK|187
[COMM BT] hasClient(): TRUE
[COMM BT] Bytes written: 8/8
RPT,49360,0,UNSET,CREATE,4925,0
[COMM] Packet created ID: 4925
[COMM] Payload: TEMP: 30.69
[COMM] CREATE completed
[COMM] Preparing packet ID: 4921
[COMM] PREPARE completed
[COMM BT] Sending: DATA|4921|TEMP: 30.62
[COMM BT] hasClient(): TRUE
[COMM BT] Bytes written: 22/22
RPT,50480,0,UNSET,SEND,4921,1
[COMM] SEND completed
[Sensor] 30.62
[COMM] ACK received for packet ID: 4921
[COMM] ACK received
[Sensor Buffer] Stored: 30.62
[Service] Task 0 completed
RPT,50981,0,UNSET,CONFIRM,4921,1
[COMM] Packet confirmed: 4921
[Service] Task 2 completed
RPT,51057,0,UNSET,ENERGY,0,5500
[COMM] Starting packet creation
RPT,51989,0,UNSET,CREATE,4926,0
[COMM] Packet created ID: 4926
[COMM] Payload: TEMP: 30.62
[COMM] CREATE completed
[Sensor] 30.69
[COMM] Preparing packet ID: 4922
[COMM] PREPARE completed
[Sensor Buffer] Stored: 30.69
[Service] Task 0 completed
[COMM BT] Sending: DATA|4922|TEMP: 30.69
[COMM BT] hasClient(): TRUE
[COMM BT] Bytes written: 22/22
RPT,52593,0,UNSET,SEND,4922,1
[COMM] SEND completed
[COMM] ACK received for packet ID: 4922
[COMM] ACK received
RPT,53601,0,UNSET,CONFIRM,4922,1
[COMM] Packet confirmed: 4922
[Service] Task 2 completed
RPT,53677,0,UNSET,ENERGY,0,4500
[Sensor] 30.69
[COMM] Starting packet creation
[Sensor Buffer] Stored: 30.69
[Service] Task 0 completed
RPT,54104,0,UNSET,CREATE,4927,0
[COMM] Packet created ID: 4927
[COMM] Payload: TEMP: 30.69
[COMM] CREATE completed
[COMM RX] Remote data (packet 188): ENERGY_TEST: 1192893
[COMM TX] ACK|188
[COMM BT] hasClient(): TRUE
[COMM BT] Bytes written: 8/8
[COMM] Preparing packet ID: 4923
[COMM] PREPARE completed
[COMM BT] Sending: DATA|4923|TEMP: 30.69
[COMM BT] hasClient(): TRUE
[COMM BT] Bytes written: 22/22
RPT,55325,0,UNSET,SEND,4923,1
[COMM] SEND completed
[Sensor] 30.69
[COMM] ACK received for packet ID: 4923
[COMM] ACK received
[Sensor Buffer] Stored: 30.69
[Service] Task 0 completed
RPT,55826,0,UNSET,CONFIRM,4923,1
[COMM] Packet confirmed: 4923
[Service] Task 2 completed
RPT,55902,0,UNSET,ENERGY,0,4000
[COMM] Starting packet creation
RPT,56834,0,UNSET,CREATE,4928,0
[COMM] Packet created ID: 4928
[COMM] Payload: TEMP: 30.69
[COMM] CREATE completed
[Sensor] 30.69
[COMM] Preparing packet ID: 4924
[COMM] PREPARE completed
[Sensor Buffer] Stored: 30.69
[Service] Task 0 completed
[COMM BT] Sending: DATA|4924|TEMP: 30.62
[COMM BT] hasClient(): TRUE
[COMM BT] Bytes written: 22/22
RPT,57438,0,UNSET,SEND,4924,1
[COMM] SEND completed
[COMM] ACK received for packet ID: 4924
[COMM] ACK received
RPT,58446,0,UNSET,CONFIRM,4924,1
[COMM] Packet confirmed: 4924
[Service] Task 2 completed
[ENERGY] Level: 30.00% | State: LOW
[ALERT] Energy level LOW
RPT,58522,0,UNSET,ENERGY,0,3000
[Sensor] 30.69
[COMM] Starting packet creation
[Sensor Buffer] Stored: 30.69
[Service] Task 0 completed
RPT,58949,0,UNSET,CREATE,4929,0
[COMM] Packet created ID: 4929
[COMM] Payload: TEMP: 30.69
[COMM] CREATE completed
[COMM] Preparing packet ID: 4925
[COMM] PREPARE completed
[COMM RX] Remote data (packet 189): ENERGY_TEST: 1198003
[COMM TX] ACK|189
[COMM BT] hasClient(): TRUE
[COMM BT] Bytes written: 8/8
[COMM BT] Sending: DATA|4925|TEMP: 30.69
[COMM BT] hasClient(): TRUE
[COMM BT] Bytes written: 22/22
RPT,60169,0,UNSET,SEND,4925,1
[COMM] SEND completed
[ALERT] Energy level LOW
[Sensor] 30.69
[COMM] ACK received for packet ID: 4925
[COMM] ACK received
[Sensor Buffer] Stored: 30.69
[Service] Task 0 completed
RPT,60670,0,UNSET,CONFIRM,4925,1
[COMM] Packet confirmed: 4925
[Service] Task 2 completed
RPT,60746,0,UNSET,ENERGY,0,2500
[COMM] Starting packet creation
RPT,61678,0,UNSET,CREATE,4930,0
[COMM] Packet created ID: 4930
[COMM] Payload: TEMP: 30.69
[COMM] CREATE completed
[ALERT] Energy level LOW
[Sensor] 30.69
[COMM] Preparing packet ID: 4926
[COMM] PREPARE completed
[Sensor Buffer] Stored: 30.69
[Service] Task 0 completed
[COMM BT] Sending: DATA|4926|TEMP: 30.62
[COMM BT] hasClient(): TRUE
[COMM BT] Bytes written: 22/22
RPT,62282,0,UNSET,SEND,4926,1
[COMM] SEND completed
[COMM] ACK received for packet ID: 4926
[COMM] ACK received
RPT,63290,0,UNSET,CONFIRM,4926,1
[COMM] Packet confirmed: 4926
[Service] Task 2 completed
[ALERT] Energy level LOW
RPT,63366,0,UNSET,ENERGY,0,1500
[Sensor] 30.69
[COMM] Starting packet creation
[Sensor Buffer] Stored: 30.69
[Service] Task 0 completed
RPT,63793,0,UNSET,CREATE,4931,0
[COMM] Packet created ID: 4931
[COMM] Payload: TEMP: 30.69
[COMM] CREATE completed
[COMM] Preparing packet ID: 4927
[COMM] PREPARE completed
[COMM BT] Sending: DATA|4927|TEMP: 30.69
[COMM BT] hasClient(): TRUE
[COMM BT] Bytes written: 22/22
RPT,64913,0,UNSET,SEND,4927,1
[COMM] SEND completed
[ENERGY] Level: 10.00% | State: CRITICAL
[ALERT] Energy level CRITICAL
[Sensor] 30.69
[COMM] ACK received for packet ID: 4927
[COMM RX] Remote data (packet 190): ENERGY_TEST: 1203583
[COMM TX] ACK|190
[COMM BT] hasClient(): TRUE
[COMM BT] Bytes written: 8/8
[COMM] ACK received
[Sensor Buffer] Stored: 30.69
[Service] Task 0 completed
RPT,65525,0,UNSET,CONFIRM,4927,1
[COMM] Packet confirmed: 4927
[Service] Task 2 completed
RPT,65601,0,UNSET,ENERGY,0,1000
[COMM] Starting packet creation
RPT,66533,0,UNSET,CREATE,4932,0
[COMM] Packet created ID: 4932
[COMM] Payload: TEMP: 30.69
[COMM] CREATE completed
[ALERT] Energy level CRITICAL
[Sensor] 30.69
[COMM] Preparing packet ID: 4928
[COMM] PREPARE completed
[Sensor Buffer] Stored: 30.69
[Service] Task 0 completed
[COMM BT] Sending: DATA|4928|TEMP: 30.69
[COMM BT] hasClient(): TRUE
[COMM BT] Bytes written: 22/22
RPT,67137,0,UNSET,SEND,4928,1
[COMM] SEND completed
[COMM] ACK received for packet ID: 4928
[COMM] ACK received
RPT,68145,0,UNSET,CONFIRM,4928,1
[COMM] Packet confirmed: 4928
[Service] Task 2 completed
[ENERGY] Level: 0.00% | State: OFF
[ALERT] Energy depleted
[ENERGY] ESP32 simulated OFF
[ENERGY] Shutdown simulation active
[ENERGY] System remains running for test
RPT,68232,0,UNSET,ENERGY,0,0
[Sensor] 30.62
[COMM] Starting packet creation
[Sensor Buffer] Stored: 30.62
[Service] Task 0 completed
RPT,68658,0,UNSET,CREATE,4933,0
[COMM] Packet created ID: 4933
[COMM] Payload: TEMP: 30.62
[COMM] CREATE completed
[COMM] Preparing packet ID: 4929
[COMM] PREPARE completed
[COMM BT] Sending: DATA|4929|TEMP: 30.69
[COMM BT] hasClient(): TRUE
[COMM BT] Bytes written: 22/22
RPT,69779,0,UNSET,SEND,4929,1
[COMM] SEND completed
[Sensor] 30.62
[COMM] ACK received for packet ID: 4929
[COMM] ACK received
[Sensor Buffer] Stored: 30.62
[Service] Task 0 completed
[COMM RX] Remote data (packet 191): ENERGY_TEST: 1208793
[COMM TX] ACK|191
[COMM BT] hasClient(): TRUE
[COMM BT] Bytes written: 8/8
RPT,70381,0,UNSET,CONFIRM,4929,1
[COMM] Packet confirmed: 4929
[Service] Task 2 completed
RPT,70456,0,UNSET,ENERGY,0,0
[COMM] Starting packet creation
RPT,71389,0,UNSET,CREATE,4934,0
[COMM] Packet created ID: 4934
[COMM] Payload: TEMP: 30.62
[COMM] CREATE completed
[Sensor] 30.69
[COMM] Preparing packet ID: 4930
[COMM] PREPARE completed
[Sensor Buffer] Stored: 30.69
[Service] Task 0 completed
[COMM BT] Sending: DATA|4930|TEMP: 30.69
[COMM BT] hasClient(): TRUE
[COMM BT] Bytes written: 22/22
RPT,71993,0,UNSET,SEND,4930,1
[COMM] SEND completed
[COMM] ACK received for packet ID: 4930
[COMM] ACK received
RPT,73001,0,UNSET,CONFIRM,4930,1
[COMM] Packet confirmed: 4930
[Service] Task 2 completed
RPT,73077,0,UNSET,ENERGY,0,0
[Sensor] 30.62
[COMM] Starting packet creation
[Sensor Buffer] Stored: 30.62
[Service] Task 0 completed
RPT,73504,0,UNSET,CREATE,4935,0
[COMM] Packet created ID: 4935
[COMM] Payload: TEMP: 30.62
[COMM] CREATE completed
[COMM] Preparing packet ID: 4931
[COMM] PREPARE completed
[COMM BT] Sending: DATA|4931|TEMP: 30.69
[COMM BT] hasClient(): TRUE
[COMM BT] Bytes written: 22/22
RPT,74624,0,UNSET,SEND,4931,1
[COMM] SEND completed
[Sensor] 30.62
[COMM] ACK received for packet ID: 4931
[COMM] ACK received
[Sensor Buffer] Stored: 30.62
[Service] Task 0 completed
RPT,75125,0,UNSET,CONFIRM,4931,1
[COMM] Packet confirmed: 4931
[Service] Task 2 completed
RPT,75201,0,UNSET,ENERGY,0,0
[COMM RX] Remote data (packet 192): ENERGY_TEST: 1213903
[COMM TX] ACK|192
[COMM BT] hasClient(): TRUE
[COMM BT] Bytes written: 8/8
[COMM] Starting packet creation
RPT,76233,0,UNSET,CREATE,4936,0
[COMM] Packet created ID: 4936
[COMM] Payload: TEMP: 30.62
[COMM] CREATE completed
[Sensor] 30.62
[COMM] Preparing packet ID: 4932
[COMM] PREPARE completed
[Sensor Buffer] Stored: 30.62
[Service] Task 0 completed
[COMM BT] Sending: DATA|4932|TEMP: 30.69
[COMM BT] hasClient(): TRUE
[COMM BT] Bytes written: 22/22
RPT,76837,0,UNSET,SEND,4932,1
[COMM] SEND completed
[COMM] ACK received for packet ID: 4932
[COMM] ACK received
RPT,77845,0,UNSET,CONFIRM,4932,1
[COMM] Packet confirmed: 4932
[Service] Task 2 completed
RPT,77921,0,UNSET,ENERGY,0,0
[Sensor] 30.69
[COMM] Starting packet creation
[Sensor Buffer] Stored: 30.69
[Service] Task 0 completed
RPT,78348,0,UNSET,CREATE,4937,0
[COMM] Packet created ID: 4937
[COMM] Payload: TEMP: 30.69
[COMM] CREATE completed
[COMM] Preparing packet ID: 4933
[COMM] PREPARE completed
ets Jul 29 2019 12:21:46

rst:0x1 (POWERON_RESET),boot:0x17 (SPI_FAST_FLASH_BOOT)
configsip: 0, SPIWP:0xee
clk_drv:0x00,q_drv:0x00,d_drv:0x00,cs0_drv:0x00,hd_drv:0x00,wp_drv:0x00
mode:DIO, clock div:1
load:0x3fff0030,len:1184
load:0x40078000,len:13220
ho 0 tail 12 room 4
load:0x40080400,len:3028
entry 0x400805e4

=================================
  PERSISTENT OS - REPORT BUILD
=================================

RPT,millis,scenario_id,scenario_name,event,packetId,value

[REPORT] =================================
[REPORT] Tagueo de escenario (paper, Sección 4)
[REPORT] =================================
[REPORT] a -> 1. NORMAL
[REPORT] b -> 2. REMOTE_OFF
[REPORT] c -> 3. ACK_DELAYED
[REPORT] d -> 4. CUT_WAIT_ACK
[REPORT] e -> 5. CUT_BEFORE_SEND
[REPORT] f -> 6. CUT_AFTER_CREATE
[REPORT] g -> 7. CUT_RECEIVER_ACK_LOST
[REPORT] h -> mostrar este menú
[REPORT] =================================

[SIM] Simulation manager initialized
[ALARM] Manager initialized
[FRAM] Hardware detected
[BOOT] Persistent memory available
[BOOT] Previous state recovered
[BOOT] Count: 122
[BOOT] Recovery: YES
[ResumeManager] Recovery mode: ENABLED
[COMM] Initializing Bluetooth...
[COMM] Bluetooth begin attempt #1
[COMM] Bluetooth initialized
[COMM] Device name: PersistentOS1
[COMM] Searching for PersistentOS2...
[COMM] Bluetooth connect attempt #1
[ 22463][E][BluetoothSerial.cpp:378] esp_spp_cb(): ESP_SPP_DISCOVERY_COMP_EVT failed!, status:1
[COMM] Connection to remote node failed, retrying...
[COMM] Bluetooth connect attempt #2
[COMM] Connected to PersistentOS2
[COMM] Bluetooth selected
[SYSTEM] Communication manager ready

[ENERGY] Manager initialized
[ENERGY] Level: 100.00% | State: NORMAL
[PREDICTION] Manager initialized
[BEHAVIOR] Manager initialized

=================================
Scenario: NORMAL
=================================

[SYSTEM] Sensor service ready
[SYSTEM] Communication service ready
[SYSTEM] Failure manager ready
[SYSTEM] Energy manager ready

[SYSTEM] =================================
[SYSTEM] RECOVERY BOOT DETECTED
[SYSTEM] =================================
[SYSTEM] Task 0 checkpoint: 1 | progress: 25% | completed: NO
[SYSTEM] Task 1 checkpoint: 0 | progress: 0% | completed: NO
[SYSTEM] Task 2 checkpoint: 6 | progress: 60% | completed: NO
[SYSTEM] Task 3 checkpoint: 0 | progress: 0% | completed: NO
[SYSTEM] Task 4 checkpoint: 0 | progress: 0% | completed: NO
[SYSTEM] Task 5 checkpoint: 0 | progress: 0% | completed: NO
[SYSTEM] Task 6 checkpoint: 0 | progress: 0% | completed: NO
[SYSTEM] Task 7 checkpoint: 0 | progress: 0% | completed: NO
[SYSTEM] Task 8 checkpoint: 0 | progress: 0% | completed: NO
[SYSTEM] Task 9 checkpoint: 0 | progress: 0% | completed: NO
[SYSTEM] =================================

RPT,36703,0,UNSET,BOOT_RECOVERY,0,0
[COMM BT] CLIENT CONNECTED
RPT,37286,0,UNSET,BT_CONNECTED,0,0
[Service] Resume execution - Task 2
[Service] Resume checkpoint: 6
[Service] Resume progress: 60%
[COMM Resume] Checkpoint: 6
[COMM Resume] SEND packet ID: 4933
[COMM BT] Sending: DATA|4933|TEMP: 30.62
[COMM BT] hasClient(): TRUE
[COMM BT] Bytes written: 22/22
RPT,37408,0,UNSET,SEND,4933,1
RPT,37483,0,UNSET,ENERGY,0,10000
[Sensor] 30.44
[Service] Resume execution - Task 2
[Service] Resume checkpoint: 7
[Service] Resume progress: 80%
[COMM] ACK received for packet ID: 4933
[COMM Resume] Checkpoint: 7
[COMM Resume] WAIT_ACK packet ID: 4933
[COMM Resume] ACK already received
[Sensor Buffer] Stored: 30.44
[Service] Task 0 completed
[Service] Resume execution - Task 2
[Service] Resume checkpoint: 8
[Service] Resume progress: 95%
[COMM Resume] Checkpoint: 8
[COMM Resume] CONFIRM packet ID: 4933
RPT,37931,0,UNSET,CONFIRM,4933,1
RPT,37931,0,UNSET,RECOVERY_LATENCY_MS,4933,1228
[COMM] Packet confirmed: 4933
[Service] Task 2 completed
[COMM] Starting packet creation
[Service] Resume execution - Task 2
[Service] Resume checkpoint: 4
[Service] Resume progress: 20%
[COMM Resume] Checkpoint: 4
[COMM Resume] Continuing from CREATE
RPT,38960,0,UNSET,CREATE,4938,0
[COMM] Packet created ID: 4938
[COMM] Payload: TEMP: 30.44
[Sensor] 30.44
[Service] Resume execution - Task 2
[Service] Resume checkpoint: 5
[Service] Resume progress: 40%
[COMM Resume] Checkpoint: 5
[COMM Resume] PREPARE packet ID: 4934
[COMM] Preparing packet ID: 4934
[Sensor Buffer] Stored: 30.44
[Service] Task 0 completed
[Service] Resume execution - Task 2
[Service] Resume checkpoint: 6
[Service] Resume progress: 60%
[COMM Resume] Checkpoint: 6
[COMM Resume] SEND packet ID: 4934
[COMM BT] Sending: DATA|4934|TEMP: 30.62
[COMM BT] hasClient(): TRUE
[COMM BT] Bytes written: 22/22
RPT,39604,0,UNSET,SEND,4934,1
RPT,39679,0,UNSET,ENERGY,0,9000
[Service] Resume execution - Task 2
[Service] Resume checkpoint: 7
[Service] Resume progress: 80%
[COMM RX] Remote data (packet 0): ENERGY_TEST: 17005
[COMM TX] ACK|0
[COMM BT] hasClient(): TRUE
[COMM BT] Bytes written: 6/6
[COMM] ACK received for packet ID: 4934
[COMM Resume] Checkpoint: 7
[COMM Resume] WAIT_ACK packet ID: 4934
[COMM Resume] ACK already received
[Service] Resume execution - Task 2
[Service] Resume checkpoint: 8
[Service] Resume progress: 95%
[COMM Resume] Checkpoint: 8
[COMM Resume] CONFIRM packet ID: 4934
RPT,40745,0,UNSET,CONFIRM,4934,1
[COMM] Packet confirmed: 4934
[Service] Task 2 completed
[Sensor] 30.50
[COMM] Starting packet creation
[Sensor Buffer] Stored: 30.50
[Service] Task 0 completed
[Service] Resume execution - Task 2
[Service] Resume checkpoint: 4
[Service] Resume progress: 20%
[COMM Resume] Checkpoint: 4
[COMM Resume] Continuing from CREATE
RPT,41257,0,UNSET,CREATE,4939,0
[COMM] Packet created ID: 4939
[COMM] Payload: TEMP: 30.50
[Service] Resume execution - Task 2
[Service] Resume checkpoint: 5
[Service] Resume progress: 40%
[COMM Resume] Checkpoint: 5
[COMM Resume] PREPARE packet ID: 4935
[COMM] Preparing packet ID: 4935
[Service] Resume execution - Task 2
[Service] Resume checkpoint: 6
[Service] Resume progress: 60%
[COMM Resume] Checkpoint: 6
[COMM Resume] SEND packet ID: 4935
[COMM BT] Sending: DATA|4935|TEMP: 30.62
[COMM BT] hasClient(): TRUE
[COMM BT] Bytes written: 22/22
RPT,42398,0,UNSET,SEND,4935,1
RPT,42473,0,UNSET,ENERGY,0,7500
[Sensor] 30.44
[Service] Resume execution - Task 2
[Service] Resume checkpoint: 7
[Service] Resume progress: 80%
[COMM] ACK received for packet ID: 4935
[COMM Resume] Checkpoint: 7
[COMM Resume] WAIT_ACK packet ID: 4935
[COMM Resume] ACK already received
[Sensor Buffer] Stored: 30.44
[Service] Task 0 completed
[Service] Resume execution - Task 2
[Service] Resume checkpoint: 8
[Service] Resume progress: 95%
[COMM Resume] Checkpoint: 8
[COMM Resume] CONFIRM packet ID: 4935
RPT,42921,0,UNSET,CONFIRM,4935,1
[COMM] Packet confirmed: 4935
[Service] Task 2 completed
[COMM] Starting packet creation
[Service] Resume execution - Task 2
[Service] Resume checkpoint: 4
[Service] Resume progress: 20%
[COMM Resume] Checkpoint: 4
[COMM Resume] Continuing from CREATE
RPT,43950,0,UNSET,CREATE,4940,0
[COMM] Packet created ID: 4940
[COMM] Payload: TEMP: 30.44
[Sensor] 30.50
[Service] Resume execution - Task 2
[Service] Resume checkpoint: 5
[Service] Resume progress: 40%
[COMM Resume] Checkpoint: 5
[COMM Resume] PREPARE packet ID: 4936
[COMM] Preparing packet ID: 4936
[Sensor Buffer] Stored: 30.50
[Service] Task 0 completed
[Service] Resume execution - Task 2
[Service] Resume checkpoint: 6
[Service] Resume progress: 60%
[COMM Resume] Checkpoint: 6
[COMM Resume] SEND packet ID: 4936
[COMM BT] Sending: DATA|4936|TEMP: 30.62
[COMM BT] hasClient(): TRUE
[COMM BT] Bytes written: 22/22
RPT,44593,0,UNSET,SEND,4936,1
RPT,44668,0,UNSET,ENERGY,0,7000
[Service] Resume execution - Task 2
[Service] Resume checkpoint: 7
[Service] Resume progress: 80%
[COMM] ACK received for packet ID: 4936
[COMM Resume] Checkpoint: 7
[COMM Resume] WAIT_ACK packet ID: 4936
[COMM Resume] ACK already received
[Service] Resume execution - Task 2
[Service] Resume checkpoint: 8
[Service] Resume progress: 95%
[COMM RX] Remote data (packet 1): ENERGY_TEST: 22375
[COMM TX] ACK|1
[COMM BT] hasClient(): TRUE
[COMM BT] Bytes written: 6/6
[COMM Resume] Checkpoint: 8
[COMM Resume] CONFIRM packet ID: 4936
RPT,45723,0,UNSET,CONFIRM,4936,1
[COMM] Packet confirmed: 4936
[Service] Task 2 completed
[Sensor] 30.44
[COMM] Starting packet creation
[Sensor Buffer] Stored: 30.44
[Service] Task 0 completed
[Service] Resume execution - Task 2
[Service] Resume checkpoint: 4
[Service] Resume progress: 20%
[COMM Resume] Checkpoint: 4
[COMM Resume] Continuing from CREATE
RPT,46246,0,UNSET,CREATE,4941,0
[COMM] Packet created ID: 4941
[COMM] Payload: TEMP: 30.44
[Service] Resume execution - Task 2
[Service] Resume checkpoint: 5
[Service] Resume progress: 40%
[COMM Resume] Checkpoint: 5
[COMM Resume] PREPARE packet ID: 4937
[COMM] Preparing packet ID: 4937
[Service] Resume execution - Task 2
[Service] Resume checkpoint: 6
[Service] Resume progress: 60%
[COMM Resume] Checkpoint: 6
[COMM Resume] SEND packet ID: 4937
[COMM BT] Sending: DATA|4937|TEMP: 30.69
[COMM BT] hasClient(): TRUE
[COMM BT] Bytes written: 22/22
RPT,47386,0,UNSET,SEND,4937,1
RPT,47461,0,UNSET,ENERGY,0,6000
[Sensor] 30.44
[Service] Resume execution - Task 2
[Service] Resume checkpoint: 7
[Service] Resume progress: 80%
[COMM] ACK received for packet ID: 4937
[COMM Resume] Checkpoint: 7
[COMM Resume] WAIT_ACK packet ID: 4937
[COMM Resume] ACK already received
[Sensor Buffer] Stored: 30.44
[Service] Task 0 completed
[Service] Resume execution - Task 2
[Service] Resume checkpoint: 8
[Service] Resume progress: 95%
[COMM Resume] Checkpoint: 8
[COMM Resume] CONFIRM packet ID: 4937
RPT,47909,0,UNSET,CONFIRM,4937,1
[COMM] Packet confirmed: 4937
[Service] Task 2 completed
[COMM] Starting packet creation
[Service] Resume execution - Task 2
[Service] Resume checkpoint: 4
[Service] Resume progress: 20%
[COMM Resume] Checkpoint: 4
[COMM Resume] Continuing from CREATE
RPT,48938,0,UNSET,CREATE,4942,0
[COMM] Packet created ID: 4942
[COMM] Payload: TEMP: 30.44
[Sensor] 30.44
[Service] Resume execution - Task 2
[Service] Resume checkpoint: 5
[Service] Resume progress: 40%
[COMM Resume] Checkpoint: 5
[COMM Resume] PREPARE packet ID: 4938
[COMM] Preparing packet ID: 4938
[Sensor Buffer] Stored: 30.44
[Service] Task 0 completed
[Service] Resume execution - Task 2
[Service] Resume checkpoint: 6
[Service] Resume progress: 60%
[COMM Resume] Checkpoint: 6
[COMM Resume] SEND packet ID: 4938
[COMM BT] Sending: DATA|4938|TEMP: 30.44
[COMM BT] hasClient(): TRUE
[COMM BT] Bytes written: 22/22
RPT,49582,0,UNSET,SEND,4938,1
RPT,49657,0,UNSET,ENERGY,0,5500
[Service] Resume execution - Task 2
[Service] Resume checkpoint: 7
[Service] Resume progress: 80%
[COMM Resume] Checkpoint: 7
[COMM Resume] WAIT_ACK packet ID: 4938
[COMM Resume] ACK still pending
[Service] Resume execution - Task 2
[Service] Resume checkpoint: 7
[Service] Resume progress: 80%
[COMM Resume] Checkpoint: 7
[COMM Resume] WAIT_ACK packet ID: 4938
[COMM Resume] ACK still pending
[Sensor] 30.44
[Service] Resume execution - Task 2
[Service] Resume checkpoint: 7
[Service] Resume progress: 80%
[COMM Resume] Checkpoint: 7
[COMM Resume] WAIT_ACK packet ID: 4938
[COMM Resume] ACK still pending
[Sensor Buffer] Stored: 30.44
[Service] Task 0 completed
[Service] Resume execution - Task 2
[Service] Resume checkpoint: 7
[Service] Resume progress: 80%
[COMM Resume] Checkpoint: 7
[COMM Resume] WAIT_ACK packet ID: 4938
[COMM Resume] ACK still pending
[Service] Resume execution - Task 2
[Service] Resume checkpoint: 7
[Service] Resume progress: 80%
[COMM Resume] Checkpoint: 7
[COMM Resume] WAIT_ACK packet ID: 4938
[COMM Resume] ACK still pending
[Service] Resume execution - Task 2
[Service] Resume checkpoint: 7
[Service] Resume progress: 80%
[COMM Resume] Checkpoint: 7
[COMM Resume] WAIT_ACK packet ID: 4938
[COMM Resume] ACK still pending
RPT,51789,0,UNSET,ENERGY,0,4500
[Sensor] 30.44
[Service] Resume execution - Task 2
[Service] Resume checkpoint: 7
[Service] Resume progress: 80%
[COMM Resume] Checkpoint: 7
[COMM Resume] WAIT_ACK packet ID: 4938
[COMM Resume] ACK still pending
[Sensor Buffer] Stored: 30.44
[Service] Task 0 completed
[Service] Resume execution - Task 2
[Service] Resume checkpoint: 7
[Service] Resume progress: 80%
[COMM Resume] Checkpoint: 7
[COMM Resume] WAIT_ACK packet ID: 4938
[COMM Resume] ACK still pending
[Service] Resume execution - Task 2
[Service] Resume checkpoint: 7
[Service] Resume progress: 80%
[COMM Resume] Checkpoint: 7
[COMM Resume] WAIT_ACK packet ID: 4938
[COMM Resume] ACK still pending
[Service] Resume execution - Task 2
[Service] Resume checkpoint: 7
[Service] Resume progress: 80%
[COMM Resume] Checkpoint: 7
[COMM Resume] WAIT_ACK packet ID: 4938
[COMM Resume] ACK still pending
[Sensor] 30.44
[Service] Resume execution - Task 2
[Service] Resume checkpoint: 7
[Service] Resume progress: 80%
[COMM Resume] Checkpoint: 7
[COMM Resume] WAIT_ACK packet ID: 4938
[COMM Resume] ACK still pending
[Sensor Buffer] Stored: 30.44
[Service] Task 0 completed
[Service] Resume execution - Task 2
[Service] Resume checkpoint: 7
[Service] Resume progress: 80%
[COMM Resume] Checkpoint: 7
[COMM Resume] WAIT_ACK packet ID: 4938
[COMM Resume] ACK still pending
[Service] Resume execution - Task 2
[Service] Resume checkpoint: 7
[Service] Resume progress: 80%
[COMM Resume] Checkpoint: 7
[COMM Resume] WAIT_ACK packet ID: 4938
[COMM Resume] ACK still pending
[COMM BT] CLIENT DISCONNECTED
RPT,54282,0,UNSET,BT_DISCONNECTED,0,0
[COMM BT] Searching for PersistentOS2 (reconnect)...
[COMM BT] Reconnected
RPT,56406,0,UNSET,BT_RECONNECTED,0,0
[Service] Resume execution - Task 2
[Service] Resume checkpoint: 7
[Service] Resume progress: 80%
[COMM Resume] Checkpoint: 7
[COMM Resume] WAIT_ACK packet ID: 4938
[COMM] ACK timeout for packet ID: 4938, retrying...
[COMM BT] Sending: DATA|4938|TEMP: 30.44
[COMM BT] hasClient(): TRUE
[COMM BT] Bytes written: 22/22
RPT,56527,0,UNSET,RETRY,4938,2
[COMM Resume] ACK still pending
RPT,56527,0,UNSET,ENERGY,0,3500
[Sensor] 30.44
[Service] Resume execution - Task 2
[Service] Resume checkpoint: 7
[Service] Resume progress: 80%
[COMM] ACK received for packet ID: 4938
[COMM Resume] Checkpoint: 7
[COMM Resume] WAIT_ACK packet ID: 4938
[COMM Resume] ACK already received
[Sensor Buffer] Stored: 30.44
[Service] Task 0 completed
[Service] Resume execution - Task 2
[Service] Resume checkpoint: 8
[Service] Resume progress: 95%
[COMM Resume] Checkpoint: 8
[COMM Resume] CONFIRM packet ID: 4938
RPT,56974,0,UNSET,CONFIRM,4938,2
[COMM] Packet confirmed: 4938
[Service] Task 2 completed
[COMM] Starting packet creation
[Service] Resume execution - Task 2
[Service] Resume checkpoint: 4
[Service] Resume progress: 20%
[COMM Resume] Checkpoint: 4
[COMM Resume] Continuing from CREATE
RPT,58003,0,UNSET,CREATE,4943,0
[COMM] Packet created ID: 4943
[COMM] Payload: TEMP: 30.44
[ENERGY] Level: 30.00% | State: LOW
[ALERT] Energy level LOW
[Sensor] 30.44
[Service] Resume execution - Task 2
[Service] Resume checkpoint: 5
[Service] Resume progress: 40%
[COMM RX] Duplicate packet - re-sending ACK without reprocessing
[COMM TX] ACK|0
[COMM BT] hasClient(): TRUE
[COMM BT] Bytes written: 6/6
[COMM Resume] Checkpoint: 5
[COMM Resume] PREPARE packet ID: 4939
[COMM] Preparing packet ID: 4939
[Sensor Buffer] Stored: 30.44
[Service] Task 0 completed
[Service] Resume execution - Task 2
[Service] Resume checkpoint: 6
[Service] Resume progress: 60%
[COMM Resume] Checkpoint: 6
[COMM Resume] SEND packet ID: 4939
[COMM BT] Sending: DATA|4939|TEMP: 30.50
[COMM BT] hasClient(): TRUE
[COMM BT] Bytes written: 22/22
RPT,58747,0,UNSET,SEND,4939,1
RPT,58822,0,UNSET,ENERGY,0,3000
[Service] Resume execution - Task 2
[Service] Resume checkpoint: 7
[Service] Resume progress: 80%
[COMM] ACK received for packet ID: 4939
[COMM Resume] Checkpoint: 7
[COMM Resume] WAIT_ACK packet ID: 4939
[COMM Resume] ACK already received
[Service] Resume execution - Task 2
[Service] Resume checkpoint: 8
[Service] Resume progress: 95%
[COMM Resume] Checkpoint: 8
[COMM Resume] CONFIRM packet ID: 4939
RPT,59777,0,UNSET,CONFIRM,4939,1
[COMM] Packet confirmed: 4939
[Service] Task 2 completed
[ALERT] Energy level LOW
[Sensor] 30.37
[COMM] Starting packet creation
[Sensor Buffer] Stored: 30.37
[Service] Task 0 completed
[Service] Resume execution - Task 2
[Service] Resume checkpoint: 4
[Service] Resume progress: 20%
[COMM Resume] Checkpoint: 4
[COMM Resume] Continuing from CREATE
RPT,60289,0,UNSET,CREATE,4944,0
[COMM] Packet created ID: 4944
[COMM] Payload: TEMP: 30.38
[Service] Resume execution - Task 2
[Service] Resume checkpoint: 5
[Service] Resume progress: 40%
[COMM Resume] Checkpoint: 5
[COMM Resume] PREPARE packet ID: 4940
[COMM] Preparing packet ID: 4940
[Service] Resume execution - Task 2
[Service] Resume checkpoint: 6
[Service] Resume progress: 60%
[COMM Resume] Checkpoint: 6
[COMM Resume] SEND packet ID: 4940
[COMM BT] Sending: DATA|4940|TEMP: 30.44
[COMM BT] hasClient(): TRUE
[COMM BT] Bytes written: 22/22
RPT,61430,0,UNSET,SEND,4940,1
[ALERT] Energy level LOW
RPT,61505,0,UNSET,ENERGY,0,2000
[Sensor] 30.44
[Service] Resume execution - Task 2
[Service] Resume checkpoint: 7
[Service] Resume progress: 80%
[COMM] ACK received for packet ID: 4940
[COMM Resume] Checkpoint: 7
[COMM Resume] WAIT_ACK packet ID: 4940
[COMM Resume] ACK already received
[Sensor Buffer] Stored: 30.44
[Service] Task 0 completed
[Service] Resume execution - Task 2
[Service] Resume checkpoint: 8
[Service] Resume progress: 95%
[COMM Resume] Checkpoint: 8
[COMM Resume] CONFIRM packet ID: 4940
RPT,61953,0,UNSET,CONFIRM,4940,1
[COMM] Packet confirmed: 4940
[Service] Task 2 completed
[COMM] Starting packet creation
[Service] Resume execution - Task 2
[Service] Resume checkpoint: 4
[Service] Resume progress: 20%
[COMM Resume] Checkpoint: 4
[COMM Resume] Continuing from CREATE
RPT,62982,0,UNSET,CREATE,4945,0
[COMM] Packet created ID: 4945
[COMM] Payload: TEMP: 30.44
[ALERT] Energy level LOW
[Sensor] 30.37
[Service] Resume execution - Task 2
[Service] Resume checkpoint: 5
[Service] Resume progress: 40%
[COMM Resume] Checkpoint: 5
[COMM Resume] PREPARE packet ID: 4941
[COMM] Preparing packet ID: 4941
[Sensor Buffer] Stored: 30.37
[Service] Task 0 completed
[Service] Resume execution - Task 2
[Service] Resume checkpoint: 6
[Service] Resume progress: 60%
[COMM RX] Duplicate packet - re-sending ACK without reprocessing
[COMM TX] ACK|1
[COMM BT] hasClient(): TRUE
[COMM BT] Bytes written: 6/6
[COMM Resume] Checkpoint: 6
[COMM Resume] SEND packet ID: 4941
[COMM BT] Sending: DATA|4941|TEMP: 30.44
[COMM BT] hasClient(): TRUE
[COMM BT] Bytes written: 22/22
RPT,63725,0,UNSET,SEND,4941,1
RPT,63800,0,UNSET,ENERGY,0,1500
[Service] Resume execution - Task 2
[Service] Resume checkpoint: 7
[Service] Resume progress: 80%
[COMM] ACK received for packet ID: 4941
[COMM Resume] Checkpoint: 7
[COMM Resume] WAIT_ACK packet ID: 4941
[COMM Resume] ACK already received
[Service] Resume execution - Task 2
[Service] Resume checkpoint: 8
[Service] Resume progress: 95%
[COMM Resume] Checkpoint: 8
[COMM Resume] CONFIRM packet ID: 4941
RPT,64755,0,UNSET,CONFIRM,4941,1
[COMM] Packet confirmed: 4941
[Service] Task 2 completed
[ENERGY] Level: 10.00% | State: CRITICAL
[ALERT] Energy level CRITICAL
[Sensor] 30.37
[COMM] Starting packet creation
[Sensor Buffer] Stored: 30.37
[Service] Task 0 completed
[Service] Resume execution - Task 2
[Service] Resume checkpoint: 4
[Service] Resume progress: 20%
[COMM Resume] Checkpoint: 4
[COMM Resume] Continuing from CREATE
RPT,65268,0,UNSET,CREATE,4946,0
[COMM] Packet created ID: 4946
[COMM] Payload: TEMP: 30.38
[Service] Resume execution - Task 2
[Service] Resume checkpoint: 5
[Service] Resume progress: 40%
[COMM Resume] Checkpoint: 5
[COMM Resume] PREPARE packet ID: 4942
[COMM] Preparing packet ID: 4942
[Service] Resume execution - Task 2
[Service] Resume checkpoint: 6
[Service] Resume progress: 60%
[COMM Resume] Checkpoint: 6
[COMM Resume] SEND packet ID: 4942
[COMM BT] Sending: DATA|4942|TEMP: 30.44
[COMM BT] hasClient(): TRUE
[COMM BT] Bytes written: 22/22
RPT,66408,0,UNSET,SEND,4942,1
[ALERT] Energy level CRITICAL
RPT,66483,0,UNSET,ENERGY,0,500
[Sensor] 30.37
[Service] Resume execution - Task 2
[Service] Resume checkpoint: 7
[Service] Resume progress: 80%
[COMM] ACK received for packet ID: 4942
[COMM Resume] Checkpoint: 7
[COMM Resume] WAIT_ACK packet ID: 4942
[COMM Resume] ACK already received
[Sensor Buffer] Stored: 30.37
[Service] Task 0 completed
[Service] Resume execution - Task 2
[Service] Resume checkpoint: 8
[Service] Resume progress: 95%
[COMM Resume] Checkpoint: 8
[COMM Resume] CONFIRM packet ID: 4942
RPT,66931,0,UNSET,CONFIRM,4942,1
[COMM] Packet confirmed: 4942
[Service] Task 2 completed
[COMM] Starting packet creation
[Service] Resume execution - Task 2
[Service] Resume checkpoint: 4
[Service] Resume progress: 20%
[COMM Resume] Checkpoint: 4
[COMM Resume] Continuing from CREATE
RPT,67960,0,UNSET,CREATE,4947,0
[COMM] Packet created ID: 4947
[COMM] Payload: TEMP: 30.38
[ENERGY] Level: 0.00% | State: OFF
[ALERT] Energy depleted
[ENERGY] ESP32 simulated OFF
[ENERGY] Shutdown simulation active
[ENERGY] System remains running for test
[Sensor] 30.37
[Service] Resume execution - Task 2
[Service] Resume checkpoint: 5
[Service] Resume progress: 40%
[COMM Resume] Checkpoint: 5
[COMM Resume] PREPARE packet ID: 4943
[COMM] Preparing packet ID: 4943
[Sensor Buffer] Stored: 30.37
[Service] Task 0 completed
[Service] Resume execution - Task 2
[Service] Resume checkpoint: 6
[Service] Resume progress: 60%
[COMM Resume] Checkpoint: 6
[COMM Resume] SEND packet ID: 4943
[COMM BT] Sending: DATA|4943|TEMP: 30.44
[COMM BT] hasClient(): TRUE
[COMM BT] Bytes written: 22/22
RPT,68614,0,UNSET,SEND,4943,1
RPT,68689,0,UNSET,ENERGY,0,0
[Service] Resume execution - Task 2
[Service] Resume checkpoint: 7
[Service] Resume progress: 80%
[COMM] ACK received for packet ID: 4943
[COMM RX] Remote data (packet 2): ENERGY_TEST: 18554
[COMM TX] ACK|2
[COMM BT] hasClient(): TRUE
[COMM BT] Bytes written: 6/6
[COMM Resume] Checkpoint: 7
[COMM Resume] WAIT_ACK packet ID: 4943
[COMM Resume] ACK already received
[Service] Resume execution - Task 2
[Service] Resume checkpoint: 8
[Service] Resume progress: 95%
[COMM Resume] Checkpoint: 8
[COMM Resume] CONFIRM packet ID: 4943
RPT,69755,0,UNSET,CONFIRM,4943,1
[COMM] Packet confirmed: 4943
[Service] Task 2 completed
[Sensor] 30.37
[COMM] Starting packet creation
[Sensor Buffer] Stored: 30.37
[Service] Task 0 completed
[Service] Resume execution - Task 2
[Service] Resume checkpoint: 4
[Service] Resume progress: 20%
[COMM Resume] Checkpoint: 4
[COMM Resume] Continuing from CREATE
RPT,70267,0,UNSET,CREATE,4948,0
[COMM] Packet created ID: 4948
[COMM] Payload: TEMP: 30.38
[Service] Resume execution - Task 2
[Service] Resume checkpoint: 5
[Service] Resume progress: 40%
[COMM Resume] Checkpoint: 5
[COMM Resume] PREPARE packet ID: 4944
[COMM] Preparing packet ID: 4944
[Service] Resume execution - Task 2
[Service] Resume checkpoint: 6
[Service] Resume progress: 60%
[COMM Resume] Checkpoint: 6
[COMM Resume] SEND packet ID: 4944
[COMM BT] Sending: DATA|4944|TEMP: 30.38
[COMM BT] hasClient(): TRUE
[COMM BT] Bytes written: 22/22
RPT,71408,0,UNSET,SEND,4944,1
RPT,71483,0,UNSET,ENERGY,0,0
[Sensor] 30.31
[Service] Resume execution - Task 2
[Service] Resume checkpoint: 7
[Service] Resume progress: 80%
[COMM] ACK received for packet ID: 4944
[COMM Resume] Checkpoint: 7
[COMM Resume] WAIT_ACK packet ID: 4944
[COMM Resume] ACK already received
[Sensor Buffer] Stored: 30.31
[Service] Task 0 completed
[Service] Resume execution - Task 2
[Service] Resume checkpoint: 8
[Service] Resume progress: 95%
[COMM Resume] Checkpoint: 8
[COMM Resume] CONFIRM packet ID: 4944
RPT,71931,0,UNSET,CONFIRM,4944,1
[COMM] Packet confirmed: 4944
[Service] Task 2 completed
[COMM] Starting packet creation
[Service] Resume execution - Task 2
[Service] Resume checkpoint: 4
[Service] Resume progress: 20%
[COMM Resume] Checkpoint: 4
[COMM Resume] Continuing from CREATE
RPT,72960,0,UNSET,CREATE,4949,0
[COMM] Packet created ID: 4949
[COMM] Payload: TEMP: 30.31
[Sensor] 30.37
[Service] Resume execution - Task 2
[Service] Resume checkpoint: 5
[Service] Resume progress: 40%
[COMM Resume] Checkpoint: 5
[COMM Resume] PREPARE packet ID: 4945
[COMM] Preparing packet ID: 4945
[Sensor Buffer] Stored: 30.37
[Service] Task 0 completed
[Service] Resume execution - Task 2
[Service] Resume checkpoint: 6
[Service] Resume progress: 60%
[COMM Resume] Checkpoint: 6
[COMM Resume] SEND packet ID: 4945
[COMM BT] Sending: DATA|4945|TEMP: 30.44
[COMM BT] hasClient(): TRUE
[COMM BT] Bytes written: 22/22
RPT,73603,0,UNSET,SEND,4945,1
RPT,73678,0,UNSET,ENERGY,0,0
[Service] Resume execution - Task 2
[Service] Resume checkpoint: 7
[Service] Resume progress: 80%
[COMM] ACK received for packet ID: 4945
[COMM Resume] Checkpoint: 7
[COMM Resume] WAIT_ACK packet ID: 4945
[COMM Resume] ACK already received
[Service] Resume execution - Task 2
[Service] Resume checkpoint: 8
[Service] Resume progress: 95%
[COMM RX] Remote data (packet 3): ENERGY_TEST: 23814
[COMM TX] ACK|3
[COMM BT] hasClient(): TRUE
[COMM BT] Bytes written: 6/6
[COMM Resume] Checkpoint: 8
[COMM Resume] CONFIRM packet ID: 4945
RPT,74733,0,UNSET,CONFIRM,4945,1
[COMM] Packet confirmed: 4945
[Service] Task 2 completed
[Sensor] 30.37
[COMM] Starting packet creation
[Sensor Buffer] Stored: 30.37
[Service] Task 0 completed
[Service] Resume execution - Task 2
[Service] Resume checkpoint: 4
[Service] Resume progress: 20%
[COMM Resume] Checkpoint: 4
[COMM Resume] Continuing from CREATE
RPT,75256,0,UNSET,CREATE,4950,0
[COMM] Packet created ID: 4950
[COMM] Payload: TEMP: 30.38
[Service] Resume execution - Task 2
[Service] Resume checkpoint: 5
[Service] Resume progress: 40%
[COMM Resume] Checkpoint: 5
[COMM Resume] PREPARE packet ID: 4946
[COMM] Preparing packet ID: 4946
[Service] Resume execution - Task 2
[Service] Resume checkpoint: 6
[Service] Resume progress: 60%
[COMM Resume] Checkpoint: 6
[COMM Resume] SEND packet ID: 4946
[COMM BT] Sending: DATA|4946|TEMP: 30.38
[COMM BT] hasClient(): TRUE
[COMM BT] Bytes written: 22/22
RPT,76396,0,UNSET,SEND,4946,1
RPT,76471,0,UNSET,ENERGY,0,0
[Sensor] 30.31
[Service] Resume execution - Task 2
[Service] Resume checkpoint: 7
[Service] Resume progress: 80%
[COMM] ACK received for packet ID: 4946
[COMM Resume] Checkpoint: 7
[COMM Resume] WAIT_ACK packet ID: 4946
[COMM Resume] ACK already received
[Sensor Buffer] Stored: 30.31
[Service] Task 0 completed
[Service] Resume execution - Task 2
[Service] Resume checkpoint: 8
[Service] Resume progress: 95%
[COMM Resume] Checkpoint: 8
[COMM Resume] CONFIRM packet ID: 4946
RPT,76919,0,UNSET,CONFIRM,4946,1
[COMM] Packet confirmed: 4946
[Service] Task 2 completed
[COMM] Starting packet creation
[Service] Resume execution - Task 2
[Service] Resume checkpoint: 4
[Service] Resume progress: 20%
[COMM Resume] Checkpoint: 4
[COMM Resume] Continuing from CREATE
RPT,77948,0,UNSET,CREATE,4951,0
[COMM] Packet created ID: 4951
[COMM] Payload: TEMP: 30.31
[Sensor] 30.31
[Service] Resume execution - Task 2
[Service] Resume checkpoint: 5
[Service] Resume progress: 40%
[COMM Resume] Checkpoint: 5
[COMM Resume] PREPARE packet ID: 4947
[COMM] Preparing packet ID: 4947
[Sensor Buffer] Stored: 30.31
[Service] Task 0 completed
[Service] Resume execution - Task 2
[Service] Resume checkpoint: 6
[Service] Resume progress: 60%
[COMM Resume] Checkpoint: 6
[COMM Resume] SEND packet ID: 4947
[COMM BT] Sending: DATA|4947|TEMP: 30.38
[COMM BT] hasClient(): TRUE
[COMM BT] Bytes written: 22/22
RPT,78591,0,UNSET,SEND,4947,1
RPT,78666,0,UNSET,ENERGY,0,0
[Service] Resume execution - Task 2
[Service] Resume checkpoint: 7
[Service] Resume progress: 80%
[COMM] ACK received for packet ID: 4947
[COMM Resume] Checkpoint: 7
[COMM Resume] WAIT_ACK packet ID: 4947
[COMM Resume] ACK already received
[Service] Resume execution - Task 2
[Service] Resume checkpoint: 8
[Service] Resume progress: 95%
[COMM Resume] Checkpoint: 8
[COMM Resume] CONFIRM packet ID: 4947
RPT,79621,0,UNSET,CONFIRM,4947,1
[COMM] Packet confirmed: 4947
[Service] Task 2 completed
[Sensor] 30.31
[COMM RX] Remote data (packet 4): ENERGY_TEST: 29574
[COMM TX] ACK|4
[COMM BT] hasClient(): TRUE
[COMM BT] Bytes written: 6/6
[COMM] Starting packet creation
[Sensor Buffer] Stored: 30.31
[Service] Task 0 completed
[Service] Resume execution - Task 2
[Service] Resume checkpoint: 4
[Service] Resume progress: 20%
[COMM Resume] Checkpoint: 4
[COMM Resume] Continuing from CREATE
RPT,80234,0,UNSET,CREATE,4952,0
[COMM] Packet created ID: 4952
[COMM] Payload: TEMP: 30.31
[Service] Resume execution - Task 2
[Service] Resume checkpoint: 5
[Service] Resume progress: 40%
[COMM Resume] Checkpoint: 5
[COMM Resume] PREPARE packet ID: 4948
[COMM] Preparing packet ID: 4948
[Service] Resume execution - Task 2
[Service] Resume checkpoint: 6
[Service] Resume progress: 60%
[COMM Resume] Checkpoint: 6
[COMM Resume] SEND packet ID: 4948
[COMM BT] Sending: DATA|4948|TEMP: 30.38
[COMM BT] hasClient(): TRUE
[COMM BT] Bytes written: 22/22
RPT,81374,0,UNSET,SEND,4948,1
RPT,81449,0,UNSET,ENERGY,0,0
[Sensor] 30.37
[Service] Resume execution - Task 2
[Service] Resume checkpoint: 7
[Service] Resume progress: 80%
[COMM] ACK received for packet ID: 4948
[COMM Resume] Checkpoint: 7
[COMM Resume] WAIT_ACK packet ID: 4948
[COMM Resume] ACK already received
[Sensor Buffer] Stored: 30.37
[Service] Task 0 completed
[Service] Resume execution - Task 2
[Service] Resume checkpoint: 8
[Service] Resume progress: 95%
[COMM Resume] Checkpoint: 8
[COMM Resume] CONFIRM packet ID: 4948
RPT,81897,0,UNSET,CONFIRM,4948,1
[COMM] Packet confirmed: 4948
[Service] Task 2 completed
[COMM] Starting packet creation
[Service] Resume execution - Task 2
[Service] Resume checkpoint: 4
[Service] Resume progress: 20%
[COMM Resume] Checkpoint: 4
[COMM Resume] Continuing from CREATE
RPT,82926,0,UNSET,CREATE,4953,0
[COMM] Packet created ID: 4953
[COMM] Payload: TEMP: 30.38
[Sensor] 30.31
[Service] Resume execution - Task 2
[Service] Resume checkpoint: 5
[Service] Resume progress: 40%
[COMM Resume] Checkpoint: 5
[COMM Resume] PREPARE packet ID: 4949
[COMM] Preparing packet ID: 4949
[Sensor Buffer] Stored: 30.31
[Service] Task 0 completed
[Service] Resume execution - Task 2
[Service] Resume checkpoint: 6
[Service] Resume progress: 60%
[COMM Resume] Checkpoint: 6
[COMM Resume] SEND packet ID: 4949
[COMM BT] Sending: DATA|4949|TEMP: 30.31
[COMM BT] hasClient(): TRUE
[COMM BT] Bytes written: 22/22
RPT,83569,0,UNSET,SEND,4949,1
RPT,83644,0,UNSET,ENERGY,0,0
[Service] Resume execution - Task 2
[Service] Resume checkpoint: 7
[Service] Resume progress: 80%
[COMM] ACK received for packet ID: 4949
[COMM Resume] Checkpoint: 7
[COMM Resume] WAIT_ACK packet ID: 4949
[COMM Resume] ACK already received
[Service] Resume execution - Task 2
[Service] Resume checkpoint: 8
[Service] Resume progress: 95%
[COMM Resume] Checkpoint: 8
[COMM Resume] CONFIRM packet ID: 4949
RPT,84599,0,UNSET,CONFIRM,4949,1
[COMM] Packet confirmed: 4949
[Service] Task 2 completed
[Sensor] 30.31
[COMM] Starting packet creation
[Sensor Buffer] Stored: 30.31
[Service] Task 0 completed
[Service] Resume execution - Task 2
[Service] Resume checkpoint: 4
[Service] Resume progress: 20%
[COMM RX] Remote data (packet 5): ENERGY_TEST: 34804
[COMM TX] ACK|5
[COMM BT] hasClient(): TRUE
[COMM BT] Bytes written: 6/6
[COMM Resume] Checkpoint: 4
[COMM Resume] Continuing from CREATE
RPT,85212,0,UNSET,CREATE,4954,0
[COMM] Packet created ID: 4954
[COMM] Payload: TEMP: 30.31
[Service] Resume execution - Task 2
[Service] Resume checkpoint: 5
[Service] Resume progress: 40%
[COMM Resume] Checkpoint: 5
[COMM Resume] PREPARE packet ID: 4950
[COMM] Preparing packet ID: 4950
[Service] Resume execution - Task 2
[Service] Resume checkpoint: 6
[Service] Resume progress: 60%
[COMM Resume] Checkpoint: 6
[COMM Resume] SEND packet ID: 4950
[COMM BT] Sending: DATA|4950|TEMP: 30.38
[COMM BT] hasClient(): TRUE
[COMM BT] Bytes written: 22/22
RPT,86352,0,UNSET,SEND,4950,1
RPT,86427,0,UNSET,ENERGY,0,0
[Sensor] 30.31
[Service] Resume execution - Task 2
[Service] Resume checkpoint: 7
[Service] Resume progress: 80%
[COMM] ACK received for packet ID: 4950
[COMM Resume] Checkpoint: 7
[COMM Resume] WAIT_ACK packet ID: 4950
[COMM Resume] ACK already received
[Sensor Buffer] Stored: 30.31
[Service] Task 0 completed
[Service] Resume execution - Task 2
[Service] Resume checkpoint: 8
[Service] Resume progress: 95%
[COMM Resume] Checkpoint: 8
[COMM Resume] CONFIRM packet ID: 4950
RPT,86875,0,UNSET,CONFIRM,4950,1
[COMM] Packet confirmed: 4950
[Service] Task 2 completed
[COMM] Starting packet creation
[Service] Resume execution - Task 2
[Service] Resume checkpoint: 4
[Service] Resume progress: 20%
[COMM Resume] Checkpoint: 4
[COMM Resume] Continuing from CREATE
RPT,87904,0,UNSET,CREATE,4955,0
[COMM] Packet created ID: 4955
[COMM] Payload: TEMP: 30.31
[Sensor] 30.31
[Service] Resume execution - Task 2
[Service] Resume checkpoint: 5
[Service] Resume progress: 40%
[COMM Resume] Checkpoint: 5
[COMM Resume] PREPARE packet ID: 4951
[COMM] Preparing packet ID: 4951
[Sensor Buffer] Stored: 30.31
[Service] Task 0 completed
[Service] Resume execution - Task 2
[Service] Resume checkpoint: 6
[Service] Resume progress: 60%
[COMM Resume] Checkpoint: 6
[COMM Resume] SEND packet ID: 4951
[COMM BT] Sending: DATA|4951|TEMP: 30.31
[COMM BT] hasClient(): TRUE
[COMM BT] Bytes written: 22/22
RPT,88547,0,UNSET,SEND,4951,1
RPT,88622,0,UNSET,ENERGY,0,0
[Service] Resume execution - Task 2
[Service] Resume checkpoint: 7
[Service] Resume progress: 80%
[COMM] ACK received for packet ID: 4951
[COMM Resume] Checkpoint: 7
[COMM Resume] WAIT_ACK packet ID: 4951
[COMM Resume] ACK already received
[Service] Resume execution - Task 2
[Service] Resume checkpoint: 8
[Service] Resume progress: 95%
[COMM Resume] Checkpoint: 8
[COMM Resume] CONFIRM packet ID: 4951
RPT,89577,0,UNSET,CONFIRM,4951,1
[COMM] Packet confirmed: 4951
[Service] Task 2 completed
[Sensor] 30.25
[COMM] Starting packet creation
[Sensor Buffer] Stored: 30.25
[Service] Task 0 completed
[Service] Resume execution - Task 2
[Service] Resume checkpoint: 4
[Service] Resume progress: 20%
[COMM Resume] Checkpoint: 4
[COMM Resume] Continuing from CREATE
RPT,90090,0,UNSET,CREATE,4956,0
[COMM] Packet created ID: 4956
[COMM] Payload: TEMP: 30.25
[Service] Resume execution - Task 2
[Service] Resume checkpoint: 5
[Service] Resume progress: 40%
[COMM RX] Remote data (packet 6): ENERGY_TEST: 40044
[COMM TX] ACK|6
[COMM BT] hasClient(): TRUE
[COMM BT] Bytes written: 6/6
[COMM Resume] Checkpoint: 5
[COMM Resume] PREPARE packet ID: 4952
[COMM] Preparing packet ID: 4952
[Service] Resume execution - Task 2
[Service] Resume checkpoint: 6
[Service] Resume progress: 60%
[COMM Resume] Checkpoint: 6
[COMM Resume] SEND packet ID: 4952
[COMM BT] Sending: DATA|4952|TEMP: 30.31
[COMM BT] hasClient(): TRUE
[COMM BT] Bytes written: 22/22
RPT,91330,0,UNSET,SEND,4952,1
RPT,91405,0,UNSET,ENERGY,0,0
[Sensor] 30.25
[Service] Resume execution - Task 2
[Service] Resume checkpoint: 7
[Service] Resume progress: 80%
[COMM] ACK received for packet ID: 4952
[COMM Resume] Checkpoint: 7
[COMM Resume] WAIT_ACK packet ID: 4952
[COMM Resume] ACK already received
[Sensor Buffer] Stored: 30.25
[Service] Task 0 completed
[Service] Resume execution - Task 2
[Service] Resume checkpoint: 8
[Service] Resume progress: 95%
[COMM Resume] Checkpoint: 8
[COMM Resume] CONFIRM packet ID: 4952
RPT,91853,0,UNSET,CONFIRM,4952,1
[COMM] Packet confirmed: 4952
[Service] Task 2 completed
[COMM] Starting packet creation
[Service] Resume execution - Task 2
[Service] Resume checkpoint: 4
[Service] Resume progress: 20%
[COMM Resume] Checkpoint: 4
[COMM Resume] Continuing from CREATE
RPT,92882,0,UNSET,CREATE,4957,0
[COMM] Packet created ID: 4957
[COMM] Payload: TEMP: 30.25
[Sensor] 30.19
[Service] Resume execution - Task 2
[Service] Resume checkpoint: 5
[Service] Resume progress: 40%
[COMM Resume] Checkpoint: 5
[COMM Resume] PREPARE packet ID: 4953
[COMM] Preparing packet ID: 4953
[Sensor Buffer] Stored: 30.19
[Service] Task 0 completed
[Service] Resume execution - Task 2
[Service] Resume checkpoint: 6
[Service] Resume progress: 60%
[COMM Resume] Checkpoint: 6
[COMM Resume] SEND packet ID: 4953
[COMM BT] Sending: DATA|4953|TEMP: 30.38
[COMM BT] hasClient(): TRUE
[COMM BT] Bytes written: 22/22
RPT,93525,0,UNSET,SEND,4953,1
RPT,93600,0,UNSET,ENERGY,0,0
[Service] Resume execution - Task 2
[Service] Resume checkpoint: 7
[Service] Resume progress: 80%
[COMM] ACK received for packet ID: 4953
[COMM Resume] Checkpoint: 7
[COMM Resume] WAIT_ACK packet ID: 4953
[COMM Resume] ACK already received
[Service] Resume execution - Task 2
[Service] Resume checkpoint: 8
[Service] Resume progress: 95%
[COMM Resume] Checkpoint: 8
[COMM Resume] CONFIRM packet ID: 4953
RPT,94555,0,UNSET,CONFIRM,4953,1
[COMM] Packet confirmed: 4953
[Service] Task 2 completed
[Sensor] 30.25
[COMM] Starting packet creation
[Sensor Buffer] Stored: 30.25
[Service] Task 0 completed
[Service] Resume execution - Task 2
[Service] Resume checkpoint: 4
[Service] Resume progress: 20%
[COMM Resume] Checkpoint: 4
[COMM Resume] Continuing from CREATE
RPT,95068,0,UNSET,CREATE,4958,0
[COMM] Packet created ID: 4958
[COMM] Payload: TEMP: 30.25
[Service] Resume execution - Task 2
[Service] Resume checkpoint: 5
[Service] Resume progress: 40%
[COMM Resume] Checkpoint: 5
[COMM Resume] PREPARE packet ID: 4954
[COMM] Preparing packet ID: 4954
[Service] Resume execution - Task 2
[Service] Resume checkpoint: 6
[Service] Resume progress: 60%
[COMM Resume] Checkpoint: 6
[COMM Resume] SEND packet ID: 4954
[COMM BT] Sending: DATA|4954|TEMP: 30.31
[COMM BT] hasClient(): TRUE
[COMM BT] Bytes written: 22/22
RPT,96211,0,UNSET,SEND,4954,1
RPT,96286,0,UNSET,ENERGY,0,0
[Sensor] 30.25
[Service] Resume execution - Task 2
[Service] Resume checkpoint: 7
[Service] Resume progress: 80%
[COMM Resume] Checkpoint: 7
[COMM Resume] WAIT_ACK packet ID: 4954
[COMM Resume] ACK still pending
[Sensor Buffer] Stored: 30.25
[Service] Task 0 completed
[Service] Resume execution - Task 2
[Service] Resume checkpoint: 7
[Service] Resume progress: 80%
[COMM Resume] Checkpoint: 7
[COMM Resume] WAIT_ACK packet ID: 4954
[COMM Resume] ACK still pending
[Service] Resume execution - Task 2
[Service] Resume checkpoint: 7
[Service] Resume progress: 80%
[COMM Resume] Checkpoint: 7
[COMM Resume] WAIT_ACK packet ID: 4954
[COMM Resume] ACK still pending
[Service] Resume execution - Task 2
[Service] Resume checkpoint: 7
[Service] Resume progress: 80%
[COMM Resume] Checkpoint: 7
[COMM Resume] WAIT_ACK packet ID: 4954
[COMM Resume] ACK still pending
[Sensor] 30.25
[Service] Resume execution - Task 2
[Service] Resume checkpoint: 7
[Service] Resume progress: 80%
[COMM Resume] Checkpoint: 7
[COMM Resume] WAIT_ACK packet ID: 4954
[COMM Resume] ACK still pending
[Sensor Buffer] Stored: 30.25
[Service] Task 0 completed
[Service] Resume execution - Task 2
[Service] Resume checkpoint: 7
[Service] Resume progress: 80%
[COMM Resume] Checkpoint: 7
[COMM Resume] WAIT_ACK packet ID: 4954
[COMM Resume] ACK still pending
[Service] Resume execution - Task 2
[Service] Resume checkpoint: 7
[Service] Resume progress: 80%
[COMM Resume] Checkpoint: 7
[COMM Resume] WAIT_ACK packet ID: 4954
[COMM Resume] ACK still pending
[Service] Resume execution - Task 2
[Service] Resume checkpoint: 7
[Service] Resume progress: 80%
[COMM Resume] Checkpoint: 7
[COMM Resume] WAIT_ACK packet ID: 4954
[COMM Resume] ACK still pending
RPT,98790,0,UNSET,ENERGY,0,0
[Sensor] 30.31
[Service] Resume execution - Task 2
[Service] Resume checkpoint: 7
[Service] Resume progress: 80%
[COMM Resume] Checkpoint: 7
[COMM Resume] WAIT_ACK packet ID: 4954
[COMM Resume] ACK still pending
[Sensor Buffer] Stored: 30.31
[Service] Task 0 completed
[Service] Resume execution - Task 2
[Service] Resume checkpoint: 7
[Service] Resume progress: 80%
[COMM Resume] Checkpoint: 7
[COMM Resume] WAIT_ACK packet ID: 4954
[COMM Resume] ACK still pending
[COMM BT] CLIENT DISCONNECTED
RPT,99338,0,UNSET,BT_DISCONNECTED,0,0
[COMM BT] Searching for PersistentOS2 (reconnect)...
[COMM BT] Reconnected
RPT,100973,0,UNSET,BT_RECONNECTED,0,0
[Service] Resume execution - Task 2
[Service] Resume checkpoint: 7
[Service] Resume progress: 80%
[COMM Resume] Checkpoint: 7
[COMM Resume] WAIT_ACK packet ID: 4954
[COMM Resume] ACK still pending
RPT,100994,0,UNSET,ENERGY,0,0
[Service] Resume execution - Task 2
[Service] Resume checkpoint: 7
[Service] Resume progress: 80%
[COMM RX] Duplicate packet - re-sending ACK without reprocessing
[COMM TX] ACK|0
[COMM BT] hasClient(): TRUE
[COMM BT] Bytes written: 6/6
[COMM Resume] Checkpoint: 7
[COMM Resume] WAIT_ACK packet ID: 4954
[COMM] ACK timeout for packet ID: 4954, retrying...
[COMM BT] Sending: DATA|4954|TEMP: 30.31
[COMM BT] hasClient(): TRUE
[COMM BT] Bytes written: 22/22
RPT,101898,0,UNSET,RETRY,4954,2
[COMM Resume] ACK still pending
[Sensor] 30.25
[Service] Resume execution - Task 2
[Service] Resume checkpoint: 7
[Service] Resume progress: 80%
[COMM] ACK received for packet ID: 4954
[COMM Resume] Checkpoint: 7
[COMM Resume] WAIT_ACK packet ID: 4954
[COMM Resume] ACK already received
[Sensor Buffer] Stored: 30.25
[Service] Task 0 completed
[Service] Resume execution - Task 2
[Service] Resume checkpoint: 8
[Service] Resume progress: 95%
[COMM Resume] Checkpoint: 8
[COMM Resume] CONFIRM packet ID: 4954
RPT,102345,0,UNSET,CONFIRM,4954,2
[COMM] Packet confirmed: 4954
[Service] Task 2 completed
[COMM] Starting packet creation
[Service] Resume execution - Task 2
[Service] Resume checkpoint: 4
[Service] Resume progress: 20%
[COMM Resume] Checkpoint: 4
[COMM Resume] Continuing from CREATE
RPT,103374,0,UNSET,CREATE,4959,0
[COMM] Packet created ID: 4959
[COMM] Payload: TEMP: 30.25
RPT,103460,0,UNSET,ENERGY,0,0
[Sensor] 30.25
[Service] Resume execution - Task 2
[Service] Resume checkpoint: 5
[Service] Resume progress: 40%
[COMM Resume] Checkpoint: 5
[COMM Resume] PREPARE packet ID: 4955
[COMM] Preparing packet ID: 4955
[Sensor Buffer] Stored: 30.25
[Service] Task 0 completed
[Service] Resume execution - Task 2
[Service] Resume checkpoint: 6
[Service] Resume progress: 60%
[COMM Resume] Checkpoint: 6
[COMM Resume] SEND packet ID: 4955
[COMM BT] Sending: DATA|4955|TEMP: 30.31
[COMM BT] hasClient(): TRUE
[COMM BT] Bytes written: 22/22
RPT,104017,0,UNSET,SEND,4955,1
[Service] Resume execution - Task 2
[Service] Resume checkpoint: 7
[Service] Resume progress: 80%
[COMM] ACK received for packet ID: 4955
[COMM Resume] Checkpoint: 7
[COMM Resume] WAIT_ACK packet ID: 4955
[COMM Resume] ACK already received
[Service] Resume execution - Task 2
[Service] Resume checkpoint: 8
[Service] Resume progress: 95%
[COMM Resume] Checkpoint: 8
[COMM Resume] CONFIRM packet ID: 4955
RPT,105046,0,UNSET,CONFIRM,4955,1
[COMM] Packet confirmed: 4955
[Service] Task 2 completed
[Sensor] 30.25
[COMM] Starting packet creation
[Sensor Buffer] Stored: 30.25
[Service] Task 0 completed
[Service] Resume execution - Task 2
[Service] Resume checkpoint: 4
[Service] Resume progress: 20%
[COMM Resume] Checkpoint: 4
[COMM Resume] Continuing from CREATE
RPT,105559,0,UNSET,CREATE,4960,0
[COMM] Packet created ID: 4960
[COMM] Payload: TEMP: 30.25
RPT,105645,0,UNSET,ENERGY,0,0
[Service] Resume execution - Task 2
[Service] Resume checkpoint: 5
[Service] Resume progress: 40%
[COMM Resume] Checkpoint: 5
[COMM Resume] PREPARE packet ID: 4956
[COMM] Preparing packet ID: 4956
[Service] Resume execution - Task 2
[Service] Resume checkpoint: 6
[Service] Resume progress: 60%
[COMM Resume] Checkpoint: 6
[COMM Resume] SEND packet ID: 4956
[COMM BT] Sending: DATA|4956|TEMP: 30.25
[COMM BT] hasClient(): TRUE
[COMM BT] Bytes written: 22/22
RPT,106699,0,UNSET,SEND,4956,1
[Sensor] 30.25
[Service] Resume execution - Task 2
[Service] Resume checkpoint: 7
[Service] Resume progress: 80%
[COMM] ACK received for packet ID: 4956
[COMM RX] Duplicate packet - re-sending ACK without reprocessing
[COMM TX] ACK|1
[COMM BT] hasClient(): TRUE
[COMM BT] Bytes written: 6/6
[COMM Resume] Checkpoint: 7
[COMM Resume] WAIT_ACK packet ID: 4956
[COMM Resume] ACK already received
[Sensor Buffer] Stored: 30.25
[Service] Task 0 completed
[Service] Resume execution - Task 2
[Service] Resume checkpoint: 8
[Service] Resume progress: 95%
[COMM Resume] Checkpoint: 8
[COMM Resume] CONFIRM packet ID: 4956
RPT,107332,0,UNSET,CONFIRM,4956,1
[COMM] Packet confirmed: 4956
[Service] Task 2 completed
[COMM] Starting packet creation
RPT,107668,0,UNSET,ENERGY,0,0
[Service] Resume execution - Task 2
[Service] Resume checkpoint: 4
[Service] Resume progress: 20%
[COMM Resume] Checkpoint: 4
[COMM Resume] Continuing from CREATE
RPT,108362,0,UNSET,CREATE,4961,0
[COMM] Packet created ID: 4961
[COMM] Payload: TEMP: 30.25
[Sensor] 30.25
[Service] Resume execution - Task 2
[Service] Resume checkpoint: 5
[Service] Resume progress: 40%
[COMM Resume] Checkpoint: 5
[COMM Resume] PREPARE packet ID: 4957
[COMM] Preparing packet ID: 4957
[Sensor Buffer] Stored: 30.25
[Service] Task 0 completed
[Service] Resume execution - Task 2
[Service] Resume checkpoint: 6
[Service] Resume progress: 60%
[COMM Resume] Checkpoint: 6
[COMM Resume] SEND packet ID: 4957
[COMM BT] Sending: DATA|4957|TEMP: 30.25
[COMM BT] hasClient(): TRUE
[COMM BT] Bytes written: 22/22
RPT,109005,0,UNSET,SEND,4957,1
[Service] Resume execution - Task 2
[Service] Resume checkpoint: 7
[Service] Resume progress: 80%
[COMM] ACK received for packet ID: 4957
[COMM Resume] Checkpoint: 7
[COMM Resume] WAIT_ACK packet ID: 4957
[COMM Resume] ACK already received
[Service] Resume execution - Task 2
[Service] Resume checkpoint: 8
[Service] Resume progress: 95%
[COMM Resume] Checkpoint: 8
[COMM Resume] CONFIRM packet ID: 4957
RPT,110034,0,UNSET,CONFIRM,4957,1
[COMM] Packet confirmed: 4957
[Service] Task 2 completed
RPT,110110,0,UNSET,ENERGY,0,0
[Sensor] 30.25
[COMM] Starting packet creation
[Sensor Buffer] Stored: 30.25
[Service] Task 0 completed
[Service] Resume execution - Task 2
[Service] Resume checkpoint: 4
[Service] Resume progress: 20%
[COMM Resume] Checkpoint: 4
[COMM Resume] Continuing from CREATE
RPT,110546,0,UNSET,CREATE,4962,0
[COMM] Packet created ID: 4962
[COMM] Payload: TEMP: 30.25
[Service] Resume execution - Task 2
[Service] Resume checkpoint: 5
[Service] Resume progress: 40%
[COMM Resume] Checkpoint: 5
[COMM Resume] PREPARE packet ID: 4958
[COMM] Preparing packet ID: 4958
[Service] Resume execution - Task 2
[Service] Resume checkpoint: 6
[Service] Resume progress: 60%
[COMM Resume] Checkpoint: 6
[COMM Resume] SEND packet ID: 4958
[COMM BT] Sending: DATA|4958|TEMP: 30.25
[COMM BT] hasClient(): TRUE
[COMM BT] Bytes written: 22/22
RPT,111687,0,UNSET,SEND,4958,1
[Sensor] 30.19
[Service] Resume execution - Task 2
[Service] Resume checkpoint: 7
[Service] Resume progress: 80%
[COMM] ACK received for packet ID: 4958
[COMM Resume] Checkpoint: 7
[COMM Resume] WAIT_ACK packet ID: 4958
[COMM Resume] ACK already received
[Sensor Buffer] Stored: 30.19
[Service] Task 0 completed
[Service] Resume execution - Task 2
[Service] Resume checkpoint: 8
[Service] Resume progress: 95%
[COMM RX] Duplicate packet - re-sending ACK without reprocessing
[COMM TX] ACK|2
[COMM BT] hasClient(): TRUE
[COMM BT] Bytes written: 6/6
[COMM Resume] Checkpoint: 8
[COMM Resume] CONFIRM packet ID: 4958
RPT,112309,0,UNSET,CONFIRM,4958,1
[COMM] Packet confirmed: 4958
[Service] Task 2 completed
RPT,112395,0,UNSET,ENERGY,0,0
[COMM] Starting packet creation
[Service] Resume execution - Task 2
[Service] Resume checkpoint: 4
[Service] Resume progress: 20%
[COMM Resume] Checkpoint: 4
[COMM Resume] Continuing from CREATE
RPT,113338,0,UNSET,CREATE,4963,0
[COMM] Packet created ID: 4963
[COMM] Payload: TEMP: 30.19
[Sensor] 30.19
[Service] Resume execution - Task 2
[Service] Resume checkpoint: 5
[Service] Resume progress: 40%
[COMM Resume] Checkpoint: 5
[COMM Resume] PREPARE packet ID: 4959
[COMM] Preparing packet ID: 4959
[Sensor Buffer] Stored: 30.19
[Service] Task 0 completed
[Service] Resume execution - Task 2
[Service] Resume checkpoint: 6
[Service] Resume progress: 60%
[COMM Resume] Checkpoint: 6
[COMM Resume] SEND packet ID: 4959
[COMM BT] Sending: DATA|4959|TEMP: 30.25
[COMM BT] hasClient(): TRUE
[COMM BT] Bytes written: 22/22
RPT,113981,0,UNSET,SEND,4959,1
[Service] Resume execution - Task 2
[Service] Resume checkpoint: 7
[Service] Resume progress: 80%
[COMM] ACK received for packet ID: 4959
[COMM Resume] Checkpoint: 7
[COMM Resume] WAIT_ACK packet ID: 4959
[COMM Resume] ACK already received
[Service] Resume execution - Task 2
[Service] Resume checkpoint: 8
[Service] Resume progress: 95%
[COMM Resume] Checkpoint: 8
[COMM Resume] CONFIRM packet ID: 4959
RPT,115010,0,UNSET,CONFIRM,4959,1
[COMM] Packet confirmed: 4959
[Service] Task 2 completed
RPT,115085,0,UNSET,ENERGY,0,0
[Sensor] 30.25
[COMM] Starting packet creation
[Sensor Buffer] Stored: 30.25
[Service] Task 0 completed
[Service] Resume execution - Task 2
[Service] Resume checkpoint: 4
[Service] Resume progress: 20%
[COMM Resume] Checkpoint: 4
[COMM Resume] Continuing from CREATE
RPT,115523,0,UNSET,CREATE,4964,0
[COMM] Packet created ID: 4964
[COMM] Payload: TEMP: 30.25
[Service] Resume execution - Task 2
[Service] Resume checkpoint: 5
[Service] Resume progress: 40%
[COMM Resume] Checkpoint: 5
[COMM Resume] PREPARE packet ID: 4960
[COMM] Preparing packet ID: 4960
[Service] Resume execution - Task 2
[Service] Resume checkpoint: 6
[Service] Resume progress: 60%
[COMM Resume] Checkpoint: 6
[COMM Resume] SEND packet ID: 4960
[COMM BT] Sending: DATA|4960|TEMP: 30.25
[COMM BT] hasClient(): TRUE
[COMM BT] Bytes written: 22/22
RPT,116663,0,UNSET,SEND,4960,1
[Sensor] 30.19
[Service] Resume execution - Task 2
[Service] Resume checkpoint: 7
[Service] Resume progress: 80%
[COMM] ACK received for packet ID: 4960
[COMM Resume] Checkpoint: 7
[COMM Resume] WAIT_ACK packet ID: 4960
[COMM Resume] ACK already received
[Sensor Buffer] Stored: 30.19
[Service] Task 0 completed
[Service] Resume execution - Task 2
[Service] Resume checkpoint: 8
[Service] Resume progress: 95%
[COMM Resume] Checkpoint: 8
[COMM Resume] CONFIRM packet ID: 4960
RPT,117185,0,UNSET,CONFIRM,4960,1
[COMM] Packet confirmed: 4960
[Service] Task 2 completed
RPT,117270,0,UNSET,ENERGY,0,0
[COMM RX] Duplicate packet - re-sending ACK without reprocessing
[COMM TX] ACK|3
[COMM BT] hasClient(): TRUE
[COMM BT] Bytes written: 6/6
[COMM] Starting packet creation
[Service] Resume execution - Task 2
[Service] Resume checkpoint: 4
[Service] Resume progress: 20%
[COMM Resume] Checkpoint: 4
[COMM Resume] Continuing from CREATE
RPT,118314,0,UNSET,CREATE,4965,0
[COMM] Packet created ID: 4965
[COMM] Payload: TEMP: 30.19
[Sensor] 30.25
[Service] Resume execution - Task 2
[Service] Resume checkpoint: 5
[Service] Resume progress: 40%
[COMM Resume] Checkpoint: 5
[COMM Resume] PREPARE packet ID: 4961
[COMM] Preparing packet ID: 4961
[Sensor Buffer] Stored: 30.25
[Service] Task 0 completed
[Service] Resume execution - Task 2
[Service] Resume checkpoint: 6
[Service] Resume progress: 60%
[COMM Resume] Checkpoint: 6
[COMM Resume] SEND packet ID: 4961
[COMM BT] Sending: DATA|4961|TEMP: 30.25
[COMM BT] hasClient(): TRUE
[COMM BT] Bytes written: 22/22
RPT,118957,0,UNSET,SEND,4961,1
[Service] Resume execution - Task 2
[Service] Resume checkpoint: 7
[Service] Resume progress: 80%
[COMM] ACK received for packet ID: 4961
[COMM Resume] Checkpoint: 7
[COMM Resume] WAIT_ACK packet ID: 4961
[COMM Resume] ACK already received
RPT,119293,0,UNSET,ENERGY,0,0
[Service] Resume execution - Task 2
[Service] Resume checkpoint: 8
[Service] Resume progress: 95%
[COMM Resume] Checkpoint: 8
[COMM Resume] CONFIRM packet ID: 4961
RPT,119986,0,UNSET,CONFIRM,4961,1
[COMM] Packet confirmed: 4961
[Service] Task 2 completed
[Sensor] 30.12
[COMM] Starting packet creation
[Sensor Buffer] Stored: 30.12
[Service] Task 0 completed
[Service] Resume execution - Task 2
[Service] Resume checkpoint: 4
[Service] Resume progress: 20%
[COMM Resume] Checkpoint: 4
[COMM Resume] Continuing from CREATE
RPT,120499,0,UNSET,CREATE,4966,0
[COMM] Packet created ID: 4966
[COMM] Payload: TEMP: 30.12
[Service] Resume execution - Task 2
[Service] Resume checkpoint: 5
[Service] Resume progress: 40%
[COMM Resume] Checkpoint: 5
[COMM Resume] PREPARE packet ID: 4962
[COMM] Preparing packet ID: 4962
[Service] Resume execution - Task 2
[Service] Resume checkpoint: 6
[Service] Resume progress: 60%
[COMM Resume] Checkpoint: 6
[COMM Resume] SEND packet ID: 4962
[COMM BT] Sending: DATA|4962|TEMP: 30.25
[COMM BT] hasClient(): TRUE
[COMM BT] Bytes written: 22/22
RPT,121639,0,UNSET,SEND,4962,1
RPT,121714,0,UNSET,ENERGY,0,0
[Sensor] 30.19
[Service] Resume execution - Task 2
[Service] Resume checkpoint: 7
[Service] Resume progress: 80%
[COMM] ACK received for packet ID: 4962
[COMM Resume] Checkpoint: 7
[COMM Resume] WAIT_ACK packet ID: 4962
[COMM Resume] ACK already received
[Sensor Buffer] Stored: 30.19
[Service] Task 0 completed
[Service] Resume execution - Task 2
[Service] Resume checkpoint: 8
[Service] Resume progress: 95%
[COMM Resume] Checkpoint: 8
[COMM Resume] CONFIRM packet ID: 4962
RPT,122162,0,UNSET,CONFIRM,4962,1
[COMM] Packet confirmed: 4962
[Service] Task 2 completed
[COMM] Starting packet creation
[Service] Resume execution - Task 2
[Service] Resume checkpoint: 4
[Service] Resume progress: 20%
[COMM RX] Duplicate packet - re-sending ACK without reprocessing
[COMM TX] ACK|4
[COMM BT] hasClient(): TRUE
[COMM BT] Bytes written: 6/6
[COMM Resume] Checkpoint: 4
[COMM Resume] Continuing from CREATE
RPT,123291,0,UNSET,CREATE,4967,0
[COMM] Packet created ID: 4967
[COMM] Payload: TEMP: 30.19
[Sensor] 30.19
[Service] Resume execution - Task 2
[Service] Resume checkpoint: 5
[Service] Resume progress: 40%
[COMM Resume] Checkpoint: 5
[COMM Resume] PREPARE packet ID: 4963
[COMM] Preparing packet ID: 4963
[Sensor Buffer] Stored: 30.19
[Service] Task 0 completed
[Service] Resume execution - Task 2
[Service] Resume checkpoint: 6
[Service] Resume progress: 60%
[COMM Resume] Checkpoint: 6
[COMM Resume] SEND packet ID: 4963
[COMM BT] Sending: DATA|4963|TEMP: 30.19
[COMM BT] hasClient(): TRUE
[COMM BT] Bytes written: 22/22
RPT,123934,0,UNSET,SEND,4963,1
RPT,124009,0,UNSET,ENERGY,0,0
[Service] Resume execution - Task 2
[Service] Resume checkpoint: 7
[Service] Resume progress: 80%
[COMM] ACK received for packet ID: 4963
[COMM Resume] Checkpoint: 7
[COMM Resume] WAIT_ACK packet ID: 4963
[COMM Resume] ACK already received
[Service] Resume execution - Task 2
[Service] Resume checkpoint: 8
[Service] Resume progress: 95%
[COMM Resume] Checkpoint: 8
[COMM Resume] CONFIRM packet ID: 4963
RPT,124964,0,UNSET,CONFIRM,4963,1
[COMM] Packet confirmed: 4963
[Service] Task 2 completed
[Sensor] 30.19
[COMM] Starting packet creation
[Sensor Buffer] Stored: 30.19
[Service] Task 0 completed
[Service] Resume execution - Task 2
[Service] Resume checkpoint: 4
[Service] Resume progress: 20%
[COMM Resume] Checkpoint: 4
[COMM Resume] Continuing from CREATE
RPT,125477,0,UNSET,CREATE,4968,0
[COMM] Packet created ID: 4968
[COMM] Payload: TEMP: 30.19
[Service] Resume execution - Task 2
[Service] Resume checkpoint: 5
[Service] Resume progress: 40%
[COMM Resume] Checkpoint: 5
[COMM Resume] PREPARE packet ID: 4964
[COMM] Preparing packet ID: 4964
[Service] Resume execution - Task 2
[Service] Resume checkpoint: 6
[Service] Resume progress: 60%
[COMM Resume] Checkpoint: 6
[COMM Resume] SEND packet ID: 4964
[COMM BT] Sending: DATA|4964|TEMP: 30.25
[COMM BT] hasClient(): TRUE
[COMM BT] Bytes written: 22/22
RPT,126617,0,UNSET,SEND,4964,1
RPT,126692,0,UNSET,ENERGY,0,0
[Sensor] 30.12
[Service] Resume execution - Task 2
[Service] Resume checkpoint: 7
[Service] Resume progress: 80%
[COMM] ACK received for packet ID: 4964
[COMM Resume] Checkpoint: 7
[COMM Resume] WAIT_ACK packet ID: 4964
[COMM Resume] ACK already received
[Sensor Buffer] Stored: 30.12
[Service] Task 0 completed
[Service] Resume execution - Task 2
[Service] Resume checkpoint: 8
[Service] Resume progress: 95%
[COMM Resume] Checkpoint: 8
[COMM Resume] CONFIRM packet ID: 4964
RPT,127140,0,UNSET,CONFIRM,4964,1
[COMM] Packet confirmed: 4964
[Service] Task 2 completed
[COMM] Starting packet creation
[Service] Resume execution - Task 2
[Service] Resume checkpoint: 4
[Service] Resume progress: 20%
[COMM Resume] Checkpoint: 4
[COMM Resume] Continuing from CREATE
RPT,128169,0,UNSET,CREATE,4969,0
[COMM] Packet created ID: 4969
[COMM] Payload: TEMP: 30.12
[Sensor] 30.19
[Service] Resume execution - Task 2
[Service] Resume checkpoint: 5
[Service] Resume progress: 40%
[COMM RX] Duplicate packet - re-sending ACK without reprocessing
[COMM TX] ACK|5
[COMM BT] hasClient(): TRUE
[COMM BT] Bytes written: 6/6
[COMM Resume] Checkpoint: 5
[COMM Resume] PREPARE packet ID: 4965
[COMM] Preparing packet ID: 4965
[Sensor Buffer] Stored: 30.19
[Service] Task 0 completed
[Service] Resume execution - Task 2
[Service] Resume checkpoint: 6
[Service] Resume progress: 60%
[COMM Resume] Checkpoint: 6
[COMM Resume] SEND packet ID: 4965
[COMM BT] Sending: DATA|4965|TEMP: 30.19
[COMM BT] hasClient(): TRUE
[COMM BT] Bytes written: 22/22
RPT,128912,0,UNSET,SEND,4965,1
RPT,128987,0,UNSET,ENERGY,0,0
[Service] Resume execution - Task 2
[Service] Resume checkpoint: 7
[Service] Resume progress: 80%
[COMM] ACK received for packet ID: 4965
[COMM Resume] Checkpoint: 7
[COMM Resume] WAIT_ACK packet ID: 4965
[COMM Resume] ACK already received
[Service] Resume execution - Task 2
[Service] Resume checkpoint: 8
[Service] Resume progress: 95%
[COMM Resume] Checkpoint: 8
[COMM Resume] CONFIRM packet ID: 4965
RPT,129942,0,UNSET,CONFIRM,4965,1
[COMM] Packet confirmed: 4965
[Service] Task 2 completed
[Sensor] 30.12
[COMM] Starting packet creation
[Sensor Buffer] Stored: 30.12
[Service] Task 0 completed
[Service] Resume execution - Task 2
[Service] Resume checkpoint: 4
[Service] Resume progress: 20%
[COMM Resume] Checkpoint: 4
[COMM Resume] Continuing from CREATE
RPT,130455,0,UNSET,CREATE,4970,0
[COMM] Packet created ID: 4970
[COMM] Payload: TEMP: 30.12
[Service] Resume execution - Task 2
[Service] Resume checkpoint: 5
[Service] Resume progress: 40%
[COMM Resume] Checkpoint: 5
[COMM Resume] PREPARE packet ID: 4966
[COMM] Preparing packet ID: 4966
[Service] Resume execution - Task 2
[Service] Resume checkpoint: 6
[Service] Resume progress: 60%
[COMM Resume] Checkpoint: 6
[COMM Resume] SEND packet ID: 4966
[COMM BT] Sending: DATA|4966|TEMP: 30.12
[COMM BT] hasClient(): TRUE
[COMM BT] Bytes written: 22/22
RPT,131595,0,UNSET,SEND,4966,1
RPT,131670,0,UNSET,ENERGY,0,0
[Sensor] 30.12
[Service] Resume execution - Task 2
[Service] Resume checkpoint: 7
[Service] Resume progress: 80%
[COMM] ACK received for packet ID: 4966
[COMM Resume] Checkpoint: 7
[COMM Resume] WAIT_ACK packet ID: 4966
[COMM Resume] ACK already received
[Sensor Buffer] Stored: 30.12
[Service] Task 0 completed
[Service] Resume execution - Task 2
[Service] Resume checkpoint: 8
[Service] Resume progress: 95%
[COMM Resume] Checkpoint: 8
[COMM Resume] CONFIRM packet ID: 4966
RPT,132118,0,UNSET,CONFIRM,4966,1
[COMM] Packet confirmed: 4966
[Service] Task 2 completed
[COMM] Starting packet creation
[Service] Resume execution - Task 2
[Service] Resume checkpoint: 4
[Service] Resume progress: 20%
[COMM Resume] Checkpoint: 4
[COMM Resume] Continuing from CREATE
RPT,133147,0,UNSET,CREATE,4971,0
[COMM] Packet created ID: 4971
[COMM] Payload: TEMP: 30.12
[Sensor] 30.12
[Service] Resume execution - Task 2
[Service] Resume checkpoint: 5
[Service] Resume progress: 40%
[COMM Resume] Checkpoint: 5
[COMM Resume] PREPARE packet ID: 4967
[COMM] Preparing packet ID: 4967
[Sensor Buffer] Stored: 30.12
[Service] Task 0 completed
[Service] Resume execution - Task 2
[Service] Resume checkpoint: 6
[Service] Resume progress: 60%
[COMM RX] Duplicate packet - re-sending ACK without reprocessing
[COMM TX] ACK|6
[COMM BT] hasClient(): TRUE
[COMM BT] Bytes written: 6/6
[COMM Resume] Checkpoint: 6
[COMM Resume] SEND packet ID: 4967
[COMM BT] Sending: DATA|4967|TEMP: 30.19
[COMM BT] hasClient(): TRUE
[COMM BT] Bytes written: 22/22
RPT,133890,0,UNSET,SEND,4967,1
RPT,133965,0,UNSET,ENERGY,0,0
[Service] Resume execution - Task 2
[Service] Resume checkpoint: 7
[Service] Resume progress: 80%
[COMM] ACK received for packet ID: 4967
[COMM Resume] Checkpoint: 7
[COMM Resume] WAIT_ACK packet ID: 4967
[COMM Resume] ACK already received
[Service] Resume execution - Task 2
[Service] Resume checkpoint: 8
[Service] Resume progress: 95%
[COMM Resume] Checkpoint: 8
[COMM Resume] CONFIRM packet ID: 4967
RPT,134920,0,UNSET,CONFIRM,4967,1
[COMM] Packet confirmed: 4967
[Service] Task 2 completed
[Sensor] 30.12
[COMM] Starting packet creation
[Sensor Buffer] Stored: 30.12
[Service] Task 0 completed
[Service] Resume execution - Task 2
[Service] Resume checkpoint: 4
[Service] Resume progress: 20%
[COMM Resume] Checkpoint: 4
[COMM Resume] Continuing from CREATE
RPT,135432,0,UNSET,CREATE,4972,0
[COMM] Packet created ID: 4972
[COMM] Payload: TEMP: 30.12
[Service] Resume execution - Task 2
[Service] Resume checkpoint: 5
[Service] Resume progress: 40%
[COMM Resume] Checkpoint: 5
[COMM Resume] PREPARE packet ID: 4968
[COMM] Preparing packet ID: 4968
[Service] Resume execution - Task 2
[Service] Resume checkpoint: 6
[Service] Resume progress: 60%
[COMM Resume] Checkpoint: 6
[COMM Resume] SEND packet ID: 4968
[COMM BT] Sending: DATA|4968|TEMP: 30.19
[COMM BT] hasClient(): TRUE
[COMM BT] Bytes written: 22/22
RPT,136573,0,UNSET,SEND,4968,1
RPT,136648,0,UNSET,ENERGY,0,0
[Sensor] 30.12
[Service] Resume execution - Task 2
[Service] Resume checkpoint: 7
[Service] Resume progress: 80%
[COMM] ACK received for packet ID: 4968
[COMM Resume] Checkpoint: 7
[COMM Resume] WAIT_ACK packet ID: 4968
[COMM Resume] ACK already received
[Sensor Buffer] Stored: 30.12
[Service] Task 0 completed
[Service] Resume execution - Task 2
[Service] Resume checkpoint: 8
[Service] Resume progress: 95%
[COMM Resume] Checkpoint: 8
[COMM Resume] CONFIRM packet ID: 4968
RPT,137096,0,UNSET,CONFIRM,4968,1
[COMM] Packet confirmed: 4968
[Service] Task 2 completed
[COMM] Starting packet creation
[Service] Resume execution - Task 2
[Service] Resume checkpoint: 4
[Service] Resume progress: 20%
[COMM Resume] Checkpoint: 4
[COMM Resume] Continuing from CREATE
RPT,138125,0,UNSET,CREATE,4973,0
[COMM] Packet created ID: 4973
[COMM] Payload: TEMP: 30.12
[Sensor] 30.06
[Service] Resume execution - Task 2
[Service] Resume checkpoint: 5
[Service] Resume progress: 40%
[COMM Resume] Checkpoint: 5
[COMM Resume] PREPARE packet ID: 4969
[COMM] Preparing packet ID: 4969
[Sensor Buffer] Stored: 30.06
[Service] Task 0 completed
[Service] Resume execution - Task 2
[Service] Resume checkpoint: 6
[Service] Resume progress: 60%
[COMM Resume] Checkpoint: 6
[COMM Resume] SEND packet ID: 4969
[COMM BT] Sending: DATA|4969|TEMP: 30.12
[COMM BT] hasClient(): TRUE
[COMM BT] Bytes written: 22/22
RPT,138768,0,UNSET,SEND,4969,1
RPT,138843,0,UNSET,ENERGY,0,0
[Service] Resume execution - Task 2
[Service] Resume checkpoint: 7
[Service] Resume progress: 80%
[COMM] ACK received for packet ID: 4969
[COMM RX] Remote data (packet 7): ENERGY_TEST: 42819
[COMM TX] ACK|7
[COMM BT] hasClient(): TRUE
[COMM BT] Bytes written: 6/6
[COMM Resume] Checkpoint: 7
[COMM Resume] WAIT_ACK packet ID: 4969
[COMM Resume] ACK already received
[Service] Resume execution - Task 2
[Service] Resume checkpoint: 8
[Service] Resume progress: 95%
[COMM Resume] Checkpoint: 8
[COMM Resume] CONFIRM packet ID: 4969
RPT,139909,0,UNSET,CONFIRM,4969,1
[COMM] Packet confirmed: 4969
[Service] Task 2 completed
[Sensor] 30.00
[COMM] Starting packet creation
[Sensor Buffer] Stored: 30.00
[Service] Task 0 completed
[Service] Resume execution - Task 2
[Service] Resume checkpoint: 4
[Service] Resume progress: 20%
[COMM Resume] Checkpoint: 4
[COMM Resume] Continuing from CREATE
RPT,140422,0,UNSET,CREATE,4974,0
[COMM] Packet created ID: 4974
[COMM] Payload: TEMP: 30.00
[Service] Resume execution - Task 2
[Service] Resume checkpoint: 5
[Service] Resume progress: 40%
[COMM Resume] Checkpoint: 5
[COMM Resume] PREPARE packet ID: 4970
[COMM] Preparing packet ID: 4970
[Service] Resume execution - Task 2
[Service] Resume checkpoint: 6
[Service] Resume progress: 60%
[COMM Resume] Checkpoint: 6
[COMM Resume] SEND packet ID: 4970
[COMM BT] Sending: DATA|4970|TEMP: 30.12
[COMM BT] hasClient(): TRUE
[COMM BT] Bytes written: 22/22
RPT,141562,0,UNSET,SEND,4970,1
RPT,141637,0,UNSET,ENERGY,0,0
[Sensor] 30.06
[Service] Resume execution - Task 2
[Service] Resume checkpoint: 7
[Service] Resume progress: 80%
[COMM] ACK received for packet ID: 4970
[COMM Resume] Checkpoint: 7
[COMM Resume] WAIT_ACK packet ID: 4970
[COMM Resume] ACK already received
[Sensor Buffer] Stored: 30.06
[Service] Task 0 completed
[Service] Resume execution - Task 2
[Service] Resume checkpoint: 8
[Service] Resume progress: 95%
[COMM Resume] Checkpoint: 8
[COMM Resume] CONFIRM packet ID: 4970
RPT,142085,0,UNSET,CONFIRM,4970,1
[COMM] Packet confirmed: 4970
[Service] Task 2 completed
[COMM] Starting packet creation
[Service] Resume execution - Task 2
[Service] Resume checkpoint: 4
[Service] Resume progress: 20%
[COMM Resume] Checkpoint: 4
[COMM Resume] Continuing from CREATE
RPT,143114,0,UNSET,CREATE,4975,0
[COMM] Packet created ID: 4975
[COMM] Payload: TEMP: 30.06
[Sensor] 30.06
[Service] Resume execution - Task 2
[Service] Resume checkpoint: 5
[Service] Resume progress: 40%
[COMM Resume] Checkpoint: 5
[COMM Resume] PREPARE packet ID: 4971
[COMM] Preparing packet ID: 4971
[Sensor Buffer] Stored: 30.06
[Service] Task 0 completed
[Service] Resume execution - Task 2
[Service] Resume checkpoint: 6
[Service] Resume progress: 60%
[COMM Resume] Checkpoint: 6
[COMM Resume] SEND packet ID: 4971
[COMM BT] Sending: DATA|4971|TEMP: 30.12
[COMM BT] hasClient(): TRUE
[COMM BT] Bytes written: 22/22
RPT,143757,0,UNSET,SEND,4971,1
RPT,143832,0,UNSET,ENERGY,0,0
ets Jul 29 2019 12:21:46

rst:0x1 (POWERON_RESET),boot:0x17 (SPI_FAST_FLASH_BOOT)
configsip: 0, SPIWP:0xee
clk_drv:0x00,q_drv:0x00,d_drv:0x00,cs0_drv:0x00,hd_drv:0x00,wp_drv:0x00
mode:DIO, clock div:1
load:0x3fff0030,len:1184
load:0x40078000,len:13220
ho 0 tail 12 room 4
load:0x40080400,len:3028
entry 0x400805e4
ets Jul 29 2019 12:21:46

rst:0x1 (POWERON_RESET),boot:0x17 (SPI_FAST_FLASH_BOOT)
configsip: 0, SPIWP:0xee
clk_drv:0x00,q_drv:0x00,d_drv:0x00,cs0_drv:0x00,hd_drv:0x00,wp_drv:0x00
mode:DIO, clock div:1
load:0x3fff0030,len:1184
load:0x40078000,len:13220
ho 0 tail 12 room 4
load:0x40080400,len:3028
entry 0x400805e4
ets Jul 29 2019 12:21:46

rst:0x1 (POWERON_RESET),boot:0x17 (SPI_FAST_FLASH_BOOT)
configsip: 0, SPIWP:0xee
clk_drv:0x00,q_drv:0x00,d_drv:0x00,cs0_drv:0x00,hd_drv:0x00,wp_drv:0x00
mode:DIO, clock div:1
load:0x3fff0030,len:1184
load:0x40078000,len:13220
ho 0 tail 12 room 4
load:0x40080400,len:3028
entry 0x400805e4

=================================
  PERSISTENT OS - REPORT BUILD
=================================

RPT,millis,scenario_id,scenario_name,event,packetId,value

[REPORT] =================================
[REPORT] Tagueo de escenario (paper, Sección 4)
[REPORT] =================================
[REPORT] a -> 1. NORMAL
[REPORT] b -> 2. REMOTE_OFF
[REPORT] c -> 3. ACK_DELAYED
[REPORT] d -> 4. CUT_WAIT_ACK
[REPORT] e -> 5. CUT_BEFORE_SEND
[REPORT] f -> 6. CUT_AFTER_CREATE
[REPORT] g -> 7. CUT_RECEIVER_ACK_LOST
[REPORT] h -> mostrar este menú
[REPORT] =================================

[SIM] Simulation manager initialized
[ALARM] Manager initialized
[FRAM] Hardware detected
[BOOT] Persistent memory available
[BOOT] Previous state recovered
[BOOT] Count: 123
[BOOT] Recovery: YES
[ResumeManager] Recovery mode: ENABLED
[COMM] Initializing Bluetooth...
[COMM] Bluetooth begin attempt #1
[COMM] Bluetooth initialized
[COMM] Device name: PersistentOS1
[COMM] Searching for PersistentOS2...
[COMM] Bluetooth connect attempt #1
[COMM] Connected to PersistentOS2
[COMM] Bluetooth selected
[SYSTEM] Communication manager ready

[ENERGY] Manager initialized
[ENERGY] Level: 100.00% | State: NORMAL
[PREDICTION] Manager initialized
[BEHAVIOR] Manager initialized

=================================
Scenario: NORMAL
=================================

[SYSTEM] Sensor service ready
[SYSTEM] Communication service ready
[SYSTEM] Failure manager ready
[SYSTEM] Energy manager ready

[SYSTEM] =================================
[SYSTEM] RECOVERY BOOT DETECTED
[SYSTEM] =================================
[SYSTEM] Task 0 checkpoint: 1 | progress: 25% | completed: NO
[SYSTEM] Task 1 checkpoint: 0 | progress: 0% | completed: NO
[SYSTEM] Task 2 checkpoint: 7 | progress: 80% | completed: NO
[SYSTEM] Task 3 checkpoint: 0 | progress: 0% | completed: NO
[SYSTEM] Task 4 checkpoint: 0 | progress: 0% | completed: NO
[SYSTEM] Task 5 checkpoint: 0 | progress: 0% | completed: NO
[SYSTEM] Task 6 checkpoint: 0 | progress: 0% | completed: NO
[SYSTEM] Task 7 checkpoint: 0 | progress: 0% | completed: NO
[SYSTEM] Task 8 checkpoint: 0 | progress: 0% | completed: NO
[SYSTEM] Task 9 checkpoint: 0 | progress: 0% | completed: NO
[SYSTEM] =================================

RPT,3803,0,UNSET,BOOT_RECOVERY,0,0
[COMM BT] CLIENT CONNECTED
RPT,4386,0,UNSET,BT_CONNECTED,0,0
[Service] Resume execution - Task 2
[Service] Resume checkpoint: 7
[Service] Resume progress: 80%
[COMM Resume] Checkpoint: 7
[COMM Resume] WAIT_ACK packet ID: 4971
[COMM] ACK timeout for packet ID: 4971, retrying...
[COMM BT] Sending: DATA|4971|TEMP: 30.12
[COMM BT] hasClient(): TRUE
[COMM BT] Bytes written: 22/22
RPT,4508,0,UNSET,RETRY,4971,2
[COMM Resume] ACK still pending
RPT,4508,0,UNSET,ENERGY,0,10000
[Sensor] 30.19
[Service] Resume execution - Task 2
[Service] Resume checkpoint: 7
[Service] Resume progress: 80%
[COMM] ACK received for packet ID: 4971
[COMM Resume] Checkpoint: 7
[COMM Resume] WAIT_ACK packet ID: 4971
[COMM Resume] ACK already received
[Sensor Buffer] Stored: 30.19
[Service] Task 0 completed
[Service] Resume execution - Task 2
[Service] Resume checkpoint: 8
[Service] Resume progress: 95%
[COMM Resume] Checkpoint: 8
[COMM Resume] CONFIRM packet ID: 4971
RPT,4955,0,UNSET,CONFIRM,4971,2
RPT,4955,0,UNSET,RECOVERY_LATENCY_MS,4971,1152
[COMM] Packet confirmed: 4971
[Service] Task 2 completed
[COMM RX] Remote data (packet 0): ENERGY_TEST: 5004
[COMM TX] ACK|0
[COMM BT] hasClient(): TRUE
[COMM BT] Bytes written: 6/6
[COMM] Starting packet creation
[Service] Resume execution - Task 2
[Service] Resume checkpoint: 4
[Service] Resume progress: 20%
[COMM Resume] Checkpoint: 4
[COMM Resume] Continuing from CREATE
RPT,6084,0,UNSET,CREATE,4976,0
[COMM] Packet created ID: 4976
[COMM] Payload: TEMP: 30.19
[Sensor] 30.25
[Service] Resume execution - Task 2
[Service] Resume checkpoint: 5
[Service] Resume progress: 40%
[COMM Resume] Checkpoint: 5
[COMM Resume] PREPARE packet ID: 4972
[COMM] Preparing packet ID: 4972
[Sensor Buffer] Stored: 30.25
[Service] Task 0 completed
[Service] Resume execution - Task 2
[Service] Resume checkpoint: 6
[Service] Resume progress: 60%
[COMM Resume] Checkpoint: 6
[COMM Resume] SEND packet ID: 4972
[COMM BT] Sending: DATA|4972|TEMP: 30.12
[COMM BT] hasClient(): TRUE
[COMM BT] Bytes written: 22/22
RPT,6728,0,UNSET,SEND,4972,1
RPT,6803,0,UNSET,ENERGY,0,9000
[Service] Resume execution - Task 2
[Service] Resume checkpoint: 7
[Service] Resume progress: 80%
[COMM] ACK received for packet ID: 4972
[COMM Resume] Checkpoint: 7
[COMM Resume] WAIT_ACK packet ID: 4972
[COMM Resume] ACK already received
[Service] Resume execution - Task 2
[Service] Resume checkpoint: 8
[Service] Resume progress: 95%
[COMM Resume] Checkpoint: 8
[COMM Resume] CONFIRM packet ID: 4972
RPT,7758,0,UNSET,CONFIRM,4972,1
[COMM] Packet confirmed: 4972
[Service] Task 2 completed
[Sensor] 30.19
[COMM] Starting packet creation
[Sensor Buffer] Stored: 30.19
[Service] Task 0 completed
[Service] Resume execution - Task 2
[Service] Resume checkpoint: 4
[Service] Resume progress: 20%
[COMM Resume] Checkpoint: 4
[COMM Resume] Continuing from CREATE
RPT,8271,0,UNSET,CREATE,4977,0
[COMM] Packet created ID: 4977
[COMM] Payload: TEMP: 30.19
[Service] Resume execution - Task 2
[Service] Resume checkpoint: 5
[Service] Resume progress: 40%
[COMM Resume] Checkpoint: 5
[COMM Resume] PREPARE packet ID: 4973
[COMM] Preparing packet ID: 4973
[Service] Resume execution - Task 2
[Service] Resume checkpoint: 6
[Service] Resume progress: 60%
[COMM Resume] Checkpoint: 6
[COMM Resume] SEND packet ID: 4973
[COMM BT] Sending: DATA|4973|TEMP: 30.12
[COMM BT] hasClient(): TRUE
[COMM BT] Bytes written: 22/22
RPT,9411,0,UNSET,SEND,4973,1
RPT,9486,0,UNSET,ENERGY,0,8000
[Sensor] 30.19
[Service] Resume execution - Task 2
[Service] Resume checkpoint: 7
[Service] Resume progress: 80%
[COMM] ACK received for packet ID: 4973
[COMM Resume] Checkpoint: 7
[COMM Resume] WAIT_ACK packet ID: 4973
[COMM Resume] ACK already received
[Sensor Buffer] Stored: 30.19
[Service] Task 0 completed
[Service] Resume execution - Task 2
[Service] Resume checkpoint: 8
[Service] Resume progress: 95%
[COMM Resume] Checkpoint: 8
[COMM Resume] CONFIRM packet ID: 4973
RPT,9934,0,UNSET,CONFIRM,4973,1
[COMM] Packet confirmed: 4973
[Service] Task 2 completed
[COMM] Starting packet creation
[Service] Resume execution - Task 2
[Service] Resume checkpoint: 4
[Service] Resume progress: 20%
[COMM RX] Remote data (packet 1): ENERGY_TEST: 10274
[COMM TX] ACK|1
[COMM BT] hasClient(): TRUE
[COMM BT] Bytes written: 6/6
[COMM Resume] Checkpoint: 4
[COMM Resume] Continuing from CREATE
RPT,11063,0,UNSET,CREATE,4978,0
[COMM] Packet created ID: 4978
[COMM] Payload: TEMP: 30.19
[Sensor] 30.19
[Service] Resume execution - Task 2
[Service] Resume checkpoint: 5
[Service] Resume progress: 40%
[COMM Resume] Checkpoint: 5
[COMM Resume] PREPARE packet ID: 4974
[COMM] Preparing packet ID: 4974
[Sensor Buffer] Stored: 30.19
[Service] Task 0 completed
[Service] Resume execution - Task 2
[Service] Resume checkpoint: 6
[Service] Resume progress: 60%
[COMM Resume] Checkpoint: 6
[COMM Resume] SEND packet ID: 4974
[COMM BT] Sending: DATA|4974|TEMP: 30.00
[COMM BT] hasClient(): TRUE
[COMM BT] Bytes written: 22/22
RPT,11706,0,UNSET,SEND,4974,1
RPT,11781,0,UNSET,ENERGY,0,7500
[Service] Resume execution - Task 2
[Service] Resume checkpoint: 7
[Service] Resume progress: 80%
[COMM] ACK received for packet ID: 4974
[COMM Resume] Checkpoint: 7
[COMM Resume] WAIT_ACK packet ID: 4974
[COMM Resume] ACK already received
[Service] Resume execution - Task 2
[Service] Resume checkpoint: 8
[Service] Resume progress: 95%
[COMM Resume] Checkpoint: 8
[COMM Resume] CONFIRM packet ID: 4974
RPT,12736,0,UNSET,CONFIRM,4974,1
[COMM] Packet confirmed: 4974
[Service] Task 2 completed
[Sensor] 30.19
[COMM] Starting packet creation
[Sensor Buffer] Stored: 30.19
[Service] Task 0 completed
[Service] Resume execution - Task 2
[Service] Resume checkpoint: 4
[Service] Resume progress: 20%
[COMM Resume] Checkpoint: 4
[COMM Resume] Continuing from CREATE
RPT,13248,0,UNSET,CREATE,4979,0
[COMM] Packet created ID: 4979
[COMM] Payload: TEMP: 30.19
[Service] Resume execution - Task 2
[Service] Resume checkpoint: 5
[Service] Resume progress: 40%
[COMM Resume] Checkpoint: 5
[COMM Resume] PREPARE packet ID: 4975
[COMM] Preparing packet ID: 4975
[Service] Resume execution - Task 2
[Service] Resume checkpoint: 6
[Service] Resume progress: 60%
[COMM Resume] Checkpoint: 6
[COMM Resume] SEND packet ID: 4975
[COMM BT] Sending: DATA|4975|TEMP: 30.06
[COMM BT] hasClient(): TRUE
[COMM BT] Bytes written: 22/22
RPT,14389,0,UNSET,SEND,4975,1
RPT,14464,0,UNSET,ENERGY,0,6500
[Sensor] 30.19
[Service] Resume execution - Task 2
[Service] Resume checkpoint: 7
[Service] Resume progress: 80%
[COMM] ACK received for packet ID: 4975
[COMM Resume] Checkpoint: 7
[COMM Resume] WAIT_ACK packet ID: 4975
[COMM Resume] ACK already received
[Sensor Buffer] Stored: 30.19
[Service] Task 0 completed
[Service] Resume execution - Task 2
[Service] Resume checkpoint: 8
[Service] Resume progress: 95%
[COMM Resume] Checkpoint: 8
[COMM Resume] CONFIRM packet ID: 4975
RPT,14912,0,UNSET,CONFIRM,4975,1
[COMM] Packet confirmed: 4975
[Service] Task 2 completed
[COMM] Starting packet creation
[Service] Resume execution - Task 2
[Service] Resume checkpoint: 4
[Service] Resume progress: 20%
[COMM Resume] Checkpoint: 4
[COMM Resume] Continuing from CREATE
RPT,15941,0,UNSET,CREATE,4980,0
[COMM] Packet created ID: 4980
[COMM] Payload: TEMP: 30.19
[Sensor] 30.19
[Service] Resume execution - Task 2
[Service] Resume checkpoint: 5
[Service] Resume progress: 40%
[COMM RX] Remote data (packet 2): ENERGY_TEST: 16024
[COMM TX] ACK|2
[COMM BT] hasClient(): TRUE
[COMM BT] Bytes written: 6/6
[COMM Resume] Checkpoint: 5
[COMM Resume] PREPARE packet ID: 4976
[COMM] Preparing packet ID: 4976
[Sensor Buffer] Stored: 30.19
[Service] Task 0 completed
[Service] Resume execution - Task 2
[Service] Resume checkpoint: 6
[Service] Resume progress: 60%
[COMM Resume] Checkpoint: 6
[COMM Resume] SEND packet ID: 4976
[COMM BT] Sending: DATA|4976|TEMP: 30.19
[COMM BT] hasClient(): TRUE
[COMM BT] Bytes written: 22/22
RPT,16684,0,UNSET,SEND,4976,1
RPT,16759,0,UNSET,ENERGY,0,6000
[Service] Resume execution - Task 2
[Service] Resume checkpoint: 7
[Service] Resume progress: 80%
[COMM] ACK received for packet ID: 4976
[COMM Resume] Checkpoint: 7
[COMM Resume] WAIT_ACK packet ID: 4976
[COMM Resume] ACK already received
[Service] Resume execution - Task 2
[Service] Resume checkpoint: 8
[Service] Resume progress: 95%
[COMM Resume] Checkpoint: 8
[COMM Resume] CONFIRM packet ID: 4976
RPT,17714,0,UNSET,CONFIRM,4976,1
[COMM] Packet confirmed: 4976
[Service] Task 2 completed
[Sensor] 30.19
[COMM] Starting packet creation
[Sensor Buffer] Stored: 30.19
[Service] Task 0 completed
[Service] Resume execution - Task 2
[Service] Resume checkpoint: 4
[Service] Resume progress: 20%
[COMM Resume] Checkpoint: 4
[COMM Resume] Continuing from CREATE
RPT,18226,0,UNSET,CREATE,4981,0
[COMM] Packet created ID: 4981
[COMM] Payload: TEMP: 30.19
[Service] Resume execution - Task 2
[Service] Resume checkpoint: 5
[Service] Resume progress: 40%
[COMM Resume] Checkpoint: 5
[COMM Resume] PREPARE packet ID: 4977
[COMM] Preparing packet ID: 4977
[Service] Resume execution - Task 2
[Service] Resume checkpoint: 6
[Service] Resume progress: 60%
[COMM Resume] Checkpoint: 6
[COMM Resume] SEND packet ID: 4977
[COMM BT] Sending: DATA|4977|TEMP: 30.19
[COMM BT] hasClient(): TRUE
[COMM BT] Bytes written: 22/22
RPT,19367,0,UNSET,SEND,4977,1
RPT,19442,0,UNSET,ENERGY,0,5000
[Sensor] 30.12
[Service] Resume execution - Task 2
[Service] Resume checkpoint: 7
[Service] Resume progress: 80%
[COMM] ACK received for packet ID: 4977
[COMM Resume] Checkpoint: 7
[COMM Resume] WAIT_ACK packet ID: 4977
[COMM Resume] ACK already received
[Sensor Buffer] Stored: 30.12
[Service] Task 0 completed
[Service] Resume execution - Task 2
[Service] Resume checkpoint: 8
[Service] Resume progress: 95%
[COMM Resume] Checkpoint: 8
[COMM Resume] CONFIRM packet ID: 4977
RPT,19890,0,UNSET,CONFIRM,4977,1
[COMM] Packet confirmed: 4977
[Service] Task 2 completed
[COMM] Starting packet creation
[Service] Resume execution - Task 2
[Service] Resume checkpoint: 4
[Service] Resume progress: 20%
[COMM Resume] Checkpoint: 4
[COMM Resume] Continuing from CREATE
RPT,20919,0,UNSET,CREATE,4982,0
[COMM] Packet created ID: 4982
[COMM] Payload: TEMP: 30.12
[Sensor] 30.12
[Service] Resume execution - Task 2
[Service] Resume checkpoint: 5
[Service] Resume progress: 40%
[COMM Resume] Checkpoint: 5
[COMM Resume] PREPARE packet ID: 4978
[COMM] Preparing packet ID: 4978
[Sensor Buffer] Stored: 30.12
[Service] Task 0 completed
[Service] Resume execution - Task 2
[Service] Resume checkpoint: 6
[Service] Resume progress: 60%
[COMM RX] Remote data (packet 3): ENERGY_TEST: 21274
[COMM TX] ACK|3
[COMM BT] hasClient(): TRUE
[COMM BT] Bytes written: 6/6
[COMM Resume] Checkpoint: 6
[COMM Resume] SEND packet ID: 4978
[COMM BT] Sending: DATA|4978|TEMP: 30.19
[COMM BT] hasClient(): TRUE
[COMM BT] Bytes written: 22/22
RPT,21662,0,UNSET,SEND,4978,1
RPT,21737,0,UNSET,ENERGY,0,4500
[Service] Resume execution - Task 2
[Service] Resume checkpoint: 7
[Service] Resume progress: 80%
[COMM] ACK received for packet ID: 4978
[COMM Resume] Checkpoint: 7
[COMM Resume] WAIT_ACK packet ID: 4978
[COMM Resume] ACK already received
[Service] Resume execution - Task 2
[Service] Resume checkpoint: 8
[Service] Resume progress: 95%
[COMM Resume] Checkpoint: 8
[COMM Resume] CONFIRM packet ID: 4978
RPT,22692,0,UNSET,CONFIRM,4978,1
[COMM] Packet confirmed: 4978
[Service] Task 2 completed
[Sensor] 30.12
[COMM] Starting packet creation
[Sensor Buffer] Stored: 30.12
[Service] Task 0 completed
[Service] Resume execution - Task 2
[Service] Resume checkpoint: 4
[Service] Resume progress: 20%
[COMM Resume] Checkpoint: 4
[COMM Resume] Continuing from CREATE
RPT,23205,0,UNSET,CREATE,4983,0
[COMM] Packet created ID: 4983
[COMM] Payload: TEMP: 30.12
[Service] Resume execution - Task 2
[Service] Resume checkpoint: 5
[Service] Resume progress: 40%
[COMM Resume] Checkpoint: 5
[COMM Resume] PREPARE packet ID: 4979
[COMM] Preparing packet ID: 4979
[Service] Resume execution - Task 2
[Service] Resume checkpoint: 6
[Service] Resume progress: 60%
[COMM Resume] Checkpoint: 6
[COMM Resume] SEND packet ID: 4979
[COMM BT] Sending: DATA|4979|TEMP: 30.19
[COMM BT] hasClient(): TRUE
[COMM BT] Bytes written: 22/22
RPT,24345,0,UNSET,SEND,4979,1
RPT,24420,0,UNSET,ENERGY,0,3500
[Sensor] 30.12
[Service] Resume execution - Task 2
[Service] Resume checkpoint: 7
[Service] Resume progress: 80%
[COMM] ACK received for packet ID: 4979
[COMM Resume] Checkpoint: 7
[COMM Resume] WAIT_ACK packet ID: 4979
[COMM Resume] ACK already received
[Sensor Buffer] Stored: 30.12
[Service] Task 0 completed
[Service] Resume execution - Task 2
[Service] Resume checkpoint: 8
[Service] Resume progress: 95%
[COMM Resume] Checkpoint: 8
[COMM Resume] CONFIRM packet ID: 4979
RPT,24868,0,UNSET,CONFIRM,4979,1
[COMM] Packet confirmed: 4979
[Service] Task 2 completed
[COMM] Starting packet creation
[Service] Resume execution - Task 2
[Service] Resume checkpoint: 4
[Service] Resume progress: 20%
[COMM Resume] Checkpoint: 4
[COMM Resume] Continuing from CREATE
RPT,25897,0,UNSET,CREATE,4984,0
[COMM] Packet created ID: 4984
[COMM] Payload: TEMP: 30.12
[ENERGY] Level: 30.00% | State: LOW
[ALERT] Energy level LOW
[Sensor] 30.12
[Service] Resume execution - Task 2
[Service] Resume checkpoint: 5
[Service] Resume progress: 40%
[COMM Resume] Checkpoint: 5
[COMM Resume] PREPARE packet ID: 4980
[COMM] Preparing packet ID: 4980
[Sensor Buffer] Stored: 30.12
[Service] Task 0 completed
[Service] Resume execution - Task 2
[Service] Resume checkpoint: 6
[Service] Resume progress: 60%
[COMM Resume] Checkpoint: 6
[COMM Resume] SEND packet ID: 4980
[COMM BT] Sending: DATA|4980|TEMP: 30.19
[COMM BT] hasClient(): TRUE
[COMM BT] Bytes written: 22/22
RPT,26541,0,UNSET,SEND,4980,1
RPT,26616,0,UNSET,ENERGY,0,3000
[Service] Resume execution - Task 2
[Service] Resume checkpoint: 7
[Service] Resume progress: 80%
[COMM] ACK received for packet ID: 4980
[COMM RX] Remote data (packet 4): ENERGY_TEST: 26604
[COMM TX] ACK|4
[COMM BT] hasClient(): TRUE
[COMM BT] Bytes written: 6/6
[COMM Resume] Checkpoint: 7
[COMM Resume] WAIT_ACK packet ID: 4980
[COMM Resume] ACK already received
[ALERT] Energy level LOW
[Service] Resume execution - Task 2
[Service] Resume checkpoint: 8
[Service] Resume progress: 95%
[COMM Resume] Checkpoint: 8
[COMM Resume] CONFIRM packet ID: 4980
RPT,27682,0,UNSET,CONFIRM,4980,1
[COMM] Packet confirmed: 4980
[Service] Task 2 completed
[Sensor] 30.12
[COMM] Starting packet creation
[ALERT] Energy level LOW
[Sensor Buffer] Stored: 30.12
[Service] Task 0 completed
[Service] Resume execution - Task 2
[Service] Resume checkpoint: 4
[Service] Resume progress: 20%
[COMM Resume] Checkpoint: 4
[COMM Resume] Continuing from CREATE
RPT,28194,0,UNSET,CREATE,4985,0
[COMM] Packet created ID: 4985
[COMM] Payload: TEMP: 30.12
[Service] Resume execution - Task 2
[Service] Resume checkpoint: 5
[Service] Resume progress: 40%
[COMM Resume] Checkpoint: 5
[COMM Resume] PREPARE packet ID: 4981
[COMM] Preparing packet ID: 4981
[Service] Resume execution - Task 2
[Service] Resume checkpoint: 6
[Service] Resume progress: 60%
[COMM Resume] Checkpoint: 6
[COMM Resume] SEND packet ID: 4981
[COMM BT] Sending: DATA|4981|TEMP: 30.19
[COMM BT] hasClient(): TRUE
[COMM BT] Bytes written: 22/22
RPT,29335,0,UNSET,SEND,4981,1
[ALERT] Energy level LOW
RPT,29410,0,UNSET,ENERGY,0,1500
[Sensor] 30.12
[Service] Resume execution - Task 2
[Service] Resume checkpoint: 7
[Service] Resume progress: 80%
[COMM] ACK received for packet ID: 4981
[COMM Resume] Checkpoint: 7
[COMM Resume] WAIT_ACK packet ID: 4981
[COMM Resume] ACK already received
[Sensor Buffer] Stored: 30.12
[Service] Task 0 completed
[Service] Resume execution - Task 2
[Service] Resume checkpoint: 8
[Service] Resume progress: 95%
[COMM Resume] Checkpoint: 8
[COMM Resume] CONFIRM packet ID: 4981
RPT,29858,0,UNSET,CONFIRM,4981,1
[COMM] Packet confirmed: 4981
[Service] Task 2 completed
[COMM] Starting packet creation
[Service] Resume execution - Task 2
[Service] Resume checkpoint: 4
[Service] Resume progress: 20%
[COMM Resume] Checkpoint: 4
[COMM Resume] Continuing from CREATE
RPT,30887,0,UNSET,CREATE,4986,0
[COMM] Packet created ID: 4986
[COMM] Payload: TEMP: 30.12
[ENERGY] Level: 10.00% | State: CRITICAL
[ALERT] Energy level CRITICAL
[Sensor] 30.12
[Service] Resume execution - Task 2
[Service] Resume checkpoint: 5
[Service] Resume progress: 40%
[COMM Resume] Checkpoint: 5
[COMM Resume] PREPARE packet ID: 4982
[COMM] Preparing packet ID: 4982
[Sensor Buffer] Stored: 30.12
[Service] Task 0 completed
[Service] Resume execution - Task 2
[Service] Resume checkpoint: 6
[Service] Resume progress: 60%
[COMM Resume] Checkpoint: 6
[COMM Resume] SEND packet ID: 4982
[COMM BT] Sending: DATA|4982|TEMP: 30.12
[COMM BT] hasClient(): TRUE
[COMM BT] Bytes written: 22/22
RPT,31531,0,UNSET,SEND,4982,1
RPT,31606,0,UNSET,ENERGY,0,1000
[Service] Resume execution - Task 2
[Service] Resume checkpoint: 7
[Service] Resume progress: 80%
[COMM] ACK received for packet ID: 4982
[COMM Resume] Checkpoint: 7
[COMM Resume] WAIT_ACK packet ID: 4982
[COMM Resume] ACK already received
[Service] Resume execution - Task 2
[Service] Resume checkpoint: 8
[Service] Resume progress: 95%
[COMM RX] Remote data (packet 5): ENERGY_TEST: 31864
[COMM TX] ACK|5
[COMM BT] hasClient(): TRUE
[COMM BT] Bytes written: 6/6
[COMM Resume] Checkpoint: 8
[COMM Resume] CONFIRM packet ID: 4982
RPT,32661,0,UNSET,CONFIRM,4982,1
[COMM] Packet confirmed: 4982
[Service] Task 2 completed
[ALERT] Energy level CRITICAL
[Sensor] 30.06
[COMM] Starting packet creation
[Sensor Buffer] Stored: 30.06
[Service] Task 0 completed
[Service] Resume execution - Task 2
[Service] Resume checkpoint: 4
[Service] Resume progress: 20%
[COMM Resume] Checkpoint: 4
[COMM Resume] Continuing from CREATE
RPT,33183,0,UNSET,CREATE,4987,0
[COMM] Packet created ID: 4987
[COMM] Payload: TEMP: 30.06
[Service] Resume execution - Task 2
[Service] Resume checkpoint: 5
[Service] Resume progress: 40%
[COMM Resume] Checkpoint: 5
[COMM Resume] PREPARE packet ID: 4983
[COMM] Preparing packet ID: 4983
[Service] Resume execution - Task 2
[Service] Resume checkpoint: 6
[Service] Resume progress: 60%
[COMM Resume] Checkpoint: 6
[COMM Resume] SEND packet ID: 4983
[COMM BT] Sending: DATA|4983|TEMP: 30.12
[COMM BT] hasClient(): TRUE
[COMM BT] Bytes written: 22/22
RPT,34324,0,UNSET,SEND,4983,1
[ENERGY] Level: 0.00% | State: OFF
[ALERT] Energy depleted
[ENERGY] ESP32 simulated OFF
[ENERGY] Shutdown simulation active
[ENERGY] System remains running for test
RPT,34410,0,UNSET,ENERGY,0,0
[Sensor] 30.06
[Service] Resume execution - Task 2
[Service] Resume checkpoint: 7
[Service] Resume progress: 80%
[COMM] ACK received for packet ID: 4983
[COMM Resume] Checkpoint: 7
[COMM Resume] WAIT_ACK packet ID: 4983
[COMM Resume] ACK already received
[Sensor Buffer] Stored: 30.06
[Service] Task 0 completed
[Service] Resume execution - Task 2
[Service] Resume checkpoint: 8
[Service] Resume progress: 95%
[COMM Resume] Checkpoint: 8
[COMM Resume] CONFIRM packet ID: 4983
RPT,34857,0,UNSET,CONFIRM,4983,1
[COMM] Packet confirmed: 4983
[Service] Task 2 completed
[COMM] Starting packet creation
[Service] Resume execution - Task 2
[Service] Resume checkpoint: 4
[Service] Resume progress: 20%
[COMM Resume] Checkpoint: 4
[COMM Resume] Continuing from CREATE
RPT,35886,0,UNSET,CREATE,4988,0
[COMM] Packet created ID: 4988
[COMM] Payload: TEMP: 30.06
[Sensor] 30.06
[Service] Resume execution - Task 2
[Service] Resume checkpoint: 5
[Service] Resume progress: 40%
[COMM Resume] Checkpoint: 5
[COMM Resume] PREPARE packet ID: 4984
[COMM] Preparing packet ID: 4984
[Sensor Buffer] Stored: 30.06
[Service] Task 0 completed
[Service] Resume execution - Task 2
[Service] Resume checkpoint: 6
[Service] Resume progress: 60%
[COMM Resume] Checkpoint: 6
[COMM Resume] SEND packet ID: 4984
[COMM BT] Sending: DATA|4984|TEMP: 30.12
[COMM BT] hasClient(): TRUE
[COMM BT] Bytes written: 22/22
RPT,36529,0,UNSET,SEND,4984,1
RPT,36604,0,UNSET,ENERGY,0,0
[Service] Resume execution - Task 2
[Service] Resume checkpoint: 7
[Service] Resume progress: 80%
[COMM] ACK received for packet ID: 4984
[COMM Resume] Checkpoint: 7
[COMM Resume] WAIT_ACK packet ID: 4984
[COMM Resume] ACK already received
[Service] Resume execution - Task 2
[Service] Resume checkpoint: 8
[Service] Resume progress: 95%
[COMM Resume] Checkpoint: 8
[COMM Resume] CONFIRM packet ID: 4984
RPT,37559,0,UNSET,CONFIRM,4984,1
[COMM] Packet confirmed: 4984
[Service] Task 2 completed
[Sensor] 30.06
[COMM RX] Remote data (packet 6): ENERGY_TEST: 37624
[COMM TX] ACK|6
[COMM BT] hasClient(): TRUE
[COMM BT] Bytes written: 6/6
[COMM] Starting packet creation
[Sensor Buffer] Stored: 30.06
[Service] Task 0 completed
[Service] Resume execution - Task 2
[Service] Resume checkpoint: 4
[Service] Resume progress: 20%
[COMM Resume] Checkpoint: 4
[COMM Resume] Continuing from CREATE
RPT,38172,0,UNSET,CREATE,4989,0
[COMM] Packet created ID: 4989
[COMM] Payload: TEMP: 30.06
[Service] Resume execution - Task 2
[Service] Resume checkpoint: 5
[Service] Resume progress: 40%
[COMM Resume] Checkpoint: 5
[COMM Resume] PREPARE packet ID: 4985
[COMM] Preparing packet ID: 4985
[Service] Resume execution - Task 2
[Service] Resume checkpoint: 6
[Service] Resume progress: 60%
[COMM Resume] Checkpoint: 6
[COMM Resume] SEND packet ID: 4985
[COMM BT] Sending: DATA|4985|TEMP: 30.12
[COMM BT] hasClient(): TRUE
[COMM BT] Bytes written: 22/22
RPT,39312,0,UNSET,SEND,4985,1
RPT,39387,0,UNSET,ENERGY,0,0
[Sensor] 30.06
[Service] Resume execution - Task 2
[Service] Resume checkpoint: 7
[Service] Resume progress: 80%
[COMM] ACK received for packet ID: 4985
[COMM Resume] Checkpoint: 7
[COMM Resume] WAIT_ACK packet ID: 4985
[COMM Resume] ACK already received
[Sensor Buffer] Stored: 30.06
[Service] Task 0 completed
[Service] Resume execution - Task 2
[Service] Resume checkpoint: 8
[Service] Resume progress: 95%
[COMM Resume] Checkpoint: 8
[COMM Resume] CONFIRM packet ID: 4985
RPT,39835,0,UNSET,CONFIRM,4985,1
[COMM] Packet confirmed: 4985
[Service] Task 2 completed
[COMM] Starting packet creation
[Service] Resume execution - Task 2
[Service] Resume checkpoint: 4
[Service] Resume progress: 20%
[COMM Resume] Checkpoint: 4
[COMM Resume] Continuing from CREATE
RPT,40864,0,UNSET,CREATE,4990,0
[COMM] Packet created ID: 4990
[COMM] Payload: TEMP: 30.06
[Sensor] 30.00
[Service] Resume execution - Task 2
[Service] Resume checkpoint: 5
[Service] Resume progress: 40%
[COMM Resume] Checkpoint: 5
[COMM Resume] PREPARE packet ID: 4986
[COMM] Preparing packet ID: 4986
[Sensor Buffer] Stored: 30.00
[Service] Task 0 completed
[Service] Resume execution - Task 2
[Service] Resume checkpoint: 6
[Service] Resume progress: 60%
[COMM Resume] Checkpoint: 6
[COMM Resume] SEND packet ID: 4986
[COMM BT] Sending: DATA|4986|TEMP: 30.12
[COMM BT] hasClient(): TRUE
[COMM BT] Bytes written: 22/22
RPT,41507,0,UNSET,SEND,4986,1
RPT,41582,0,UNSET,ENERGY,0,0
[Service] Resume execution - Task 2
[Service] Resume checkpoint: 7
[Service] Resume progress: 80%
[COMM] ACK received for packet ID: 4986
[COMM Resume] Checkpoint: 7
[COMM Resume] WAIT_ACK packet ID: 4986
[COMM Resume] ACK already received
[Service] Resume execution - Task 2
[Service] Resume checkpoint: 8
[Service] Resume progress: 95%
[COMM Resume] Checkpoint: 8
[COMM Resume] CONFIRM packet ID: 4986
RPT,42537,0,UNSET,CONFIRM,4986,1
[COMM] Packet confirmed: 4986
[Service] Task 2 completed
[Sensor] 30.00
[COMM] Starting packet creation
[Sensor Buffer] Stored: 30.00
[Service] Task 0 completed
[Service] Resume execution - Task 2
[Service] Resume checkpoint: 4
[Service] Resume progress: 20%
[COMM RX] Remote data (packet 7): ENERGY_TEST: 42874
[COMM TX] ACK|7
[COMM BT] hasClient(): TRUE
[COMM BT] Bytes written: 6/6
[COMM Resume] Checkpoint: 4
[COMM Resume] Continuing from CREATE
RPT,43150,0,UNSET,CREATE,4991,0
[COMM] Packet created ID: 4991
[COMM] Payload: TEMP: 30.00
[Service] Resume execution - Task 2
[Service] Resume checkpoint: 5
[Service] Resume progress: 40%
[COMM Resume] Checkpoint: 5
[COMM Resume] PREPARE packet ID: 4987
[COMM] Preparing packet ID: 4987
[Service] Resume execution - Task 2
[Service] Resume checkpoint: 6
[Service] Resume progress: 60%
[COMM Resume] Checkpoint: 6
[COMM Resume] SEND packet ID: 4987
[COMM BT] Sending: DATA|4987|TEMP: 30.06
[COMM BT] hasClient(): TRUE
[COMM BT] Bytes written: 22/22
RPT,44290,0,UNSET,SEND,4987,1
RPT,44365,0,UNSET,ENERGY,0,0
[Sensor] 29.94
[Service] Resume execution - Task 2
[Service] Resume checkpoint: 7
[Service] Resume progress: 80%
[COMM] ACK received for packet ID: 4987
[COMM Resume] Checkpoint: 7
[COMM Resume] WAIT_ACK packet ID: 4987
[COMM Resume] ACK already received
[Sensor Buffer] Stored: 29.94
[Service] Task 0 completed
[Service] Resume execution - Task 2
[Service] Resume checkpoint: 8
[Service] Resume progress: 95%
[COMM Resume] Checkpoint: 8
[COMM Resume] CONFIRM packet ID: 4987
RPT,44813,0,UNSET,CONFIRM,4987,1
[COMM] Packet confirmed: 4987
[Service] Task 2 completed
[COMM] Starting packet creation
[Service] Resume execution - Task 2
[Service] Resume checkpoint: 4
[Service] Resume progress: 20%
[COMM Resume] Checkpoint: 4
[COMM Resume] Continuing from CREATE
RPT,45842,0,UNSET,CREATE,4992,0
[COMM] Packet created ID: 4992
[COMM] Payload: TEMP: 29.94
[Sensor] 30.00
[Service] Resume execution - Task 2
[Service] Resume checkpoint: 5
[Service] Resume progress: 40%
[COMM Resume] Checkpoint: 5
[COMM Resume] PREPARE packet ID: 4988
[COMM] Preparing packet ID: 4988
[Sensor Buffer] Stored: 30.00
[Service] Task 0 completed
[Service] Resume execution - Task 2
[Service] Resume checkpoint: 6
[Service] Resume progress: 60%
[COMM Resume] Checkpoint: 6
[COMM Resume] SEND packet ID: 4988
[COMM BT] Sending: DATA|4988|TEMP: 30.06
[COMM BT] hasClient(): TRUE
[COMM BT] Bytes written: 22/22
RPT,46485,0,UNSET,SEND,4988,1
RPT,46560,0,UNSET,ENERGY,0,0
[Service] Resume execution - Task 2
[Service] Resume checkpoint: 7
[Service] Resume progress: 80%
[COMM] ACK received for packet ID: 4988
[COMM Resume] Checkpoint: 7
[COMM Resume] WAIT_ACK packet ID: 4988
[COMM Resume] ACK already received
[Service] Resume execution - Task 2
[Service] Resume checkpoint: 8
[Service] Resume progress: 95%
[COMM Resume] Checkpoint: 8
[COMM Resume] CONFIRM packet ID: 4988
RPT,47515,0,UNSET,CONFIRM,4988,1
[COMM] Packet confirmed: 4988
[Service] Task 2 completed
[Sensor] 29.94
[COMM] Starting packet creation
[Sensor Buffer] Stored: 29.94
[Service] Task 0 completed
[Service] Resume execution - Task 2
[Service] Resume checkpoint: 4
[Service] Resume progress: 20%
[COMM Resume] Checkpoint: 4
[COMM Resume] Continuing from CREATE
RPT,48027,0,UNSET,CREATE,4993,0
[COMM] Packet created ID: 4993
[COMM] Payload: TEMP: 29.94
[Service] Resume execution - Task 2
[Service] Resume checkpoint: 5
[Service] Resume progress: 40%
[COMM RX] Remote data (packet 8): ENERGY_TEST: 48114
[COMM TX] ACK|8
[COMM BT] hasClient(): TRUE
[COMM BT] Bytes written: 6/6
[COMM Resume] Checkpoint: 5
[COMM Resume] PREPARE packet ID: 4989
[COMM] Preparing packet ID: 4989
[Service] Resume execution - Task 2
[Service] Resume checkpoint: 6
[Service] Resume progress: 60%
[COMM Resume] Checkpoint: 6
[COMM Resume] SEND packet ID: 4989
[COMM BT] Sending: DATA|4989|TEMP: 30.06
[COMM BT] hasClient(): TRUE
[COMM BT] Bytes written: 22/22
RPT,49268,0,UNSET,SEND,4989,1
RPT,49343,0,UNSET,ENERGY,0,0
[Sensor] 30.00
[Service] Resume execution - Task 2
[Service] Resume checkpoint: 7
[Service] Resume progress: 80%
[COMM] ACK received for packet ID: 4989
[COMM Resume] Checkpoint: 7
[COMM Resume] WAIT_ACK packet ID: 4989
[COMM Resume] ACK already received
[Sensor Buffer] Stored: 30.00
[Service] Task 0 completed
[Service] Resume execution - Task 2
[Service] Resume checkpoint: 8
[Service] Resume progress: 95%
[COMM Resume] Checkpoint: 8
[COMM Resume] CONFIRM packet ID: 4989
RPT,49791,0,UNSET,CONFIRM,4989,1
[COMM] Packet confirmed: 4989
[Service] Task 2 completed
[COMM] Starting packet creation
[Service] Resume execution - Task 2
[Service] Resume checkpoint: 4
[Service] Resume progress: 20%
[COMM Resume] Checkpoint: 4
[COMM Resume] Continuing from CREATE
RPT,50820,0,UNSET,CREATE,4994,0
[COMM] Packet created ID: 4994
[COMM] Payload: TEMP: 30.00
[Sensor] 30.00
[Service] Resume execution - Task 2
[Service] Resume checkpoint: 5
[Service] Resume progress: 40%
[COMM Resume] Checkpoint: 5
[COMM Resume] PREPARE packet ID: 4990
[COMM] Preparing packet ID: 4990
[Sensor Buffer] Stored: 30.00
[Service] Task 0 completed
[Service] Resume execution - Task 2
[Service] Resume checkpoint: 6
[Service] Resume progress: 60%
[COMM Resume] Checkpoint: 6
[COMM Resume] SEND packet ID: 4990
[COMM BT] Sending: DATA|4990|TEMP: 30.06
[COMM BT] hasClient(): TRUE
[COMM BT] Bytes written: 22/22
RPT,51463,0,UNSET,SEND,4990,1
RPT,51538,0,UNSET,ENERGY,0,0
[Service] Resume execution - Task 2
[Service] Resume checkpoint: 7
[Service] Resume progress: 80%
[COMM] ACK received for packet ID: 4990
[COMM Resume] Checkpoint: 7
[COMM Resume] WAIT_ACK packet ID: 4990
[COMM Resume] ACK already received
[Service] Resume execution - Task 2
[Service] Resume checkpoint: 8
[Service] Resume progress: 95%
[COMM Resume] Checkpoint: 8
[COMM Resume] CONFIRM packet ID: 4990
RPT,52493,0,UNSET,CONFIRM,4990,1
[COMM] Packet confirmed: 4990
[Service] Task 2 completed
[Sensor] 30.00
[COMM] Starting packet creation
[Sensor Buffer] Stored: 30.00
[Service] Task 0 completed
[Service] Resume execution - Task 2
[Service] Resume checkpoint: 4
[Service] Resume progress: 20%
[COMM Resume] Checkpoint: 4
[COMM Resume] Continuing from CREATE
RPT,53005,0,UNSET,CREATE,4995,0
[COMM] Packet created ID: 4995
[COMM] Payload: TEMP: 30.00
[Service] Resume execution - Task 2
[Service] Resume checkpoint: 5
[Service] Resume progress: 40%
[COMM Resume] Checkpoint: 5
[COMM Resume] PREPARE packet ID: 4991
[COMM] Preparing packet ID: 4991
[Service] Resume execution - Task 2
[Service] Resume checkpoint: 6
[Service] Resume progress: 60%
[COMM RX] Remote data (packet 9): ENERGY_TEST: 53374
[COMM TX] ACK|9
[COMM BT] hasClient(): TRUE
[COMM BT] Bytes written: 6/6
[COMM Resume] Checkpoint: 6
[COMM Resume] SEND packet ID: 4991
[COMM BT] Sending: DATA|4991|TEMP: 30.00
[COMM BT] hasClient(): TRUE
[COMM BT] Bytes written: 22/22
RPT,54256,0,UNSET,SEND,4991,1
RPT,54331,0,UNSET,ENERGY,0,0
[Sensor] 30.00
[Service] Resume execution - Task 2
[Service] Resume checkpoint: 7
[Service] Resume progress: 80%
[COMM] ACK received for packet ID: 4991
[COMM Resume] Checkpoint: 7
[COMM Resume] WAIT_ACK packet ID: 4991
[COMM Resume] ACK already received
[Sensor Buffer] Stored: 30.00
[Service] Task 0 completed
[Service] Resume execution - Task 2
[Service] Resume checkpoint: 8
[Service] Resume progress: 95%
[COMM Resume] Checkpoint: 8
[COMM Resume] CONFIRM packet ID: 4991
RPT,54779,0,UNSET,CONFIRM,4991,1
[COMM] Packet confirmed: 4991
[Service] Task 2 completed
[COMM] Starting packet creation
[Service] Resume execution - Task 2
[Service] Resume checkpoint: 4
[Service] Resume progress: 20%
[COMM Resume] Checkpoint: 4
[COMM Resume] Continuing from CREATE
RPT,55808,0,UNSET,CREATE,4996,0
[COMM] Packet created ID: 4996
[COMM] Payload: TEMP: 30.00
[Sensor] 29.94
[Service] Resume execution - Task 2
[Service] Resume checkpoint: 5
[Service] Resume progress: 40%
[COMM Resume] Checkpoint: 5
[COMM Resume] PREPARE packet ID: 4992
[COMM] Preparing packet ID: 4992
[Sensor Buffer] Stored: 29.94
[Service] Task 0 completed
[Service] Resume execution - Task 2
[Service] Resume checkpoint: 6
[Service] Resume progress: 60%
[COMM Resume] Checkpoint: 6
[COMM Resume] SEND packet ID: 4992
[COMM BT] Sending: DATA|4992|TEMP: 29.94
[COMM BT] hasClient(): TRUE
[COMM BT] Bytes written: 22/22
RPT,56451,0,UNSET,SEND,4992,1
RPT,56526,0,UNSET,ENERGY,0,0
[Service] Resume execution - Task 2
[Service] Resume checkpoint: 7
[Service] Resume progress: 80%
[COMM] ACK received for packet ID: 4992
[COMM Resume] Checkpoint: 7
[COMM Resume] WAIT_ACK packet ID: 4992
[COMM Resume] ACK already received
[Service] Resume execution - Task 2
[Service] Resume checkpoint: 8
[Service] Resume progress: 95%
[COMM Resume] Checkpoint: 8
[COMM Resume] CONFIRM packet ID: 4992
RPT,57481,0,UNSET,CONFIRM,4992,1
[COMM] Packet confirmed: 4992
[Service] Task 2 completed
[Sensor] 29.94
[COMM] Starting packet creation
[Sensor Buffer] Stored: 29.94
[Service] Task 0 completed
[Service] Resume execution - Task 2
[Service] Resume checkpoint: 4
[Service] Resume progress: 20%
[COMM Resume] Checkpoint: 4
[COMM Resume] Continuing from CREATE
RPT,57993,0,UNSET,CREATE,4997,0
[COMM] Packet created ID: 4997
[COMM] Payload: TEMP: 29.94
[Service] Resume execution - Task 2
[Service] Resume checkpoint: 5
[Service] Resume progress: 40%
[COMM Resume] Checkpoint: 5
[COMM Resume] PREPARE packet ID: 4993
[COMM] Preparing packet ID: 4993
[Service] Resume execution - Task 2
[Service] Resume checkpoint: 6
[Service] Resume progress: 60%
[COMM Resume] Checkpoint: 6
[COMM Resume] SEND packet ID: 4993
[COMM BT] Sending: DATA|4993|TEMP: 29.94
[COMM BT] hasClient(): TRUE
[COMM BT] Bytes written: 22/22
RPT,59134,0,UNSET,SEND,4993,1
RPT,59209,0,UNSET,ENERGY,0,0
[Sensor] 29.94
[Service] Resume execution - Task 2
[Service] Resume checkpoint: 7
[Service] Resume progress: 80%
[COMM] ACK received for packet ID: 4993
[COMM RX] Remote data (packet 10): ENERGY_TEST: 59194
[COMM TX] ACK|10
[COMM BT] hasClient(): TRUE
[COMM BT] Bytes written: 7/7
[COMM Resume] Checkpoint: 7
[COMM Resume] WAIT_ACK packet ID: 4993
[COMM Resume] ACK already received
[Sensor Buffer] Stored: 29.94
[Service] Task 0 completed
[Service] Resume execution - Task 2
[Service] Resume checkpoint: 8
[Service] Resume progress: 95%
[COMM Resume] Checkpoint: 8
[COMM Resume] CONFIRM packet ID: 4993
RPT,59768,0,UNSET,CONFIRM,4993,1
[COMM] Packet confirmed: 4993
[Service] Task 2 completed
[COMM] Starting packet creation
[Service] Resume execution - Task 2
[Service] Resume checkpoint: 4
[Service] Resume progress: 20%
[COMM Resume] Checkpoint: 4
[COMM Resume] Continuing from CREATE
RPT,60797,0,UNSET,CREATE,4998,0
[COMM] Packet created ID: 4998
[COMM] Payload: TEMP: 29.94
[Sensor] 29.94
[Service] Resume execution - Task 2
[Service] Resume checkpoint: 5
[Service] Resume progress: 40%
[COMM Resume] Checkpoint: 5
[COMM Resume] PREPARE packet ID: 4994
[COMM] Preparing packet ID: 4994
[Sensor Buffer] Stored: 29.94
[Service] Task 0 completed
[Service] Resume execution - Task 2
[Service] Resume checkpoint: 6
[Service] Resume progress: 60%
[COMM Resume] Checkpoint: 6
[COMM Resume] SEND packet ID: 4994
[COMM BT] Sending: DATA|4994|TEMP: 30.00
[COMM BT] hasClient(): TRUE
[COMM BT] Bytes written: 22/22
RPT,61440,0,UNSET,SEND,4994,1
RPT,61515,0,UNSET,ENERGY,0,0
[Service] Resume execution - Task 2
[Service] Resume checkpoint: 7
[Service] Resume progress: 80%
[COMM] ACK received for packet ID: 4994
[COMM Resume] Checkpoint: 7
[COMM Resume] WAIT_ACK packet ID: 4994
[COMM Resume] ACK already received
[Service] Resume execution - Task 2
[Service] Resume checkpoint: 8
[Service] Resume progress: 95%
[COMM Resume] Checkpoint: 8
[COMM Resume] CONFIRM packet ID: 4994
RPT,62470,0,UNSET,CONFIRM,4994,1
[COMM] Packet confirmed: 4994
[Service] Task 2 completed
[Sensor] 29.94
[COMM] Starting packet creation
[Sensor Buffer] Stored: 29.94
[Service] Task 0 completed
[Service] Resume execution - Task 2
[Service] Resume checkpoint: 4
[Service] Resume progress: 20%
[COMM Resume] Checkpoint: 4
[COMM Resume] Continuing from CREATE
RPT,62982,0,UNSET,CREATE,4999,0
[COMM] Packet created ID: 4999
[COMM] Payload: TEMP: 29.94
[Service] Resume execution - Task 2
[Service] Resume checkpoint: 5
[Service] Resume progress: 40%
[COMM Resume] Checkpoint: 5
[COMM Resume] PREPARE packet ID: 4995
[COMM] Preparing packet ID: 4995
[Service] Resume execution - Task 2
[Service] Resume checkpoint: 6
[Service] Resume progress: 60%
[COMM Resume] Checkpoint: 6
[COMM Resume] SEND packet ID: 4995
[COMM BT] Sending: DATA|4995|TEMP: 30.00
[COMM BT] hasClient(): TRUE
[COMM BT] Bytes written: 22/22
RPT,64123,0,UNSET,SEND,4995,1
RPT,64198,0,UNSET,ENERGY,0,0
[Sensor] 29.87
[Service] Resume execution - Task 2
[Service] Resume checkpoint: 7
[Service] Resume progress: 80%
[COMM] ACK received for packet ID: 4995
[COMM Resume] Checkpoint: 7
[COMM Resume] WAIT_ACK packet ID: 4995
[COMM Resume] ACK already received
[Sensor Buffer] Stored: 29.87
[Service] Task 0 completed
[Service] Resume execution - Task 2
[Service] Resume checkpoint: 8
[Service] Resume progress: 95%
[COMM RX] Remote data (packet 11): ENERGY_TEST: 64454
[COMM TX] ACK|11
[COMM BT] hasClient(): TRUE
[COMM BT] Bytes written: 7/7
[COMM Resume] Checkpoint: 8
[COMM Resume] CONFIRM packet ID: 4995
RPT,64746,0,UNSET,CONFIRM,4995,1
[COMM] Packet confirmed: 4995
[Service] Task 2 completed
[COMM] Starting packet creation
[Service] Resume execution - Task 2
[Service] Resume checkpoint: 4
[Service] Resume progress: 20%
[COMM Resume] Checkpoint: 4
[COMM Resume] Continuing from CREATE
RPT,65775,0,UNSET,CREATE,5000,0
[COMM] Packet created ID: 5000
[COMM] Payload: TEMP: 29.88
[Sensor] 29.87
[Service] Resume execution - Task 2
[Service] Resume checkpoint: 5
[Service] Resume progress: 40%
[COMM Resume] Checkpoint: 5
[COMM Resume] PREPARE packet ID: 4996
[COMM] Preparing packet ID: 4996
[Sensor Buffer] Stored: 29.87
[Service] Task 0 completed
[Service] Resume execution - Task 2
[Service] Resume checkpoint: 6
[Service] Resume progress: 60%
[COMM Resume] Checkpoint: 6
[COMM Resume] SEND packet ID: 4996
[COMM BT] Sending: DATA|4996|TEMP: 30.00
[COMM BT] hasClient(): TRUE
[COMM BT] Bytes written: 22/22
RPT,66418,0,UNSET,SEND,4996,1
RPT,66493,0,UNSET,ENERGY,0,0
[Service] Resume execution - Task 2
[Service] Resume checkpoint: 7
[Service] Resume progress: 80%
[COMM] ACK received for packet ID: 4996
[COMM Resume] Checkpoint: 7
[COMM Resume] WAIT_ACK packet ID: 4996
[COMM Resume] ACK already received
[Service] Resume execution - Task 2
[Service] Resume checkpoint: 8
[Service] Resume progress: 95%
[COMM Resume] Checkpoint: 8
[COMM Resume] CONFIRM packet ID: 4996
RPT,67448,0,UNSET,CONFIRM,4996,1
[COMM] Packet confirmed: 4996
[Service] Task 2 completed
[Sensor] 29.87
[COMM] Starting packet creation
[Sensor Buffer] Stored: 29.87
[Service] Task 0 completed
[Service] Resume execution - Task 2
[Service] Resume checkpoint: 4
[Service] Resume progress: 20%
[COMM Resume] Checkpoint: 4
[COMM Resume] Continuing from CREATE
RPT,67961,0,UNSET,CREATE,5001,0
[COMM] Packet created ID: 5001
[COMM] Payload: TEMP: 29.88
[Service] Resume execution - Task 2
[Service] Resume checkpoint: 5
[Service] Resume progress: 40%
[COMM Resume] Checkpoint: 5
[COMM Resume] PREPARE packet ID: 4997
[COMM] Preparing packet ID: 4997
[Service] Resume execution - Task 2
[Service] Resume checkpoint: 6
[Service] Resume progress: 60%
[COMM Resume] Checkpoint: 6
[COMM Resume] SEND packet ID: 4997
[COMM BT] Sending: DATA|4997|TEMP: 29.94
[COMM BT] hasClient(): TRUE
[COMM BT] Bytes written: 22/22
RPT,69103,0,UNSET,SEND,4997,1
RPT,69178,0,UNSET,ENERGY,0,0
[Sensor] 29.87
[Service] Resume execution - Task 2
[Service] Resume checkpoint: 7
[Service] Resume progress: 80%
[COMM Resume] Checkpoint: 7
[COMM Resume] WAIT_ACK packet ID: 4997
[COMM Resume] ACK still pending
[Sensor Buffer] Stored: 29.87
[Service] Task 0 completed
[Service] Resume execution - Task 2
[Service] Resume checkpoint: 7
[Service] Resume progress: 80%
[COMM Resume] Checkpoint: 7
[COMM Resume] WAIT_ACK packet ID: 4997
[COMM Resume] ACK still pending
[Service] Resume execution - Task 2
[Service] Resume checkpoint: 7
[Service] Resume progress: 80%
[COMM Resume] Checkpoint: 7
[COMM Resume] WAIT_ACK packet ID: 4997
[COMM Resume] ACK still pending
[Service] Resume execution - Task 2
[Service] Resume checkpoint: 7
[Service] Resume progress: 80%
[COMM Resume] Checkpoint: 7
[COMM Resume] WAIT_ACK packet ID: 4997
[COMM Resume] ACK still pending
[Sensor] 29.87
[Service] Resume execution - Task 2
[Service] Resume checkpoint: 7
[Service] Resume progress: 80%
[COMM Resume] Checkpoint: 7
[COMM Resume] WAIT_ACK packet ID: 4997
[COMM Resume] ACK still pending
[Sensor Buffer] Stored: 29.87
[Service] Task 0 completed
[Service] Resume execution - Task 2
[Service] Resume checkpoint: 7
[Service] Resume progress: 80%
[COMM Resume] Checkpoint: 7
[COMM Resume] WAIT_ACK packet ID: 4997
[COMM Resume] ACK still pending
[Service] Resume execution - Task 2
[Service] Resume checkpoint: 7
[Service] Resume progress: 80%
[COMM Resume] Checkpoint: 7
[COMM Resume] WAIT_ACK packet ID: 4997
[COMM Resume] ACK still pending
[Service] Resume execution - Task 2
[Service] Resume checkpoint: 7
[Service] Resume progress: 80%
[COMM Resume] Checkpoint: 7
[COMM Resume] WAIT_ACK packet ID: 4997
[COMM Resume] ACK still pending
RPT,71681,0,UNSET,ENERGY,0,0
[Sensor] 29.87
[Service] Resume execution - Task 2
[Service] Resume checkpoint: 7
[Service] Resume progress: 80%
[COMM Resume] Checkpoint: 7
[COMM Resume] WAIT_ACK packet ID: 4997
[COMM Resume] ACK still pending
[Sensor Buffer] Stored: 29.87
[Service] Task 0 completed
[Service] Resume execution - Task 2
[Service] Resume checkpoint: 7
[Service] Resume progress: 80%
[COMM Resume] Checkpoint: 7
[COMM Resume] WAIT_ACK packet ID: 4997
[COMM Resume] ACK still pending
[Service] Resume execution - Task 2
[Service] Resume checkpoint: 7
[Service] Resume progress: 80%
[COMM Resume] Checkpoint: 7
[COMM Resume] WAIT_ACK packet ID: 4997
[COMM Resume] ACK still pending
[COMM BT] CLIENT DISCONNECTED
RPT,72922,0,UNSET,BT_DISCONNECTED,0,0
[COMM BT] Searching for PersistentOS2 (reconnect)...
[COMM BT] Reconnect attempt failed, will retry
[Service] Resume execution - Task 2
[Service] Resume checkpoint: 7
[Service] Resume progress: 80%
[COMM Resume] Checkpoint: 7
[COMM Resume] WAIT_ACK packet ID: 4997
[COMM] ACK timeout for packet ID: 4997, retrying...
[COMM BT] Sending: DATA|4997|TEMP: 29.94
[COMM BT] hasClient(): FALSE
[COMM BT] No SPP client connected
[COMM Resume] ACK still pending
RPT,104954,0,UNSET,ENERGY,0,0
[Sensor] 29.87
[COMM BT] Searching for PersistentOS2 (reconnect)...
[COMM BT] Reconnect attempt failed, will retry
[Service] Resume execution - Task 2
[Service] Resume checkpoint: 7
[Service] Resume progress: 80%
[COMM Resume] Checkpoint: 7
[COMM Resume] WAIT_ACK packet ID: 4997
[COMM] ACK timeout for packet ID: 4997, retrying...
[COMM BT] Sending: DATA|4997|TEMP: 29.94
[COMM BT] hasClient(): FALSE
[COMM BT] No SPP client connected
[COMM Resume] ACK still pending
RPT,137160,0,UNSET,ENERGY,0,0
[Sensor Buffer] Stored: 29.87
[Service] Task 0 completed
[COMM BT] Searching for PersistentOS2 (reconnect)...
[COMM BT] Reconnected
RPT,138355,0,UNSET,BT_RECONNECTED,0,0
[Service] Resume execution - Task 2
[Service] Resume checkpoint: 7
[Service] Resume progress: 80%
[COMM Resume] Checkpoint: 7
[COMM Resume] WAIT_ACK packet ID: 4997
[COMM] ACK timeout for packet ID: 4997, retrying...
[COMM BT] Sending: DATA|4997|TEMP: 29.94
[COMM BT] hasClient(): TRUE
[COMM BT] Bytes written: 22/22
RPT,138477,0,UNSET,RETRY,4997,4
[COMM Resume] ACK still pending
[Service] Resume execution - Task 2
[Service] Resume checkpoint: 7
[Service] Resume progress: 80%
[COMM] ACK received for packet ID: 4997
[COMM Resume] Checkpoint: 7
[COMM Resume] WAIT_ACK packet ID: 4997
[COMM Resume] ACK already received
[Service] Resume execution - Task 2
[Service] Resume checkpoint: 8
[Service] Resume progress: 95%
[COMM RX] Remote data (packet 0): ENERGY_TEST: 8009
[COMM TX] ACK|0
[COMM BT] hasClient(): TRUE
[COMM BT] Bytes written: 6/6
[COMM Resume] Checkpoint: 8
[COMM Resume] CONFIRM packet ID: 4997
RPT,139531,0,UNSET,CONFIRM,4997,4
[COMM] Packet confirmed: 4997
[Service] Task 2 completed
RPT,139617,0,UNSET,ENERGY,0,0
[Sensor] 29.50
[COMM] Starting packet creation
[Sensor Buffer] Stored: 29.50
[Service] Task 0 completed
[Service] Resume execution - Task 2
[Service] Resume checkpoint: 4
[Service] Resume progress: 20%
[COMM Resume] Checkpoint: 4
[COMM Resume] Continuing from CREATE
RPT,140054,0,UNSET,CREATE,5002,0
[COMM] Packet created ID: 5002
[COMM] Payload: TEMP: 29.50
[Service] Resume execution - Task 2
[Service] Resume checkpoint: 5
[Service] Resume progress: 40%
[COMM Resume] Checkpoint: 5
[COMM Resume] PREPARE packet ID: 4998
[COMM] Preparing packet ID: 4998
[Service] Resume execution - Task 2
[Service] Resume checkpoint: 6
[Service] Resume progress: 60%
[COMM Resume] Checkpoint: 6
[COMM Resume] SEND packet ID: 4998
[COMM BT] Sending: DATA|4998|TEMP: 29.94
[COMM BT] hasClient(): TRUE
[COMM BT] Bytes written: 22/22
RPT,141194,0,UNSET,SEND,4998,1
[Sensor] 29.56
[Service] Resume execution - Task 2
[Service] Resume checkpoint: 7
[Service] Resume progress: 80%
[COMM] ACK received for packet ID: 4998
[COMM Resume] Checkpoint: 7
[COMM Resume] WAIT_ACK packet ID: 4998
[COMM Resume] ACK already received
[Sensor Buffer] Stored: 29.56
[Service] Task 0 completed
[Service] Resume execution - Task 2
[Service] Resume checkpoint: 8
[Service] Resume progress: 95%
[COMM Resume] Checkpoint: 8
[COMM Resume] CONFIRM packet ID: 4998
RPT,141716,0,UNSET,CONFIRM,4998,1
[COMM] Packet confirmed: 4998
[Service] Task 2 completed
RPT,141801,0,UNSET,ENERGY,0,0
[COMM] Starting packet creation
[Service] Resume execution - Task 2
[Service] Resume checkpoint: 4
[Service] Resume progress: 20%
[COMM Resume] Checkpoint: 4
[COMM Resume] Continuing from CREATE
RPT,142745,0,UNSET,CREATE,5003,0
[COMM] Packet created ID: 5003
[COMM] Payload: TEMP: 29.56
[Sensor] 29.56
[Service] Resume execution - Task 2
[Service] Resume checkpoint: 5
[Service] Resume progress: 40%
[COMM Resume] Checkpoint: 5
[COMM Resume] PREPARE packet ID: 4999
[COMM] Preparing packet ID: 4999
[Sensor Buffer] Stored: 29.56
[Service] Task 0 completed
[Service] Resume execution - Task 2
[Service] Resume checkpoint: 6
[Service] Resume progress: 60%
[COMM Resume] Checkpoint: 6
[COMM Resume] SEND packet ID: 4999
[COMM BT] Sending: DATA|4999|TEMP: 29.94
[COMM BT] hasClient(): TRUE
[COMM BT] Bytes written: 22/22
RPT,143388,0,UNSET,SEND,4999,1
[Service] Resume execution - Task 2
[Service] Resume checkpoint: 7
[Service] Resume progress: 80%
[COMM] ACK received for packet ID: 4999
[COMM Resume] Checkpoint: 7
[COMM Resume] WAIT_ACK packet ID: 4999
[COMM Resume] ACK already received
[Service] Resume execution - Task 2
[Service] Resume checkpoint: 8
[Service] Resume progress: 95%
[COMM Resume] Checkpoint: 8
[COMM Resume] CONFIRM packet ID: 4999
RPT,144417,0,UNSET,CONFIRM,4999,1
[COMM] Packet confirmed: 4999
[Service] Task 2 completed
RPT,144492,0,UNSET,ENERGY,0,0
[Sensor] 29.56
[COMM RX] Remote data (packet 1): ENERGY_TEST: 13709
[COMM TX] ACK|1
[COMM BT] hasClient(): TRUE
[COMM BT] Bytes written: 6/6
[COMM] Starting packet creation
[Sensor Buffer] Stored: 29.56
[Service] Task 0 completed
[Service] Resume execution - Task 2
[Service] Resume checkpoint: 4
[Service] Resume progress: 20%
[COMM Resume] Checkpoint: 4
[COMM Resume] Continuing from CREATE
RPT,145030,0,UNSET,CREATE,5004,0
[COMM] Packet created ID: 5004
[COMM] Payload: TEMP: 29.56
[Service] Resume execution - Task 2
[Service] Resume checkpoint: 5
[Service] Resume progress: 40%
[COMM Resume] Checkpoint: 5
[COMM Resume] PREPARE packet ID: 5000
[COMM] Preparing packet ID: 5000
[Service] Resume execution - Task 2
[Service] Resume checkpoint: 6
[Service] Resume progress: 60%
[COMM Resume] Checkpoint: 6
[COMM Resume] SEND packet ID: 5000
[COMM BT] Sending: DATA|5000|TEMP: 29.88
[COMM BT] hasClient(): TRUE
[COMM BT] Bytes written: 22/22
RPT,146170,0,UNSET,SEND,5000,1
[Sensor] 29.56
[Service] Resume execution - Task 2
[Service] Resume checkpoint: 7
[Service] Resume progress: 80%
[COMM] ACK received for packet ID: 5000
[COMM Resume] Checkpoint: 7
[COMM Resume] WAIT_ACK packet ID: 5000
[COMM Resume] ACK already received
RPT,146506,0,UNSET,ENERGY,0,0
[Sensor Buffer] Stored: 29.56
[Service] Task 0 completed
[Service] Resume execution - Task 2
[Service] Resume checkpoint: 8
[Service] Resume progress: 95%
[COMM Resume] Checkpoint: 8
[COMM Resume] CONFIRM packet ID: 5000
RPT,146692,0,UNSET,CONFIRM,5000,1
[COMM] Packet confirmed: 5000
[Service] Task 2 completed
[COMM] Starting packet creation
[Service] Resume execution - Task 2
[Service] Resume checkpoint: 4
[Service] Resume progress: 20%
[COMM Resume] Checkpoint: 4
[COMM Resume] Continuing from CREATE
RPT,147721,0,UNSET,CREATE,5005,0
[COMM] Packet created ID: 5005
[COMM] Payload: TEMP: 29.56
[Sensor] 29.50
[Service] Resume execution - Task 2
[Service] Resume checkpoint: 5
[Service] Resume progress: 40%
[COMM Resume] Checkpoint: 5
[COMM Resume] PREPARE packet ID: 5001
[COMM] Preparing packet ID: 5001
[Sensor Buffer] Stored: 29.50
[Service] Task 0 completed
[Service] Resume execution - Task 2
[Service] Resume checkpoint: 6
[Service] Resume progress: 60%
[COMM Resume] Checkpoint: 6
[COMM Resume] SEND packet ID: 5001
[COMM BT] Sending: DATA|5001|TEMP: 29.88
[COMM BT] hasClient(): TRUE
[COMM BT] Bytes written: 22/22
RPT,148364,0,UNSET,SEND,5001,1
[Service] Resume execution - Task 2
[Service] Resume checkpoint: 7
[Service] Resume progress: 80%
[COMM] ACK received for packet ID: 5001
[COMM Resume] Checkpoint: 7
[COMM Resume] WAIT_ACK packet ID: 5001
[COMM Resume] ACK already received
RPT,148700,0,UNSET,ENERGY,0,0
[Service] Resume execution - Task 2
[Service] Resume checkpoint: 8
[Service] Resume progress: 95%
[COMM Resume] Checkpoint: 8
[COMM Resume] CONFIRM packet ID: 5001
RPT,149393,0,UNSET,CONFIRM,5001,1
[COMM] Packet confirmed: 5001
[Service] Task 2 completed
[Sensor] 29.56
[COMM] Starting packet creation
[Sensor Buffer] Stored: 29.56
[Service] Task 0 completed
[Service] Resume execution - Task 2
[Service] Resume checkpoint: 4
[Service] Resume progress: 20%
[COMM RX] Remote data (packet 2): ENERGY_TEST: 18939
[COMM TX] ACK|2
[COMM BT] hasClient(): TRUE
[COMM BT] Bytes written: 6/6
[COMM Resume] Checkpoint: 4
[COMM Resume] Continuing from CREATE
RPT,150006,0,UNSET,CREATE,5006,0
[COMM] Packet created ID: 5006
[COMM] Payload: TEMP: 29.56
[Service] Resume execution - Task 2
[Service] Resume checkpoint: 5
[Service] Resume progress: 40%
[COMM Resume] Checkpoint: 5
[COMM Resume] PREPARE packet ID: 5002
[COMM] Preparing packet ID: 5002
[Service] Resume execution - Task 2
[Service] Resume checkpoint: 6
[Service] Resume progress: 60%
[COMM Resume] Checkpoint: 6
[COMM Resume] SEND packet ID: 5002
[COMM BT] Sending: DATA|5002|TEMP: 29.50
[COMM BT] hasClient(): TRUE
[COMM BT] Bytes written: 22/22
RPT,151146,0,UNSET,SEND,5002,1
RPT,151221,0,UNSET,ENERGY,0,0
[Sensor] 29.50
[Service] Resume execution - Task 2
[Service] Resume checkpoint: 7
[Service] Resume progress: 80%
[COMM] ACK received for packet ID: 5002
[COMM Resume] Checkpoint: 7
[COMM Resume] WAIT_ACK packet ID: 5002
[COMM Resume] ACK already received
[Sensor Buffer] Stored: 29.50
[Service] Task 0 completed
[Service] Resume execution - Task 2
[Service] Resume checkpoint: 8
[Service] Resume progress: 95%
[COMM Resume] Checkpoint: 8
[COMM Resume] CONFIRM packet ID: 5002
RPT,151669,0,UNSET,CONFIRM,5002,1
[COMM] Packet confirmed: 5002
[Service] Task 2 completed
[COMM] Starting packet creation
[Service] Resume execution - Task 2
[Service] Resume checkpoint: 4
[Service] Resume progress: 20%
[COMM Resume] Checkpoint: 4
[COMM Resume] Continuing from CREATE
RPT,152698,0,UNSET,CREATE,5007,0
[COMM] Packet created ID: 5007
[COMM] Payload: TEMP: 29.50
[Sensor] 29.50
[Service] Resume execution - Task 2
[Service] Resume checkpoint: 5
[Service] Resume progress: 40%
[COMM Resume] Checkpoint: 5
[COMM Resume] PREPARE packet ID: 5003
[COMM] Preparing packet ID: 5003
[Sensor Buffer] Stored: 29.50
[Service] Task 0 completed
[Service] Resume execution - Task 2
[Service] Resume checkpoint: 6
[Service] Resume progress: 60%
[COMM Resume] Checkpoint: 6
[COMM Resume] SEND packet ID: 5003
[COMM BT] Sending: DATA|5003|TEMP: 29.56
[COMM BT] hasClient(): TRUE
[COMM BT] Bytes written: 22/22
RPT,153341,0,UNSET,SEND,5003,1
RPT,153416,0,UNSET,ENERGY,0,0
[Service] Resume execution - Task 2
[Service] Resume checkpoint: 7
[Service] Resume progress: 80%
[COMM] ACK received for packet ID: 5003
[COMM Resume] Checkpoint: 7
[COMM Resume] WAIT_ACK packet ID: 5003
[COMM Resume] ACK already received
[Service] Resume execution - Task 2
[Service] Resume checkpoint: 8
[Service] Resume progress: 95%
[COMM Resume] Checkpoint: 8
[COMM Resume] CONFIRM packet ID: 5003
RPT,154371,0,UNSET,CONFIRM,5003,1
[COMM] Packet confirmed: 5003
[Service] Task 2 completed
[Sensor] 29.50
[COMM] Starting packet creation
[Sensor Buffer] Stored: 29.50
[Service] Task 0 completed
[Service] Resume execution - Task 2
[Service] Resume checkpoint: 4
[Service] Resume progress: 20%
[COMM Resume] Checkpoint: 4
[COMM Resume] Continuing from CREATE
RPT,154883,0,UNSET,CREATE,5008,0
[COMM] Packet created ID: 5008
[COMM] Payload: TEMP: 29.50
[Service] Resume execution - Task 2
[Service] Resume checkpoint: 5
[Service] Resume progress: 40%
[COMM RX] Remote data (packet 3): ENERGY_TEST: 24169
[COMM TX] ACK|3
[COMM BT] hasClient(): TRUE
[COMM BT] Bytes written: 6/6
[COMM Resume] Checkpoint: 5
[COMM Resume] PREPARE packet ID: 5004
[COMM] Preparing packet ID: 5004
[Service] Resume execution - Task 2
[Service] Resume checkpoint: 6
[Service] Resume progress: 60%
[COMM Resume] Checkpoint: 6
[COMM Resume] SEND packet ID: 5004
[COMM BT] Sending: DATA|5004|TEMP: 29.56
[COMM BT] hasClient(): TRUE
[COMM BT] Bytes written: 22/22
RPT,156124,0,UNSET,SEND,5004,1
RPT,156199,0,UNSET,ENERGY,0,0
[Sensor] 29.50
[Service] Resume execution - Task 2
[Service] Resume checkpoint: 7
[Service] Resume progress: 80%
[COMM] ACK received for packet ID: 5004
[COMM Resume] Checkpoint: 7
[COMM Resume] WAIT_ACK packet ID: 5004
[COMM Resume] ACK already received
[Sensor Buffer] Stored: 29.50
[Service] Task 0 completed
[Service] Resume execution - Task 2
[Service] Resume checkpoint: 8
[Service] Resume progress: 95%
[COMM Resume] Checkpoint: 8
[COMM Resume] CONFIRM packet ID: 5004
RPT,156647,0,UNSET,CONFIRM,5004,1
[COMM] Packet confirmed: 5004
[Service] Task 2 completed
[COMM] Starting packet creation
[Service] Resume execution - Task 2
[Service] Resume checkpoint: 4
[Service] Resume progress: 20%
[COMM Resume] Checkpoint: 4
[COMM Resume] Continuing from CREATE
RPT,157676,0,UNSET,CREATE,5009,0
[COMM] Packet created ID: 5009
[COMM] Payload: TEMP: 29.50
[Sensor] 29.50
[Service] Resume execution - Task 2
[Service] Resume checkpoint: 5
[Service] Resume progress: 40%
[COMM Resume] Checkpoint: 5
[COMM Resume] PREPARE packet ID: 5005
[COMM] Preparing packet ID: 5005
[Sensor Buffer] Stored: 29.50
[Service] Task 0 completed
[Service] Resume execution - Task 2
[Service] Resume checkpoint: 6
[Service] Resume progress: 60%
[COMM Resume] Checkpoint: 6
[COMM Resume] SEND packet ID: 5005
[COMM BT] Sending: DATA|5005|TEMP: 29.56
[COMM BT] hasClient(): TRUE
[COMM BT] Bytes written: 22/22
RPT,158319,0,UNSET,SEND,5005,1
RPT,158394,0,UNSET,ENERGY,0,0
[Service] Resume execution - Task 2
[Service] Resume checkpoint: 7
[Service] Resume progress: 80%
[COMM] ACK received for packet ID: 5005
[COMM Resume] Checkpoint: 7
[COMM Resume] WAIT_ACK packet ID: 5005
[COMM Resume] ACK already received
[Service] Resume execution - Task 2
[Service] Resume checkpoint: 8
[Service] Resume progress: 95%
[COMM Resume] Checkpoint: 8
[COMM Resume] CONFIRM packet ID: 5005
RPT,159349,0,UNSET,CONFIRM,5005,1
[COMM] Packet confirmed: 5005
[Service] Task 2 completed
[Sensor] 29.44
[COMM] Starting packet creation
[Sensor Buffer] Stored: 29.44
[Service] Task 0 completed
[Service] Resume execution - Task 2
[Service] Resume checkpoint: 4
[Service] Resume progress: 20%
[COMM Resume] Checkpoint: 4
[COMM Resume] Continuing from CREATE
RPT,159862,0,UNSET,CREATE,5010,0
[COMM] Packet created ID: 5010
[COMM] Payload: TEMP: 29.44
[Service] Resume execution - Task 2
[Service] Resume checkpoint: 5
[Service] Resume progress: 40%
[COMM Resume] Checkpoint: 5
[COMM Resume] PREPARE packet ID: 5006
[COMM] Preparing packet ID: 5006
[Service] Resume execution - Task 2
[Service] Resume checkpoint: 6
[Service] Resume progress: 60%
[COMM RX] Remote data (packet 4): ENERGY_TEST: 29419
[COMM TX] ACK|4
[COMM BT] hasClient(): TRUE
[COMM BT] Bytes written: 6/6
[COMM Resume] Checkpoint: 6
[COMM Resume] SEND packet ID: 5006
[COMM BT] Sending: DATA|5006|TEMP: 29.56
[COMM BT] hasClient(): TRUE
[COMM BT] Bytes written: 22/22
RPT,161112,0,UNSET,SEND,5006,1
RPT,161187,0,UNSET,ENERGY,0,0
[Sensor] 29.44
[Service] Resume execution - Task 2
[Service] Resume checkpoint: 7
[Service] Resume progress: 80%
[COMM] ACK received for packet ID: 5006
[COMM Resume] Checkpoint: 7
[COMM Resume] WAIT_ACK packet ID: 5006
[COMM Resume] ACK already received
[Sensor Buffer] Stored: 29.44
[Service] Task 0 completed
[Service] Resume execution - Task 2
[Service] Resume checkpoint: 8
[Service] Resume progress: 95%
[COMM Resume] Checkpoint: 8
[COMM Resume] CONFIRM packet ID: 5006
RPT,161635,0,UNSET,CONFIRM,5006,1
[COMM] Packet confirmed: 5006
[Service] Task 2 completed
[COMM] Starting packet creation
[Service] Resume execution - Task 2
[Service] Resume checkpoint: 4
[Service] Resume progress: 20%
[COMM Resume] Checkpoint: 4
[COMM Resume] Continuing from CREATE
RPT,162664,0,UNSET,CREATE,5011,0
[COMM] Packet created ID: 5011
[COMM] Payload: TEMP: 29.44
[Sensor] 29.44
[Service] Resume execution - Task 2
[Service] Resume checkpoint: 5
[Service] Resume progress: 40%
[COMM Resume] Checkpoint: 5
[COMM Resume] PREPARE packet ID: 5007
[COMM] Preparing packet ID: 5007
[Sensor Buffer] Stored: 29.44
[Service] Task 0 completed
[Service] Resume execution - Task 2
[Service] Resume checkpoint: 6
[Service] Resume progress: 60%
[COMM Resume] Checkpoint: 6
[COMM Resume] SEND packet ID: 5007
[COMM BT] Sending: DATA|5007|TEMP: 29.50
[COMM BT] hasClient(): TRUE
[COMM BT] Bytes written: 22/22
RPT,163307,0,UNSET,SEND,5007,1
RPT,163382,0,UNSET,ENERGY,0,0
[Service] Resume execution - Task 2
[Service] Resume checkpoint: 7
[Service] Resume progress: 80%
[COMM] ACK received for packet ID: 5007
[COMM Resume] Checkpoint: 7
[COMM Resume] WAIT_ACK packet ID: 5007
[COMM Resume] ACK already received
[Service] Resume execution - Task 2
[Service] Resume checkpoint: 8
[Service] Resume progress: 95%
[COMM Resume] Checkpoint: 8
[COMM Resume] CONFIRM packet ID: 5007
RPT,164337,0,UNSET,CONFIRM,5007,1
[COMM] Packet confirmed: 5007
[Service] Task 2 completed
[Sensor] 29.37
[COMM] Starting packet creation
[Sensor Buffer] Stored: 29.37
[Service] Task 0 completed
[Service] Resume execution - Task 2
[Service] Resume checkpoint: 4
[Service] Resume progress: 20%
[COMM Resume] Checkpoint: 4
[COMM Resume] Continuing from CREATE
RPT,164850,0,UNSET,CREATE,5012,0
[COMM] Packet created ID: 5012
[COMM] Payload: TEMP: 29.38
[Service] Resume execution - Task 2
[Service] Resume checkpoint: 5
[Service] Resume progress: 40%
[COMM Resume] Checkpoint: 5
[COMM Resume] PREPARE packet ID: 5008
[COMM] Preparing packet ID: 5008
[Service] Resume execution - Task 2
[Service] Resume checkpoint: 6
[Service] Resume progress: 60%
[COMM Resume] Checkpoint: 6
[COMM Resume] SEND packet ID: 5008
[COMM BT] Sending: DATA|5008|TEMP: 29.50
[COMM BT] hasClient(): TRUE
[COMM BT] Bytes written: 22/22
RPT,165990,0,UNSET,SEND,5008,1
RPT,166065,0,UNSET,ENERGY,0,0
[Sensor] 29.44
[Service] Resume execution - Task 2
[Service] Resume checkpoint: 7
[Service] Resume progress: 80%
[COMM] ACK received for packet ID: 5008
[COMM RX] Remote data (packet 5): ENERGY_TEST: 35259
[COMM TX] ACK|5
[COMM BT] hasClient(): TRUE
[COMM BT] Bytes written: 6/6
[COMM Resume] Checkpoint: 7
[COMM Resume] WAIT_ACK packet ID: 5008
[COMM Resume] ACK already received
[Sensor Buffer] Stored: 29.44
[Service] Task 0 completed
[Service] Resume execution - Task 2
[Service] Resume checkpoint: 8
[Service] Resume progress: 95%
[COMM Resume] Checkpoint: 8
[COMM Resume] CONFIRM packet ID: 5008
RPT,166624,0,UNSET,CONFIRM,5008,1
[COMM] Packet confirmed: 5008
[Service] Task 2 completed
[COMM] Starting packet creation
[Service] Resume execution - Task 2
[Service] Resume checkpoint: 4
[Service] Resume progress: 20%
[COMM Resume] Checkpoint: 4
[COMM Resume] Continuing from CREATE
RPT,167653,0,UNSET,CREATE,5013,0
[COMM] Packet created ID: 5013
[COMM] Payload: TEMP: 29.44
[Sensor] 29.37
[Service] Resume execution - Task 2
[Service] Resume checkpoint: 5
[Service] Resume progress: 40%
[COMM Resume] Checkpoint: 5
[COMM Resume] PREPARE packet ID: 5009
[COMM] Preparing packet ID: 5009
[Sensor Buffer] Stored: 29.37
[Service] Task 0 completed
[Service] Resume execution - Task 2
[Service] Resume checkpoint: 6
[Service] Resume progress: 60%
[COMM Resume] Checkpoint: 6
[COMM Resume] SEND packet ID: 5009
[COMM BT] Sending: DATA|5009|TEMP: 29.50
[COMM BT] hasClient(): TRUE
[COMM BT] Bytes written: 22/22
RPT,168296,0,UNSET,SEND,5009,1
RPT,168371,0,UNSET,ENERGY,0,0
[Service] Resume execution - Task 2
[Service] Resume checkpoint: 7
[Service] Resume progress: 80%
[COMM] ACK received for packet ID: 5009
[COMM Resume] Checkpoint: 7
[COMM Resume] WAIT_ACK packet ID: 5009
[COMM Resume] ACK already received
[Service] Resume execution - Task 2
[Service] Resume checkpoint: 8
[Service] Resume progress: 95%
[COMM Resume] Checkpoint: 8
[COMM Resume] CONFIRM packet ID: 5009
RPT,169326,0,UNSET,CONFIRM,5009,1
[COMM] Packet confirmed: 5009
[Service] Task 2 completed
[Sensor] 29.37
[COMM] Starting packet creation
[Sensor Buffer] Stored: 29.37
[Service] Task 0 completed
[Service] Resume execution - Task 2
[Service] Resume checkpoint: 4
[Service] Resume progress: 20%
[COMM Resume] Checkpoint: 4
[COMM Resume] Continuing from CREATE
RPT,169838,0,UNSET,CREATE,5014,0
[COMM] Packet created ID: 5014
[COMM] Payload: TEMP: 29.38
[Service] Resume execution - Task 2
[Service] Resume checkpoint: 5
[Service] Resume progress: 40%
[COMM Resume] Checkpoint: 5
[COMM Resume] PREPARE packet ID: 5010
[COMM] Preparing packet ID: 5010
[Service] Resume execution - Task 2
[Service] Resume checkpoint: 6
[Service] Resume progress: 60%
[COMM Resume] Checkpoint: 6
[COMM Resume] SEND packet ID: 5010
[COMM BT] Sending: DATA|5010|TEMP: 29.44
[COMM BT] hasClient(): TRUE
[COMM BT] Bytes written: 22/22
RPT,170979,0,UNSET,SEND,5010,1
RPT,171054,0,UNSET,ENERGY,0,0
[Sensor] 29.37
[Service] Resume execution - Task 2
[Service] Resume checkpoint: 7
[Service] Resume progress: 80%
[COMM] ACK received for packet ID: 5010
[COMM Resume] Checkpoint: 7
[COMM Resume] WAIT_ACK packet ID: 5010
[COMM Resume] ACK already received
[Sensor Buffer] Stored: 29.37
[Service] Task 0 completed
[Service] Resume execution - Task 2
[Service] Resume checkpoint: 8
[Service] Resume progress: 95%
[COMM RX] Remote data (packet 6): ENERGY_TEST: 40519
[COMM TX] ACK|6
[COMM BT] hasClient(): TRUE
[COMM BT] Bytes written: 6/6
[COMM Resume] Checkpoint: 8
[COMM Resume] CONFIRM packet ID: 5010
RPT,171602,0,UNSET,CONFIRM,5010,1
[COMM] Packet confirmed: 5010
[Service] Task 2 completed
[COMM] Starting packet creation
[Service] Resume execution - Task 2
[Service] Resume checkpoint: 4
[Service] Resume progress: 20%
[COMM Resume] Checkpoint: 4
[COMM Resume] Continuing from CREATE
RPT,172631,0,UNSET,CREATE,5015,0
[COMM] Packet created ID: 5015
[COMM] Payload: TEMP: 29.38
[Sensor] 29.37
[Service] Resume execution - Task 2
[Service] Resume checkpoint: 5
[Service] Resume progress: 40%
[COMM Resume] Checkpoint: 5
[COMM Resume] PREPARE packet ID: 5011
[COMM] Preparing packet ID: 5011
[Sensor Buffer] Stored: 29.37
[Service] Task 0 completed
[Service] Resume execution - Task 2
[Service] Resume checkpoint: 6
[Service] Resume progress: 60%
[COMM Resume] Checkpoint: 6
[COMM Resume] SEND packet ID: 5011
[COMM BT] Sending: DATA|5011|TEMP: 29.44
[COMM BT] hasClient(): TRUE
[COMM BT] Bytes written: 22/22
RPT,173274,0,UNSET,SEND,5011,1
RPT,173349,0,UNSET,ENERGY,0,0
[Service] Resume execution - Task 2
[Service] Resume checkpoint: 7
[Service] Resume progress: 80%
[COMM] ACK received for packet ID: 5011
[COMM Resume] Checkpoint: 7
[COMM Resume] WAIT_ACK packet ID: 5011
[COMM Resume] ACK already received
[Service] Resume execution - Task 2
[Service] Resume checkpoint: 8
[Service] Resume progress: 95%
[COMM Resume] Checkpoint: 8
[COMM Resume] CONFIRM packet ID: 5011
RPT,174304,0,UNSET,CONFIRM,5011,1
[COMM] Packet confirmed: 5011
[Service] Task 2 completed
[Sensor] 29.37
[COMM] Starting packet creation
[Sensor Buffer] Stored: 29.37
[Service] Task 0 completed
[Service] Resume execution - Task 2
[Service] Resume checkpoint: 4
[Service] Resume progress: 20%
[COMM Resume] Checkpoint: 4
[COMM Resume] Continuing from CREATE
RPT,174816,0,UNSET,CREATE,5016,0
[COMM] Packet created ID: 5016
[COMM] Payload: TEMP: 29.38
[Service] Resume execution - Task 2
[Service] Resume checkpoint: 5
[Service] Resume progress: 40%
[COMM Resume] Checkpoint: 5
[COMM Resume] PREPARE packet ID: 5012
[COMM] Preparing packet ID: 5012
[Service] Resume execution - Task 2
[Service] Resume checkpoint: 6
[Service] Resume progress: 60%
[COMM Resume] Checkpoint: 6
[COMM Resume] SEND packet ID: 5012
[COMM BT] Sending: DATA|5012|TEMP: 29.38
[COMM BT] hasClient(): TRUE
[COMM BT] Bytes written: 22/22
RPT,175957,0,UNSET,SEND,5012,1
RPT,176032,0,UNSET,ENERGY,0,0
[Sensor] 29.37
[Service] Resume execution - Task 2
[Service] Resume checkpoint: 7
[Service] Resume progress: 80%
[COMM] ACK received for packet ID: 5012
[COMM Resume] Checkpoint: 7
[COMM Resume] WAIT_ACK packet ID: 5012
[COMM Resume] ACK already received
[Sensor Buffer] Stored: 29.37
[Service] Task 0 completed
[Service] Resume execution - Task 2
[Service] Resume checkpoint: 8
[Service] Resume progress: 95%
[COMM Resume] Checkpoint: 8
[COMM Resume] CONFIRM packet ID: 5012
RPT,176480,0,UNSET,CONFIRM,5012,1
[COMM] Packet confirmed: 5012
[Service] Task 2 completed
[COMM RX] Remote data (packet 7): ENERGY_TEST: 45769
[COMM TX] ACK|7
[COMM BT] hasClient(): TRUE
[COMM BT] Bytes written: 6/6
[COMM] Starting packet creation
[Service] Resume execution - Task 2
[Service] Resume checkpoint: 4
[Service] Resume progress: 20%
[COMM Resume] Checkpoint: 4
[COMM Resume] Continuing from CREATE
RPT,177609,0,UNSET,CREATE,5017,0
[COMM] Packet created ID: 5017
[COMM] Payload: TEMP: 29.38
[Sensor] 29.31
[Service] Resume execution - Task 2
[Service] Resume checkpoint: 5
[Service] Resume progress: 40%
[COMM Resume] Checkpoint: 5
[COMM Resume] PREPARE packet ID: 5013
[COMM] Preparing packet ID: 5013
[Sensor Buffer] Stored: 29.31
[Service] Task 0 completed
[Service] Resume execution - Task 2
[Service] Resume checkpoint: 6
[Service] Resume progress: 60%
[COMM Resume] Checkpoint: 6
[COMM Resume] SEND packet ID: 5013
[COMM BT] Sending: DATA|5013|TEMP: 29.44
[COMM BT] hasClient(): TRUE
[COMM BT] Bytes written: 22/22
RPT,178252,0,UNSET,SEND,5013,1
RPT,178327,0,UNSET,ENERGY,0,0
[Service] Resume execution - Task 2
[Service] Resume checkpoint: 7
[Service] Resume progress: 80%
[COMM] ACK received for packet ID: 5013
[COMM Resume] Checkpoint: 7
[COMM Resume] WAIT_ACK packet ID: 5013
[COMM Resume] ACK already received
[Service] Resume execution - Task 2
[Service] Resume checkpoint: 8
[Service] Resume progress: 95%
[COMM Resume] Checkpoint: 8
[COMM Resume] CONFIRM packet ID: 5013
RPT,179282,0,UNSET,CONFIRM,5013,1
[COMM] Packet confirmed: 5013
[Service] Task 2 completed
[Sensor] 29.31
[COMM] Starting packet creation
[Sensor Buffer] Stored: 29.31
[Service] Task 0 completed
[Service] Resume execution - Task 2
[Service] Resume checkpoint: 4
[Service] Resume progress: 20%
[COMM Resume] Checkpoint: 4
[COMM Resume] Continuing from CREATE
RPT,179794,0,UNSET,CREATE,5018,0
[COMM] Packet created ID: 5018
[COMM] Payload: TEMP: 29.31
[Service] Resume execution - Task 2
[Service] Resume checkpoint: 5
[Service] Resume progress: 40%
[COMM Resume] Checkpoint: 5
[COMM Resume] PREPARE packet ID: 5014
[COMM] Preparing packet ID: 5014
[Service] Resume execution - Task 2
[Service] Resume checkpoint: 6
[Service] Resume progress: 60%
[COMM Resume] Checkpoint: 6
[COMM Resume] SEND packet ID: 5014
[COMM BT] Sending: DATA|5014|TEMP: 29.38
[COMM BT] hasClient(): TRUE
[COMM BT] Bytes written: 22/22
RPT,180935,0,UNSET,SEND,5014,1
RPT,181010,0,UNSET,ENERGY,0,0
[Sensor] 29.31
[Service] Resume execution - Task 2
[Service] Resume checkpoint: 7
[Service] Resume progress: 80%
[COMM] ACK received for packet ID: 5014
[COMM Resume] Checkpoint: 7
[COMM Resume] WAIT_ACK packet ID: 5014
[COMM Resume] ACK already received
[Sensor Buffer] Stored: 29.31
[Service] Task 0 completed
[Service] Resume execution - Task 2
[Service] Resume checkpoint: 8
[Service] Resume progress: 95%
[COMM Resume] Checkpoint: 8
[COMM Resume] CONFIRM packet ID: 5014
RPT,181458,0,UNSET,CONFIRM,5014,1
[COMM] Packet confirmed: 5014
[Service] Task 2 completed
[COMM] Starting packet creation
[Service] Resume execution - Task 2
[Service] Resume checkpoint: 4
[Service] Resume progress: 20%
[COMM RX] Remote data (packet 8): ENERGY_TEST: 51009
[COMM TX] ACK|8
[COMM BT] hasClient(): TRUE
[COMM BT] Bytes written: 6/6
[COMM Resume] Checkpoint: 4
[COMM Resume] Continuing from CREATE
RPT,182587,0,UNSET,CREATE,5019,0
[COMM] Packet created ID: 5019
[COMM] Payload: TEMP: 29.31
[Sensor] 29.31
[Service] Resume execution - Task 2
[Service] Resume checkpoint: 5
[Service] Resume progress: 40%
[COMM Resume] Checkpoint: 5
[COMM Resume] PREPARE packet ID: 5015
[COMM] Preparing packet ID: 5015
[Sensor Buffer] Stored: 29.31
[Service] Task 0 completed
[Service] Resume execution - Task 2
[Service] Resume checkpoint: 6
[Service] Resume progress: 60%
[COMM Resume] Checkpoint: 6
[COMM Resume] SEND packet ID: 5015
[COMM BT] Sending: DATA|5015|TEMP: 29.38
[COMM BT] hasClient(): TRUE
[COMM BT] Bytes written: 22/22
RPT,183230,0,UNSET,SEND,5015,1
RPT,183305,0,UNSET,ENERGY,0,0
[Service] Resume execution - Task 2
[Service] Resume checkpoint: 7
[Service] Resume progress: 80%
[COMM] ACK received for packet ID: 5015
[COMM Resume] Checkpoint: 7
[COMM Resume] WAIT_ACK packet ID: 5015
[COMM Resume] ACK already received
[Service] Resume execution - Task 2
[Service] Resume checkpoint: 8
[Service] Resume progress: 95%
[COMM Resume] Checkpoint: 8
[COMM Resume] CONFIRM packet ID: 5015
RPT,184260,0,UNSET,CONFIRM,5015,1
[COMM] Packet confirmed: 5015
[Service] Task 2 completed
[Sensor] 29.31
[COMM] Starting packet creation
[Sensor Buffer] Stored: 29.31
[Service] Task 0 completed
[Service] Resume execution - Task 2
[Service] Resume checkpoint: 4
[Service] Resume progress: 20%
[COMM Resume] Checkpoint: 4
[COMM Resume] Continuing from CREATE
RPT,184772,0,UNSET,CREATE,5020,0
[COMM] Packet created ID: 5020
[COMM] Payload: TEMP: 29.31
[Service] Resume execution - Task 2
[Service] Resume checkpoint: 5
[Service] Resume progress: 40%
[COMM Resume] Checkpoint: 5
[COMM Resume] PREPARE packet ID: 5016
[COMM] Preparing packet ID: 5016
[Service] Resume execution - Task 2
[Service] Resume checkpoint: 6
[Service] Resume progress: 60%
[COMM Resume] Checkpoint: 6
[COMM Resume] SEND packet ID: 5016
[COMM BT] Sending: DATA|5016|TEMP: 29.38
[COMM BT] hasClient(): TRUE
[COMM BT] Bytes written: 22/22
RPT,185913,0,UNSET,SEND,5016,1
RPT,185988,0,UNSET,ENERGY,0,0
[Sensor] 29.31
[Service] Resume execution - Task 2
[Service] Resume checkpoint: 7
[Service] Resume progress: 80%
[COMM] ACK received for packet ID: 5016
[COMM Resume] Checkpoint: 7
[COMM Resume] WAIT_ACK packet ID: 5016
[COMM Resume] ACK already received
[Sensor Buffer] Stored: 29.31
[Service] Task 0 completed
[Service] Resume execution - Task 2
[Service] Resume checkpoint: 8
[Service] Resume progress: 95%
[COMM Resume] Checkpoint: 8
[COMM Resume] CONFIRM packet ID: 5016
RPT,186436,0,UNSET,CONFIRM,5016,1
[COMM] Packet confirmed: 5016
[Service] Task 2 completed
[COMM] Starting packet creation
[Service] Resume execution - Task 2
[Service] Resume checkpoint: 4
[Service] Resume progress: 20%
[COMM Resume] Checkpoint: 4
[COMM Resume] Continuing from CREATE
RPT,187465,0,UNSET,CREATE,5021,0
[COMM] Packet created ID: 5021
[COMM] Payload: TEMP: 29.31
[Sensor] 29.31
[Service] Resume execution - Task 2
[Service] Resume checkpoint: 5
[Service] Resume progress: 40%
[COMM RX] Remote data (packet 9): ENERGY_TEST: 56759
[COMM TX] ACK|9
[COMM BT] hasClient(): TRUE
[COMM BT] Bytes written: 6/6
[COMM Resume] Checkpoint: 5
[COMM Resume] PREPARE packet ID: 5017
[COMM] Preparing packet ID: 5017
[Sensor Buffer] Stored: 29.31
[Service] Task 0 completed
[Service] Resume execution - Task 2
[Service] Resume checkpoint: 6
[Service] Resume progress: 60%
[COMM Resume] Checkpoint: 6
[COMM Resume] SEND packet ID: 5017
[COMM BT] Sending: DATA|5017|TEMP: 29.38
[COMM BT] hasClient(): TRUE
[COMM BT] Bytes written: 22/22
RPT,188208,0,UNSET,SEND,5017,1
RPT,188283,0,UNSET,ENERGY,0,0
[Service] Resume execution - Task 2
[Service] Resume checkpoint: 7
[Service] Resume progress: 80%
[COMM] ACK received for packet ID: 5017
[COMM Resume] Checkpoint: 7
[COMM Resume] WAIT_ACK packet ID: 5017
[COMM Resume] ACK already received
[Service] Resume execution - Task 2
[Service] Resume checkpoint: 8
[Service] Resume progress: 95%
[COMM Resume] Checkpoint: 8
[COMM Resume] CONFIRM packet ID: 5017
RPT,189238,0,UNSET,CONFIRM,5017,1
[COMM] Packet confirmed: 5017
[Service] Task 2 completed
[Sensor] 29.31
[COMM] Starting packet creation
[Sensor Buffer] Stored: 29.31
[Service] Task 0 completed
[Service] Resume execution - Task 2
[Service] Resume checkpoint: 4
[Service] Resume progress: 20%
[COMM Resume] Checkpoint: 4
[COMM Resume] Continuing from CREATE
RPT,189751,0,UNSET,CREATE,5022,0
[COMM] Packet created ID: 5022
[COMM] Payload: TEMP: 29.31
[Service] Resume execution - Task 2
[Service] Resume checkpoint: 5
[Service] Resume progress: 40%
[COMM Resume] Checkpoint: 5
[COMM Resume] PREPARE packet ID: 5018
[COMM] Preparing packet ID: 5018
[Service] Resume execution - Task 2
[Service] Resume checkpoint: 6
[Service] Resume progress: 60%
[COMM Resume] Checkpoint: 6
[COMM Resume] SEND packet ID: 5018
[COMM BT] Sending: DATA|5018|TEMP: 29.31
[COMM BT] hasClient(): TRUE
[COMM BT] Bytes written: 22/22
RPT,190891,0,UNSET,SEND,5018,1
RPT,190966,0,UNSET,ENERGY,0,0
[Sensor] 29.25
[Service] Resume execution - Task 2
[Service] Resume checkpoint: 7
[Service] Resume progress: 80%
[COMM] ACK received for packet ID: 5018
[COMM Resume] Checkpoint: 7
[COMM Resume] WAIT_ACK packet ID: 5018
[COMM Resume] ACK already received
[Sensor Buffer] Stored: 29.25
[Service] Task 0 completed
[Service] Resume execution - Task 2
[Service] Resume checkpoint: 8
[Service] Resume progress: 95%
[COMM Resume] Checkpoint: 8
[COMM Resume] CONFIRM packet ID: 5018
RPT,191414,0,UNSET,CONFIRM,5018,1
[COMM] Packet confirmed: 5018
[Service] Task 2 completed
[COMM] Starting packet creation
[Service] Resume execution - Task 2
[Service] Resume checkpoint: 4
[Service] Resume progress: 20%
[COMM Resume] Checkpoint: 4
[COMM Resume] Continuing from CREATE
RPT,192443,0,UNSET,CREATE,5023,0
[COMM] Packet created ID: 5023
[COMM] Payload: TEMP: 29.25
[Sensor] 29.31
[Service] Resume execution - Task 2
[Service] Resume checkpoint: 5
[Service] Resume progress: 40%
[COMM Resume] Checkpoint: 5
[COMM Resume] PREPARE packet ID: 5019
[COMM] Preparing packet ID: 5019
[Sensor Buffer] Stored: 29.31
[Service] Task 0 completed
[Service] Resume execution - Task 2
[Service] Resume checkpoint: 6
[Service] Resume progress: 60%
[COMM RX] Remote data (packet 10): ENERGY_TEST: 61999
[COMM TX] ACK|10
[COMM BT] hasClient(): TRUE
[COMM BT] Bytes written: 7/7
[COMM Resume] Checkpoint: 6
[COMM Resume] SEND packet ID: 5019
[COMM BT] Sending: DATA|5019|TEMP: 29.31
[COMM BT] hasClient(): TRUE
[COMM BT] Bytes written: 22/22
RPT,193186,0,UNSET,SEND,5019,1
RPT,193261,0,UNSET,ENERGY,0,0
[Service] Resume execution - Task 2
[Service] Resume checkpoint: 7
[Service] Resume progress: 80%
[COMM] ACK received for packet ID: 5019
[COMM Resume] Checkpoint: 7
[COMM Resume] WAIT_ACK packet ID: 5019
[COMM Resume] ACK already received
[Service] Resume execution - Task 2
[Service] Resume checkpoint: 8
[Service] Resume progress: 95%
[COMM Resume] Checkpoint: 8
[COMM Resume] CONFIRM packet ID: 5019
RPT,194216,0,UNSET,CONFIRM,5019,1
[COMM] Packet confirmed: 5019
[Service] Task 2 completed
[Sensor] 29.25
[COMM] Starting packet creation
[Sensor Buffer] Stored: 29.25
[Service] Task 0 completed
[Service] Resume execution - Task 2
[Service] Resume checkpoint: 4
[Service] Resume progress: 20%
[COMM Resume] Checkpoint: 4
[COMM Resume] Continuing from CREATE
RPT,194728,0,UNSET,CREATE,5024,0
[COMM] Packet created ID: 5024
[COMM] Payload: TEMP: 29.25
[Service] Resume execution - Task 2
[Service] Resume checkpoint: 5
[Service] Resume progress: 40%
[COMM Resume] Checkpoint: 5
[COMM Resume] PREPARE packet ID: 5020
[COMM] Preparing packet ID: 5020
[Service] Resume execution - Task 2
[Service] Resume checkpoint: 6
[Service] Resume progress: 60%
[COMM Resume] Checkpoint: 6
[COMM Resume] SEND packet ID: 5020
[COMM BT] Sending: DATA|5020|TEMP: 29.31
[COMM BT] hasClient(): TRUE
[COMM BT] Bytes written: 22/22
RPT,195869,0,UNSET,SEND,5020,1
RPT,195944,0,UNSET,ENERGY,0,0
[Sensor] 29.19
[Service] Resume execution - Task 2
[Service] Resume checkpoint: 7
[Service] Resume progress: 80%
[COMM] ACK received for packet ID: 5020
[COMM Resume] Checkpoint: 7
[COMM Resume] WAIT_ACK packet ID: 5020
[COMM Resume] ACK already received
[Sensor Buffer] Stored: 29.19
[Service] Task 0 completed
[Service] Resume execution - Task 2
[Service] Resume checkpoint: 8
[Service] Resume progress: 95%
[COMM Resume] Checkpoint: 8
[COMM Resume] CONFIRM packet ID: 5020
RPT,196392,0,UNSET,CONFIRM,5020,1
[COMM] Packet confirmed: 5020
[Service] Task 2 completed
[COMM] Starting packet creation
[Service] Resume execution - Task 2
[Service] Resume checkpoint: 4
[Service] Resume progress: 20%
[COMM Resume] Checkpoint: 4
[COMM Resume] Continuing from CREATE
RPT,197421,0,UNSET,CREATE,5025,0
[COMM] Packet created ID: 5025
[COMM] Payload: TEMP: 29.19
[Sensor] 29.25
[Service] Resume execution - Task 2
[Service] Resume checkpoint: 5
[Service] Resume progress: 40%
[COMM Resume] Checkpoint: 5
[COMM Resume] PREPARE packet ID: 5021
[COMM] Preparing packet ID: 5021
[Sensor Buffer] Stored: 29.25
[Service] Task 0 completed
[Service] Resume execution - Task 2
[Service] Resume checkpoint: 6
[Service] Resume progress: 60%
[COMM Resume] Checkpoint: 6
[COMM Resume] SEND packet ID: 5021
[COMM BT] Sending: DATA|5021|TEMP: 29.31
[COMM BT] hasClient(): TRUE
[COMM BT] Bytes written: 22/22
RPT,198064,0,UNSET,SEND,5021,1
RPT,198139,0,UNSET,ENERGY,0,0
[Service] Resume execution - Task 2
[Service] Resume checkpoint: 7
[Service] Resume progress: 80%
[COMM] ACK received for packet ID: 5021
[COMM RX] Remote data (packet 11): ENERGY_TEST: 67329
[COMM TX] ACK|11
[COMM BT] hasClient(): TRUE
[COMM BT] Bytes written: 7/7
[COMM Resume] Checkpoint: 7
[COMM Resume] WAIT_ACK packet ID: 5021
[COMM Resume] ACK already received
[Service] Resume execution - Task 2
[Service] Resume checkpoint: 8
[Service] Resume progress: 95%
[COMM Resume] Checkpoint: 8
[COMM Resume] CONFIRM packet ID: 5021
RPT,199205,0,UNSET,CONFIRM,5021,1
[COMM] Packet confirmed: 5021
[Service] Task 2 completed
[Sensor] 29.19
[COMM] Starting packet creation
[Sensor Buffer] Stored: 29.19
[Service] Task 0 completed
[Service] Resume execution - Task 2
[Service] Resume checkpoint: 4
[Service] Resume progress: 20%
[COMM Resume] Checkpoint: 4
[COMM Resume] Continuing from CREATE
RPT,199717,0,UNSET,CREATE,5026,0
[COMM] Packet created ID: 5026
[COMM] Payload: TEMP: 29.19
[Service] Resume execution - Task 2
[Service] Resume checkpoint: 5
[Service] Resume progress: 40%
[COMM Resume] Checkpoint: 5
[COMM Resume] PREPARE packet ID: 5022
[COMM] Preparing packet ID: 5022
[Service] Resume execution - Task 2
[Service] Resume checkpoint: 6
[Service] Resume progress: 60%
[COMM Resume] Checkpoint: 6
[COMM Resume] SEND packet ID: 5022
[COMM BT] Sending: DATA|5022|TEMP: 29.31
[COMM BT] hasClient(): TRUE
[COMM BT] Bytes written: 22/22
RPT,200858,0,UNSET,SEND,5022,1
RPT,200933,0,UNSET,ENERGY,0,0
[Sensor] 29.19
[Service] Resume execution - Task 2
[Service] Resume checkpoint: 7
[Service] Resume progress: 80%
[COMM] ACK received for packet ID: 5022
[COMM Resume] Checkpoint: 7
[COMM Resume] WAIT_ACK packet ID: 5022
[COMM Resume] ACK already received
[Sensor Buffer] Stored: 29.19
[Service] Task 0 completed
[Service] Resume execution - Task 2
[Service] Resume checkpoint: 8
[Service] Resume progress: 95%
[COMM Resume] Checkpoint: 8
[COMM Resume] CONFIRM packet ID: 5022
RPT,201381,0,UNSET,CONFIRM,5022,1
[COMM] Packet confirmed: 5022
[Service] Task 2 completed
[COMM] Starting packet creation
[Service] Resume execution - Task 2
[Service] Resume checkpoint: 4
[Service] Resume progress: 20%
[COMM Resume] Checkpoint: 4
[COMM Resume] Continuing from CREATE
RPT,202410,0,UNSET,CREATE,5027,0
[COMM] Packet created ID: 5027
[COMM] Payload: TEMP: 29.19
[Sensor] 29.25
[Service] Resume execution - Task 2
[Service] Resume checkpoint: 5
[Service] Resume progress: 40%
[COMM Resume] Checkpoint: 5
[COMM Resume] PREPARE packet ID: 5023
[COMM] Preparing packet ID: 5023
[Sensor Buffer] Stored: 29.25
[Service] Task 0 completed
[Service] Resume execution - Task 2
[Service] Resume checkpoint: 6
[Service] Resume progress: 60%
[COMM Resume] Checkpoint: 6
[COMM Resume] SEND packet ID: 5023
[COMM BT] Sending: DATA|5023|TEMP: 29.25
[COMM BT] hasClient(): TRUE
[COMM BT] Bytes written: 22/22
RPT,203053,0,UNSET,SEND,5023,1
RPT,203128,0,UNSET,ENERGY,0,0
[Service] Resume execution - Task 2
[Service] Resume checkpoint: 7
[Service] Resume progress: 80%
[COMM] ACK received for packet ID: 5023
[COMM Resume] Checkpoint: 7
[COMM Resume] WAIT_ACK packet ID: 5023
[COMM Resume] ACK already received
[Service] Resume execution - Task 2
[Service] Resume checkpoint: 8
[Service] Resume progress: 95%
[COMM RX] Remote data (packet 12): ENERGY_TEST: 72589
[COMM TX] ACK|12
[COMM BT] hasClient(): TRUE
[COMM BT] Bytes written: 7/7
[COMM Resume] Checkpoint: 8
[COMM Resume] CONFIRM packet ID: 5023
RPT,204183,0,UNSET,CONFIRM,5023,1
[COMM] Packet confirmed: 5023
[Service] Task 2 completed
[Sensor] 29.19
[COMM] Starting packet creation
[Sensor Buffer] Stored: 29.19
[Service] Task 0 completed
[Service] Resume execution - Task 2
[Service] Resume checkpoint: 4
[Service] Resume progress: 20%
[COMM Resume] Checkpoint: 4
[COMM Resume] Continuing from CREATE
RPT,204705,0,UNSET,CREATE,5028,0
[COMM] Packet created ID: 5028
[COMM] Payload: TEMP: 29.19
[Service] Resume execution - Task 2
[Service] Resume checkpoint: 5
[Service] Resume progress: 40%
[COMM Resume] Checkpoint: 5
[COMM Resume] PREPARE packet ID: 5024
[COMM] Preparing packet ID: 5024
[Service] Resume execution - Task 2
[Service] Resume checkpoint: 6
[Service] Resume progress: 60%
[COMM Resume] Checkpoint: 6
[COMM Resume] SEND packet ID: 5024
[COMM BT] Sending: DATA|5024|TEMP: 29.25
[COMM BT] hasClient(): TRUE
[COMM BT] Bytes written: 22/22
RPT,205846,0,UNSET,SEND,5024,1
RPT,205921,0,UNSET,ENERGY,0,0
[Sensor] 29.25
[Service] Resume execution - Task 2
[Service] Resume checkpoint: 7
[Service] Resume progress: 80%
[COMM] ACK received for packet ID: 5024
[COMM Resume] Checkpoint: 7
[COMM Resume] WAIT_ACK packet ID: 5024
[COMM Resume] ACK already received
[Sensor Buffer] Stored: 29.25
[Service] Task 0 completed
[Service] Resume execution - Task 2
[Service] Resume checkpoint: 8
[Service] Resume progress: 95%
[COMM Resume] Checkpoint: 8
[COMM Resume] CONFIRM packet ID: 5024
RPT,206369,0,UNSET,CONFIRM,5024,1
[COMM] Packet confirmed: 5024
[Service] Task 2 completed
[COMM] Starting packet creation
[Service] Resume execution - Task 2
[Service] Resume checkpoint: 4
[Service] Resume progress: 20%
[COMM Resume] Checkpoint: 4
[COMM Resume] Continuing from CREATE
RPT,207398,0,UNSET,CREATE,5029,0
[COMM] Packet created ID: 5029
[COMM] Payload: TEMP: 29.25
[Sensor] 29.25
[Service] Resume execution - Task 2
[Service] Resume checkpoint: 5
[Service] Resume progress: 40%
[COMM Resume] Checkpoint: 5
[COMM Resume] PREPARE packet ID: 5025
[COMM] Preparing packet ID: 5025
[Sensor Buffer] Stored: 29.25
[Service] Task 0 completed
[Service] Resume execution - Task 2
[Service] Resume checkpoint: 6
[Service] Resume progress: 60%
[COMM Resume] Checkpoint: 6
[COMM Resume] SEND packet ID: 5025
[COMM BT] Sending: DATA|5025|TEMP: 29.19
[COMM BT] hasClient(): TRUE
[COMM BT] Bytes written: 22/22
RPT,208041,0,UNSET,SEND,5025,1
RPT,208116,0,UNSET,ENERGY,0,0
[Service] Resume execution - Task 2
[Service] Resume checkpoint: 7
[Service] Resume progress: 80%
[COMM] ACK received for packet ID: 5025
[COMM Resume] Checkpoint: 7
[COMM Resume] WAIT_ACK packet ID: 5025
[COMM Resume] ACK already received
[Service] Resume execution - Task 2
[Service] Resume checkpoint: 8
[Service] Resume progress: 95%
[COMM Resume] Checkpoint: 8
[COMM Resume] CONFIRM packet ID: 5025
RPT,209071,0,UNSET,CONFIRM,5025,1
[COMM] Packet confirmed: 5025
[Service] Task 2 completed
[Sensor] 29.19
[COMM RX] Remote data (packet 13): ENERGY_TEST: 78349
[COMM TX] ACK|13
[COMM BT] hasClient(): TRUE
[COMM BT] Bytes written: 7/7
[COMM] Starting packet creation
[Sensor Buffer] Stored: 29.19
[Service] Task 0 completed
[Service] Resume execution - Task 2
[Service] Resume checkpoint: 4
[Service] Resume progress: 20%
[COMM Resume] Checkpoint: 4
[COMM Resume] Continuing from CREATE
RPT,209684,0,UNSET,CREATE,5030,0
[COMM] Packet created ID: 5030
[COMM] Payload: TEMP: 29.19
[Service] Resume execution - Task 2
[Service] Resume checkpoint: 5
[Service] Resume progress: 40%
[COMM Resume] Checkpoint: 5
[COMM Resume] PREPARE packet ID: 5026
[COMM] Preparing packet ID: 5026
[Service] Resume execution - Task 2
[Service] Resume checkpoint: 6
[Service] Resume progress: 60%
[COMM Resume] Checkpoint: 6
[COMM Resume] SEND packet ID: 5026
[COMM BT] Sending: DATA|5026|TEMP: 29.19
[COMM BT] hasClient(): TRUE
[COMM BT] Bytes written: 22/22
RPT,210824,0,UNSET,SEND,5026,1
RPT,210899,0,UNSET,ENERGY,0,0
[Sensor] 29.19
[Service] Resume execution - Task 2
[Service] Resume checkpoint: 7
[Service] Resume progress: 80%
[COMM] ACK received for packet ID: 5026
[COMM Resume] Checkpoint: 7
[COMM Resume] WAIT_ACK packet ID: 5026
[COMM Resume] ACK already received
[Sensor Buffer] Stored: 29.19
[Service] Task 0 completed
[Service] Resume execution - Task 2
[Service] Resume checkpoint: 8
[Service] Resume progress: 95%
[COMM Resume] Checkpoint: 8
[COMM Resume] CONFIRM packet ID: 5026
RPT,211347,0,UNSET,CONFIRM,5026,1
[COMM] Packet confirmed: 5026
[Service] Task 2 completed
[COMM] Starting packet creation
[Service] Resume execution - Task 2
[Service] Resume checkpoint: 4
[Service] Resume progress: 20%
[COMM Resume] Checkpoint: 4
[COMM Resume] Continuing from CREATE
RPT,212376,0,UNSET,CREATE,5031,0
[COMM] Packet created ID: 5031
[COMM] Payload: TEMP: 29.19
[Sensor] 29.19
[Service] Resume execution - Task 2
[Service] Resume checkpoint: 5
[Service] Resume progress: 40%
[COMM Resume] Checkpoint: 5
[COMM Resume] PREPARE packet ID: 5027
[COMM] Preparing packet ID: 5027
[Sensor Buffer] Stored: 29.19
[Service] Task 0 completed
[Service] Resume execution - Task 2
[Service] Resume checkpoint: 6
[Service] Resume progress: 60%
[COMM Resume] Checkpoint: 6
[COMM Resume] SEND packet ID: 5027
[COMM BT] Sending: DATA|5027|TEMP: 29.19
[COMM BT] hasClient(): TRUE
[COMM BT] Bytes written: 22/22
RPT,213019,0,UNSET,SEND,5027,1
RPT,213094,0,UNSET,ENERGY,0,0
[Service] Resume execution - Task 2
[Service] Resume checkpoint: 7
[Service] Resume progress: 80%
[COMM] ACK received for packet ID: 5027
[COMM Resume] Checkpoint: 7
[COMM Resume] WAIT_ACK packet ID: 5027
[COMM Resume] ACK already received
[Service] Resume execution - Task 2
[Service] Resume checkpoint: 8
[Service] Resume progress: 95%
[COMM Resume] Checkpoint: 8
[COMM Resume] CONFIRM packet ID: 5027
RPT,214049,0,UNSET,CONFIRM,5027,1
[COMM] Packet confirmed: 5027
[Service] Task 2 completed
[Sensor] 29.19
[COMM] Starting packet creation
[Sensor Buffer] Stored: 29.19
[Service] Task 0 completed
[Service] Resume execution - Task 2
[Service] Resume checkpoint: 4
[Service] Resume progress: 20%
[COMM RX] Remote data (packet 14): ENERGY_TEST: 83599
[COMM TX] ACK|14
[COMM BT] hasClient(): TRUE
[COMM BT] Bytes written: 7/7
[COMM Resume] Checkpoint: 4
[COMM Resume] Continuing from CREATE
RPT,214662,0,UNSET,CREATE,5032,0
[COMM] Packet created ID: 5032
[COMM] Payload: TEMP: 29.19
[Service] Resume execution - Task 2
[Service] Resume checkpoint: 5
[Service] Resume progress: 40%
[COMM Resume] Checkpoint: 5
[COMM Resume] PREPARE packet ID: 5028
[COMM] Preparing packet ID: 5028
[Service] Resume execution - Task 2
[Service] Resume checkpoint: 6
[Service] Resume progress: 60%
[COMM Resume] Checkpoint: 6
[COMM Resume] SEND packet ID: 5028
[COMM BT] Sending: DATA|5028|TEMP: 29.19
[COMM BT] hasClient(): TRUE
[COMM BT] Bytes written: 22/22
RPT,215802,0,UNSET,SEND,5028,1
RPT,215877,0,UNSET,ENERGY,0,0
[Sensor] 29.19
[Service] Resume execution - Task 2
[Service] Resume checkpoint: 7
[Service] Resume progress: 80%
[COMM] ACK received for packet ID: 5028
[COMM Resume] Checkpoint: 7
[COMM Resume] WAIT_ACK packet ID: 5028
[COMM Resume] ACK already received
[Sensor Buffer] Stored: 29.19
[Service] Task 0 completed
[Service] Resume execution - Task 2
[Service] Resume checkpoint: 8
[Service] Resume progress: 95%
[COMM Resume] Checkpoint: 8
[COMM Resume] CONFIRM packet ID: 5028
RPT,216325,0,UNSET,CONFIRM,5028,1
[COMM] Packet confirmed: 5028
[Service] Task 2 completed
[COMM] Starting packet creation
[Service] Resume execution - Task 2
[Service] Resume checkpoint: 4
[Service] Resume progress: 20%
[COMM Resume] Checkpoint: 4
[COMM Resume] Continuing from CREATE
RPT,217354,0,UNSET,CREATE,5033,0
[COMM] Packet created ID: 5033
[COMM] Payload: TEMP: 29.19
[Sensor] 29.19
[Service] Resume execution - Task 2
[Service] Resume checkpoint: 5
[Service] Resume progress: 40%
[COMM Resume] Checkpoint: 5
[COMM Resume] PREPARE packet ID: 5029
[COMM] Preparing packet ID: 5029
[Sensor Buffer] Stored: 29.19
[Service] Task 0 completed
[Service] Resume execution - Task 2
[Service] Resume checkpoint: 6
[Service] Resume progress: 60%
[COMM Resume] Checkpoint: 6
[COMM Resume] SEND packet ID: 5029
[COMM BT] Sending: DATA|5029|TEMP: 29.25
[COMM BT] hasClient(): TRUE
[COMM BT] Bytes written: 22/22
RPT,217997,0,UNSET,SEND,5029,1
RPT,218072,0,UNSET,ENERGY,0,0
[Service] Resume execution - Task 2
[Service] Resume checkpoint: 7
[Service] Resume progress: 80%
[COMM] ACK received for packet ID: 5029
[COMM Resume] Checkpoint: 7
[COMM Resume] WAIT_ACK packet ID: 5029
[COMM Resume] ACK already received
[Service] Resume execution - Task 2
[Service] Resume checkpoint: 8
[Service] Resume progress: 95%
[COMM Resume] Checkpoint: 8
[COMM Resume] CONFIRM packet ID: 5029
RPT,219027,0,UNSET,CONFIRM,5029,1
[COMM] Packet confirmed: 5029
[Service] Task 2 completed
[Sensor] 29.19
[COMM] Starting packet creation
[Sensor Buffer] Stored: 29.19
[Service] Task 0 completed
[Service] Resume execution - Task 2
[Service] Resume checkpoint: 4
[Service] Resume progress: 20%
[COMM Resume] Checkpoint: 4
[COMM Resume] Continuing from CREATE
RPT,219540,0,UNSET,CREATE,5034,0
[COMM] Packet created ID: 5034
[COMM] Payload: TEMP: 29.19
[Service] Resume execution - Task 2
[Service] Resume checkpoint: 5
[Service] Resume progress: 40%
[COMM RX] Remote data (packet 15): ENERGY_TEST: 88829
[COMM TX] ACK|15
[COMM BT] hasClient(): TRUE
[COMM BT] Bytes written: 7/7
[COMM Resume] Checkpoint: 5
[COMM Resume] PREPARE packet ID: 5030
[COMM] Preparing packet ID: 5030
[Service] Resume execution - Task 2
[Service] Resume checkpoint: 6
[Service] Resume progress: 60%
[COMM Resume] Checkpoint: 6
[COMM Resume] SEND packet ID: 5030
[COMM BT] Sending: DATA|5030|TEMP: 29.19
[COMM BT] hasClient(): TRUE
[COMM BT] Bytes written: 22/22
RPT,220780,0,UNSET,SEND,5030,1
RPT,220855,0,UNSET,ENERGY,0,0
[Sensor] 29.19
[Service] Resume execution - Task 2
[Service] Resume checkpoint: 7
[Service] Resume progress: 80%
[COMM] ACK received for packet ID: 5030
[COMM Resume] Checkpoint: 7
[COMM Resume] WAIT_ACK packet ID: 5030
[COMM Resume] ACK already received
[Sensor Buffer] Stored: 29.19
[Service] Task 0 completed
[Service] Resume execution - Task 2
[Service] Resume checkpoint: 8
[Service] Resume progress: 95%
[COMM Resume] Checkpoint: 8
[COMM Resume] CONFIRM packet ID: 5030
RPT,221303,0,UNSET,CONFIRM,5030,1
[COMM] Packet confirmed: 5030
[Service] Task 2 completed
[COMM] Starting packet creation
[Service] Resume execution - Task 2
[Service] Resume checkpoint: 4
[Service] Resume progress: 20%
[COMM Resume] Checkpoint: 4
[COMM Resume] Continuing from CREATE
RPT,222332,0,UNSET,CREATE,5035,0
[COMM] Packet created ID: 5035
[COMM] Payload: TEMP: 29.19
[Sensor] 29.19
[Service] Resume execution - Task 2
[Service] Resume checkpoint: 5
[Service] Resume progress: 40%
[COMM Resume] Checkpoint: 5
[COMM Resume] PREPARE packet ID: 5031
[COMM] Preparing packet ID: 5031
[Sensor Buffer] Stored: 29.19
[Service] Task 0 completed
[Service] Resume execution - Task 2
[Service] Resume checkpoint: 6
[Service] Resume progress: 60%
[COMM Resume] Checkpoint: 6
[COMM Resume] SEND packet ID: 5031
[COMM BT] Sending: DATA|5031|TEMP: 29.19
[COMM BT] hasClient(): TRUE
[COMM BT] Bytes written: 22/22
RPT,222975,0,UNSET,SEND,5031,1
RPT,223050,0,UNSET,ENERGY,0,0
[Service] Resume execution - Task 2
[Service] Resume checkpoint: 7
[Service] Resume progress: 80%
[COMM] ACK received for packet ID: 5031
[COMM Resume] Checkpoint: 7
[COMM Resume] WAIT_ACK packet ID: 5031
[COMM Resume] ACK already received
[Service] Resume execution - Task 2
[Service] Resume checkpoint: 8
[Service] Resume progress: 95%
[COMM Resume] Checkpoint: 8
[COMM Resume] CONFIRM packet ID: 5031
RPT,224005,0,UNSET,CONFIRM,5031,1
[COMM] Packet confirmed: 5031
[Service] Task 2 completed
[Sensor] 29.19
[COMM] Starting packet creation
[Sensor Buffer] Stored: 29.19
[Service] Task 0 completed
[Service] Resume execution - Task 2
[Service] Resume checkpoint: 4
[Service] Resume progress: 20%
[COMM Resume] Checkpoint: 4
[COMM Resume] Continuing from CREATE
RPT,224517,0,UNSET,CREATE,5036,0
[COMM] Packet created ID: 5036
[COMM] Payload: TEMP: 29.19
[Service] Resume execution - Task 2
[Service] Resume checkpoint: 5
[Service] Resume progress: 40%
[COMM Resume] Checkpoint: 5
[COMM Resume] PREPARE packet ID: 5032
[COMM] Preparing packet ID: 5032
[Service] Resume execution - Task 2
[Service] Resume checkpoint: 6
[Service] Resume progress: 60%
[COMM RX] Remote data (packet 16): ENERGY_TEST: 94079
[COMM TX] ACK|16
[COMM BT] hasClient(): TRUE
[COMM BT] Bytes written: 7/7
[COMM Resume] Checkpoint: 6
[COMM Resume] SEND packet ID: 5032
[COMM BT] Sending: DATA|5032|TEMP: 29.19
[COMM BT] hasClient(): TRUE
[COMM BT] Bytes written: 22/22
RPT,225768,0,UNSET,SEND,5032,1
RPT,225843,0,UNSET,ENERGY,0,0
[Sensor] 29.19
[Service] Resume execution - Task 2
[Service] Resume checkpoint: 7
[Service] Resume progress: 80%
[COMM] ACK received for packet ID: 5032
[COMM Resume] Checkpoint: 7
[COMM Resume] WAIT_ACK packet ID: 5032
[COMM Resume] ACK already received
[Sensor Buffer] Stored: 29.19
[Service] Task 0 completed
[Service] Resume execution - Task 2
[Service] Resume checkpoint: 8
[Service] Resume progress: 95%
[COMM Resume] Checkpoint: 8
[COMM Resume] CONFIRM packet ID: 5032
RPT,226291,0,UNSET,CONFIRM,5032,1
[COMM] Packet confirmed: 5032
[Service] Task 2 completed
[COMM] Starting packet creation
[Service] Resume execution - Task 2
[Service] Resume checkpoint: 4
[Service] Resume progress: 20%
[COMM Resume] Checkpoint: 4
[COMM Resume] Continuing from CREATE
RPT,227320,0,UNSET,CREATE,5037,0
[COMM] Packet created ID: 5037
[COMM] Payload: TEMP: 29.19
[Sensor] 29.12
[Service] Resume execution - Task 2
[Service] Resume checkpoint: 5
[Service] Resume progress: 40%
[COMM Resume] Checkpoint: 5
[COMM Resume] PREPARE packet ID: 5033
[COMM] Preparing packet ID: 5033
[Sensor Buffer] Stored: 29.12
[Service] Task 0 completed
[Service] Resume execution - Task 2
[Service] Resume checkpoint: 6
[Service] Resume progress: 60%
[COMM Resume] Checkpoint: 6
[COMM Resume] SEND packet ID: 5033
[COMM BT] Sending: DATA|5033|TEMP: 29.19
[COMM BT] hasClient(): TRUE
[COMM BT] Bytes written: 22/22
RPT,227963,0,UNSET,SEND,5033,1
RPT,228038,0,UNSET,ENERGY,0,0
[Service] Resume execution - Task 2
[Service] Resume checkpoint: 7
[Service] Resume progress: 80%
[COMM] ACK received for packet ID: 5033
[COMM Resume] Checkpoint: 7
[COMM Resume] WAIT_ACK packet ID: 5033
[COMM Resume] ACK already received
[Service] Resume execution - Task 2
[Service] Resume checkpoint: 8
[Service] Resume progress: 95%
[COMM Resume] Checkpoint: 8
[COMM Resume] CONFIRM packet ID: 5033
RPT,228993,0,UNSET,CONFIRM,5033,1
[COMM] Packet confirmed: 5033
[Service] Task 2 completed
[Sensor] 29.12
[COMM] Starting packet creation
[Sensor Buffer] Stored: 29.12
[Service] Task 0 completed
[Service] Resume execution - Task 2
[Service] Resume checkpoint: 4
[Service] Resume progress: 20%
[COMM Resume] Checkpoint: 4
[COMM Resume] Continuing from CREATE
RPT,229505,0,UNSET,CREATE,5038,0
[COMM] Packet created ID: 5038
[COMM] Payload: TEMP: 29.12
[Service] Resume execution - Task 2
[Service] Resume checkpoint: 5
[Service] Resume progress: 40%
[COMM Resume] Checkpoint: 5
[COMM Resume] PREPARE packet ID: 5034
[COMM] Preparing packet ID: 5034
[Service] Resume execution - Task 2
[Service] Resume checkpoint: 6
[Service] Resume progress: 60%
[COMM Resume] Checkpoint: 6
[COMM Resume] SEND packet ID: 5034
[COMM BT] Sending: DATA|5034|TEMP: 29.19
[COMM BT] hasClient(): TRUE
[COMM BT] Bytes written: 22/22
RPT,230646,0,UNSET,SEND,5034,1
RPT,230721,0,UNSET,ENERGY,0,0
[Sensor] 29.12
[Service] Resume execution - Task 2
[Service] Resume checkpoint: 7
[Service] Resume progress: 80%
[COMM] ACK received for packet ID: 5034
[COMM RX] Remote data (packet 17): ENERGY_TEST: 99909
[COMM TX] ACK|17
[COMM BT] hasClient(): TRUE
[COMM BT] Bytes written: 7/7
[COMM Resume] Checkpoint: 7
[COMM Resume] WAIT_ACK packet ID: 5034
[COMM Resume] ACK already received
[Sensor Buffer] Stored: 29.12
[Service] Task 0 completed
[Service] Resume execution - Task 2
[Service] Resume checkpoint: 8
[Service] Resume progress: 95%
[COMM Resume] Checkpoint: 8
[COMM Resume] CONFIRM packet ID: 5034
RPT,231280,0,UNSET,CONFIRM,5034,1
[COMM] Packet confirmed: 5034
[Service] Task 2 completed
[COMM] Starting packet creation
[Service] Resume execution - Task 2
[Service] Resume checkpoint: 4
[Service] Resume progress: 20%
[COMM Resume] Checkpoint: 4
[COMM Resume] Continuing from CREATE
RPT,232309,0,UNSET,CREATE,5039,0
[COMM] Packet created ID: 5039
[COMM] Payload: TEMP: 29.12
[Sensor] 29.12
[Service] Resume execution - Task 2
[Service] Resume checkpoint: 5
[Service] Resume progress: 40%
[COMM Resume] Checkpoint: 5
[COMM Resume] PREPARE packet ID: 5035
[COMM] Preparing packet ID: 5035
[Sensor Buffer] Stored: 29.12
[Service] Task 0 completed
[Service] Resume execution - Task 2
[Service] Resume checkpoint: 6
[Service] Resume progress: 60%
[COMM Resume] Checkpoint: 6
[COMM Resume] SEND packet ID: 5035
[COMM BT] Sending: DATA|5035|TEMP: 29.19
[COMM BT] hasClient(): TRUE
[COMM BT] Bytes written: 22/22
RPT,232952,0,UNSET,SEND,5035,1
RPT,233027,0,UNSET,ENERGY,0,0
[Service] Resume execution - Task 2
[Service] Resume checkpoint: 7
[Service] Resume progress: 80%
[COMM] ACK received for packet ID: 5035
[COMM Resume] Checkpoint: 7
[COMM Resume] WAIT_ACK packet ID: 5035
[COMM Resume] ACK already received
24658,0,UNSET,ENERGY,0,4500
24658,0,UNSET,ENERGY,0,4500
24658,0,UNSET,ENERGY,0,4500
24658,0,UNSET,ENERGY,0,4500
24658,0,UNSET,ENERGY,0,4500
24658,0,UNSET,ENERGY,0,4500
24658,0,UNSET,ENERGY,0,4500
24658,0,UNSET,ENERGY,0,4500
24658,0,UNSET,ENERGY,0,4500
24658,0,UNSET,ENERGY,0,4500
24658,0,UNSET,ENERGY,0,4500
24658,0,UNSET,ENERGY,0,4500
24658,0,UNSET,ENERGY,0,4500
24658,0,UNSET,ENERGY,0,4500
24658,0,UNSET,ENERGY,0,4500
24658,0,UNSET,ENERGY,0,4500
24658,0,UNSET,ENERGY,0,4500
24658,0,UNSET,ENERGY,0,4500
24658,0,UNSET,ENERGY,0,4500
24658,0,UNSET,ENERGY,0,4500
24658,0,UNSET,ENERGY,0,4500
24658,0,UNSET,ENERGY,0,4500
24658,0,UNSET,ENERGY,0,4500
24658,0,UNSET,ENERGY,0,4500
24658,0,UNSET,ENERGY,0,4500
24658,0,UNSET,ENERGY,0,4500
24658,0,UNSET,ENERGY,0,4500
24658,0,UNSET,ENERGY,0,4500
24658,0,UNSET,ENERGY,0,4500
24658,0,UNSET,ENERGY,0,4500
24658,0,UNSET,ENERGY,0,4500
24658,0,UNSET,ENERGY,0,4500
24658,0,UNSET,ENERGY,0,4500
24658,0,UNSET,ENERGY,0,4500
24658,0,UNSET,ENERGY,0,4500
24658,0,UNSET,ENERGY,0,4500
24658,0,UNSET,ENERGY,0,4500
24658,0,UNSET,ENERGY,0,4500
24658,0,UNSET,ENERGY,0,4500
24658,0,UNSET,ENERGY,0,4500
24658,0,UNSET,ENERGY,0,4500
24658,0,UNSET,ENERGY,0,4500
24658,0,UNSET,ENERGY,0,4500
24658,0,UNSET,ENERGY,0,4500
24658,0,UNSET,ENERGY,0,4500
24658,0,UNSET,ENERGY,0,4500
24658,0,UNSET,ENERGY,0,4500
24658,0,UNSET,ENERGY,0,4500
24658,0,UNSET,ENERGY,0,4500
24658,0,UNSET,ENERGY,0,4500
24658,0,UNSET,ENERGY,0,4500
24658,0,UNSET,ENERGY,0,4500
24658,0,UNSET,ENERGY,0,4500
24658,0,UNSET,ENERGY,0,4500
24658,0,UNSET,ENERGY,0,4500
24658,0,UNSET,ENERGY,0,4500
24658,0,UNSET,ENERGY,0,4500
24658,0,UNSET,ENERGY,0,4500
24658,0,UNSET,ENERGY,0,4500
24658,0,UNSET,ENERGY,0,4500
24658,0,UNSET,ENERGY,0,4500
24658,0,UNSET,ENERGY,0,4500
24658,0,UNSET,ENERGY,0,4500
24658,0,UNSET,ENERGY,0,4500
24658,0,UNSET,ENERGY,0,4500
24658,0,UNSET,ENERGY,0,4500
24658,0,UNSET,ENERGY,0,4500
24658,0,UNSET,ENERGY,0,4500
24658,0,UNSET,ENERGY,0,4500
24658,0,UNSET,ENERGY,0,4500
24658,0,UNSET,ENERGY,0,4500
24658,0,UNSET,ENERGY,0,4500
24658,0,UNSET,ENERGY,0,4500
24658,0,UNSET,ENERGY,0,4500
24658,0,UNSET,ENERGY,0,4500
24658,0,UNSET,ENERGY,0,4500
24658,0,UNSET,ENERGY,0,4500
24658,0,UNSET,ENERGY,0,4500
24658,0,UNSET,ENERGY,0,4500
24658,0,UNSET,ENERGY,0,4500
24658,0,UNSET,ENERGY,0,4500
24658,0,UNSET,ENERGY,0,4500
24658,0,UNSET,ENERGY,0,4500
24658,0,UNSET,ENERGY,0,4500
24658,0,UNSET,ENERGY,0,4500
24658,0,UNSET,ENERGY,0,4500
24658,0,UNSET,ENERGY,0,4500
24658,0,UNSET,ENERGY,0,4500
24658,0,UNSET,ENERGY,0,4500
24658,0,UNSET,ENERGY,0,4500
24658,0,UNSET,ENERGY,0,4500
24658,0,UNSET,ENERGY,0,4500
24658,0,UNSET,ENERGY,0,4500
24658,0,UNSET,ENERGY,0,4500
24658,0,UNSET,ENERGY,0,4500
24658,0,UNSET,ENERGY,0,4500
24658,0,UNSET,ENERGY,0,4500
24658,0,UNSET,ENERGY,0,4500
24658,0,UNSET,ENERGY,0,4500
24658,0,UNSET,ENERGY,0,4500
24658,0,UNSET,ENERGY,0,4500
24658,0,UNSET,ENERGY,0,4500
24658,0,UNSET,ENERGY,0,4500
24658,0,UNSET,ENERGY,0,4500
24658,0,UNSET,ENERGY,0,4500
24658,0,UNSET,ENERGY,0,4500
24658,0,UNSET,ENERGY,0,4500
24658,0,UNSET,ENERGY,0,4500
24658,0,UNSET,ENERGY,0,4500
24658,0,UNSET,ENERGY,0,4500
24658,0,UNSET,ENERGY,0,4500
24658,0,UNSET,ENERGY,0,4500
24658,0,UNSET,ENERGY,0,4500
24658,0,UNSET,ENERGY,0,4500
24658,0,UNSET,ENERGY,0,4500
24658,0,UNSET,ENERGY,0,4500
24658,0,UNSET,ENERGY,0,4500
24658,0,UNSET,ENERGY,0,4500
24658,0,UNSET,ENERGY,0,4500
24658,0,UNSET,ENERGY,0,4500
24658,0,UNSET,ENERGY,0,4500
24658,0,UNSET,ENERGY,0,4500
24658,0,UNSET,ENERGY,0,4500
24658,0,UNSET,ENERGY,0,4500
24658,0,UNSET,ENERGY,0,4500
24658,0,UNSET,ENERGY,0,4500
24658,0,UNSET,ENERGY,0,4500
24658,0,UNSET,ENERGY,0,4500
24658,0,UNSET,ENERGY,0,4500
24658,0,UNSET,ENERGY,0,4500
24658,0,UNSET,ENERGY,0,4500
24658,0,UNSET,ENERGY,0,4500
24658,0,UNSET,ENERGY,0,4500
24658,0,UNSET,ENERGY,0,4500
24658,0,UNSET,ENERGY,0,4500
24658,0,UNSET,ENERGY,0,4500
24658,0,UNSET,ENERGY,0,4500
24658,0,UNSET,ENERGY,0,4500
24658,0,UNSET,ENERGY,0,4500
24658,0,UNSET,ENERGY,0,4500
24658,0,UNSET,ENERGY,0,4500
24658,0,UNSET,ENERGY,0,4500
24658,0,UNSET,ENERGY,0,4500
24658,0,UNSET,ENERGY,0,4500
24658,0,UNSET,ENERGY,0,4500
24658,0,UNSET,ENERGY,0,4500
246 Jul 29 2019 12:21:46

rst:ets Jul 29 2019 12:21:46

rst:ets Jul 29 2019 12:21:46

rst:ets Jul 29 2019 12:21:46

rst:ets Jul 29 2019 12:21:46

rst:ets Jul 29 2019 12:21:46

rst:ets Jul 29 2019 12:21:46

rst:ets Jul 29 2019 12:21:46

rst:ets Jul 29 2019 12:21:46

rst:ets Jul 29 2019 12:21:46

rst:ets Jul 29 2019 12:21:46

rst:ets Jul 29 2019 12:21:46

rst:ets Jul 29 2019 12:21:46

rst:ets Jul 29 2019 12:21:46

rst:ets Jul 29 2019 12:21:46

rst:ets Jul 29 2019 12:21:46

rst:ets Jul 29 2019 12:21:46

rst:ets Jul 29 2019 12:21:46

rst:ets Jul 29 2019 12:21:46

rst:ets Jul 29 2019 12:21:46

rst:ets Jul 29 2019 12:21:46

rst:ets Jul 29 2019 12:21:46

rst:ets Jul 29 2019 12:21:46

rst:ets Jul 29 2019 12:21:46

rst:ets Jul 29 2019 12:21:46

rst:ets Jul 29 2019 12:21:46

rst:ets Jul 29 2019 12:21:46

rst:ets Jul 29 2019 12:21:46

rst:ets Jul 29 2019 12:21:46

rst:ets Jul 29 2019 12:21:46

rst:ets Jul 29 2019 12:21:46

rst:ets Jul 29 2019 12:21:46

rst:ets Jul 29 2019 12:21:46

rst:ets Jul 29 2019 12:21:46

rst:ets Jul 29 2019 12:21:46

rst:ets Jul 29 2019 12:21:46

rst:ets Jul 29 2019 12:21:46

rst:ets Jul 29 2019 12:21:46

rst:ets Jul 29 2019 12:21:46

rst:ets Jul 29 2019 12:21:46

rst:ets Jul 29 2019 12:21:46

rst:ets Jul 29 2019 12:21:46

rst:ets Jul 29 2019 12:21:46

rst:ets Jul 29 2019 12:21:46

rst:ets Jul 29 2019 12:21:46

rst:ets Jul 29 2019 12:21:46

rst:ets Jul 29 2019 12:21:46

rst:ets Jul 29 2019 12:21:46

rst:0x1 (POWERON_RESET),boot:0x17 (SPI_FAST_FLASH_BOOT)
configsip: 0, SPIWP:0xee
clk_drv:0x00,q_drv:0x00,d_drv:0x00,cs0_drv:0x00,hd_drv:0x00,wp_drv:0x00
mode:DIO, clock div:1
load:0x3fff0030,len:1184
load:0x40078000,len:13220
ho 0 tail 12 room 4
load:0x40080400,len:3028
entry 0x400805e4

=================================
  PERSISTENT OS - REPORT BUILD
=================================

RPT,millis,scenario_id,scenario_name,event,packetId,value

[REPORT] =================================
[REPORT] Tagueo de escenario (paper, Sección 4)
[REPORT] =================================
[REPORT] a -> 1. NORMAL
[REPORT] b -> 2. REMOTE_OFF
[REPORT] c -> 3. ACK_DELAYED
[REPORT] d -> 4. CUT_WAIT_ACK
[REPORT] e -> 5. CUT_BEFORE_SEND
[REPORT] f -> 6. CUT_AFTER_CREATE
[REPORT] g -> 7. CUT_RECEIVER_ACK_LOST
[REPORT] h -> mostrar este menú
[REPORT] =================================

[SIM] Simulation manager initialized
[ALARM] Manager initialized
[FRAM] Hardware detected
[BOOT] Persistent memory available
[BOOT] Previous state recovered
[BOOT] Count: 126
[BOOT] Recovery: YES
[ResumeManager] Recovery mode: ENABLED
[COMM] Initializing Bluetooth...
[COMM] Bluetooth begin attempt #1
[COMM] Bluetooth initialized
[COMM] Device name: PersistentOS1
[COMM] Searching for PersistentOS2...
[COMM] Bluetooth connect attempt #1
[ 23728][E][BluetoothSerial.cpp:378] esp_spp_cb(): ESP_SPP_DISCOVERY_COMP_EVT failed!, status:1
[COMM] Connection to remote node failed, retrying...
[COMM] Bluetooth connect attempt #2
[COMM] Connected to PersistentOS2
[COMM] Bluetooth selected
[SYSTEM] Communication manager ready

[ENERGY] Manager initialized
[ENERGY] Level: 100.00% | State: NORMAL
[PREDICTION] Manager initialized
[BEHAVIOR] Manager initialized

=================================
Scenario: NORMAL
=================================

[SYSTEM] Sensor service ready
[SYSTEM] Communication service ready
[SYSTEM] Failure manager ready
[SYSTEM] Energy manager ready

[SYSTEM] =================================
[SYSTEM] RECOVERY BOOT DETECTED
[SYSTEM] =================================
[SYSTEM] Task 0 checkpoint: 1 | progress: 25% | completed: NO
[SYSTEM] Task 1 checkpoint: 0 | progress: 0% | completed: NO
[SYSTEM] Task 2 checkpoint: 9 | progress: 100% | completed: YES
[SYSTEM] Task 3 checkpoint: 0 | progress: 0% | completed: NO
[SYSTEM] Task 4 checkpoint: 0 | progress: 0% | completed: NO
[SYSTEM] Task 5 checkpoint: 0 | progress: 0% | completed: NO
[SYSTEM] Task 6 checkpoint: 0 | progress: 0% | completed: NO
[SYSTEM] Task 7 checkpoint: 0 | progress: 0% | completed: NO
[SYSTEM] Task 8 checkpoint: 0 | progress: 0% | completed: NO
[SYSTEM] Task 9 checkpoint: 0 | progress: 0% | completed: NO
[SYSTEM] =================================

RPT,37856,0,UNSET,BOOT_RECOVERY,0,0
[COMM BT] CLIENT CONNECTED
RPT,38440,0,UNSET,BT_CONNECTED,0,0
[COMM] Starting packet creation
RPT,38515,0,UNSET,ENERGY,0,10000
[Sensor] 29.19
RPT,38691,0,UNSET,CREATE,5075,0
[COMM] Packet created ID: 5075
[COMM] Payload: TEMP: 29.19
[COMM] CREATE completed
[Sensor Buffer] Stored: 29.19
[Service] Task 0 completed
[COMM] Preparing packet ID: 5071
[COMM] PREPARE completed
[COMM BT] Sending: DATA|5071|TEMP: 29.31
[COMM BT] hasClient(): TRUE
[COMM BT] Bytes written: 22/22
RPT,39294,0,UNSET,SEND,5071,1
[COMM] SEND completed
[COMM] ACK received for packet ID: 5071
[COMM] ACK received
[Sensor] 29.31
RPT,40302,0,UNSET,CONFIRM,5071,1
RPT,40302,0,UNSET,RECOVERY_LATENCY_MS,5071,2446
[COMM] Packet confirmed: 5071
[Service] Task 2 completed
[Sensor Buffer] Stored: 29.31
[Service] Task 0 completed
[COMM] Starting packet creation
RPT,40628,0,UNSET,ENERGY,0,9000
[COMM RX] Remote data (packet 2): ENERGY_TEST: 55501
[COMM TX] ACK|2
[COMM BT] hasClient(): TRUE
[COMM BT] Bytes written: 6/6
RPT,40904,0,UNSET,CREATE,5076,0
[COMM] Packet created ID: 5076
[COMM] Payload: TEMP: 29.31
[COMM] CREATE completed
[COMM] Preparing packet ID: 5072
[COMM] PREPARE completed
[Sensor] 29.31
[COMM BT] Sending: DATA|5072|TEMP: 29.31
[COMM BT] hasClient(): TRUE
[COMM BT] Bytes written: 22/22
RPT,42023,0,UNSET,SEND,5072,1
[COMM] SEND completed
[Sensor Buffer] Stored: 29.31
[Service] Task 0 completed
[COMM] ACK received for packet ID: 5072
[COMM] ACK received
RPT,42524,0,UNSET,CONFIRM,5072,1
[COMM] Packet confirmed: 5072
[Service] Task 2 completed
[COMM] Starting packet creation
RPT,43358,0,UNSET,ENERGY,0,8000
[Sensor] 29.31
RPT,43533,0,UNSET,CREATE,5077,0
[COMM] Packet created ID: 5077
[COMM] Payload: TEMP: 29.31
[COMM] CREATE completed
[Sensor Buffer] Stored: 29.31
[Service] Task 0 completed
[COMM] Preparing packet ID: 5073
[COMM] PREPARE completed
[COMM BT] Sending: DATA|5073|TEMP: 29.31
[COMM BT] hasClient(): TRUE
[COMM BT] Bytes written: 22/22
RPT,44135,0,UNSET,SEND,5073,1
[COMM] SEND completed
[COMM] ACK received for packet ID: 5073
[COMM] ACK received
[Sensor] 29.31
RPT,45143,0,UNSET,CONFIRM,5073,1
[COMM] Packet confirmed: 5073
[Service] Task 2 completed
[Sensor Buffer] Stored: 29.31
[Service] Task 0 completed
[COMM] Starting packet creation
RPT,45469,0,UNSET,ENERGY,0,7500
RPT,45645,0,UNSET,CREATE,5078,0
[COMM] Packet created ID: 5078
[COMM] Payload: TEMP: 29.31
[COMM] CREATE completed
[COMM RX] Remote data (packet 3): ENERGY_TEST: 60611
[COMM TX] ACK|3
[COMM BT] hasClient(): TRUE
[COMM BT] Bytes written: 6/6
[COMM] Preparing packet ID: 5074
[COMM] PREPARE completed
[Sensor] 29.37
[COMM BT] Sending: DATA|5074|TEMP: 29.31
[COMM BT] hasClient(): TRUE
[COMM BT] Bytes written: 22/22
RPT,46854,0,UNSET,SEND,5074,1
[COMM] SEND completed
[Sensor Buffer] Stored: 29.37
[Service] Task 0 completed
[COMM] ACK received for packet ID: 5074
[COMM] ACK received
RPT,47355,0,UNSET,CONFIRM,5074,1
[COMM] Packet confirmed: 5074
[Service] Task 2 completed
[COMM] Starting packet creation
RPT,48189,0,UNSET,ENERGY,0,6500
[Sensor] 29.31
RPT,48364,0,UNSET,CREATE,5079,0
[COMM] Packet created ID: 5079
[COMM] Payload: TEMP: 29.31
[COMM] CREATE completed
[Sensor Buffer] Stored: 29.31
[Service] Task 0 completed
[COMM] Preparing packet ID: 5075
[COMM] PREPARE completed
[COMM BT] Sending: DATA|5075|TEMP: 29.19
[COMM BT] hasClient(): TRUE
[COMM BT] Bytes written: 22/22
RPT,48966,0,UNSET,SEND,5075,1
[COMM] SEND completed
[COMM] ACK received for packet ID: 5075
[COMM] ACK received
[Sensor] 29.31
RPT,49974,0,UNSET,CONFIRM,5075,1
[COMM] Packet confirmed: 5075
[Service] Task 2 completed
[Sensor Buffer] Stored: 29.31
[Service] Task 0 completed
[COMM] Starting packet creation
RPT,50300,0,UNSET,ENERGY,0,6000
RPT,50476,0,UNSET,CREATE,5080,0
[COMM] Packet created ID: 5080
[COMM] Payload: TEMP: 29.31
[COMM] CREATE completed
[COMM] Preparing packet ID: 5076
[COMM] PREPARE completed
[Sensor] 29.31
[COMM RX] Remote data (packet 4): ENERGY_TEST: 66191
[COMM TX] ACK|4
[COMM BT] hasClient(): TRUE
[COMM BT] Bytes written: 6/6
[COMM BT] Sending: DATA|5076|TEMP: 29.31
[COMM BT] hasClient(): TRUE
[COMM BT] Bytes written: 22/22
RPT,51686,0,UNSET,SEND,5076,1
[COMM] SEND completed
[Sensor Buffer] Stored: 29.31
[Service] Task 0 completed
[COMM] ACK received for packet ID: 5076
[COMM] ACK received
RPT,52187,0,UNSET,CONFIRM,5076,1
[COMM] Packet confirmed: 5076
[Service] Task 2 completed
[COMM] Starting packet creation
RPT,53021,0,UNSET,ENERGY,0,5000
[Sensor] 29.31
RPT,53196,0,UNSET,CREATE,5081,0
[COMM] Packet created ID: 5081
[COMM] Payload: TEMP: 29.31
[COMM] CREATE completed
[Sensor Buffer] Stored: 29.31
[Service] Task 0 completed
[COMM] Preparing packet ID: 5077
[COMM] PREPARE completed
[COMM BT] Sending: DATA|5077|TEMP: 29.31
[COMM BT] hasClient(): TRUE
[COMM BT] Bytes written: 22/22
RPT,53798,0,UNSET,SEND,5077,1
[COMM] SEND completed
[COMM] ACK received for packet ID: 5077
[COMM] ACK received
[Sensor] 29.37
RPT,54806,0,UNSET,CONFIRM,5077,1
[COMM] Packet confirmed: 5077
[Service] Task 2 completed
[Sensor Buffer] Stored: 29.37
[Service] Task 0 completed
[COMM] Starting packet creation
RPT,55132,0,UNSET,ENERGY,0,4500
RPT,55308,0,UNSET,CREATE,5082,0
[COMM] Packet created ID: 5082
[COMM] Payload: TEMP: 29.38
[COMM] CREATE completed
[COMM] Preparing packet ID: 5078
[COMM] PREPARE completed
[Sensor] 29.31
[COMM BT] Sending: DATA|5078|TEMP: 29.31
[COMM BT] hasClient(): TRUE
[COMM BT] Bytes written: 22/22
RPT,56417,0,UNSET,SEND,5078,1
[COMM] SEND completed
[Sensor Buffer] Stored: 29.31
[Service] Task 0 completed
[COMM] ACK received for packet ID: 5078
[COMM RX] Remote data (packet 5): ENERGY_TEST: 71301
[COMM TX] ACK|5
[COMM BT] hasClient(): TRUE
[COMM BT] Bytes written: 6/6
[COMM] ACK received
RPT,57028,0,UNSET,CONFIRM,5078,1
[COMM] Packet confirmed: 5078
[Service] Task 2 completed
[COMM] Starting packet creation
RPT,57862,0,UNSET,ENERGY,0,3500
[Sensor] 29.31
RPT,58037,0,UNSET,CREATE,5083,0
[COMM] Packet created ID: 5083
[COMM] Payload: TEMP: 29.31
[COMM] CREATE completed
[Sensor Buffer] Stored: 29.31
[Service] Task 0 completed
[COMM] Preparing packet ID: 5079
[COMM] PREPARE completed
[COMM BT] Sending: DATA|5079|TEMP: 29.31
[COMM BT] hasClient(): TRUE
[COMM BT] Bytes written: 22/22
RPT,58639,0,UNSET,SEND,5079,1
[COMM] SEND completed
[COMM] ACK received for packet ID: 5079
[COMM] ACK received
[ENERGY] Level: 30.00% | State: LOW
[ALERT] Energy level LOW
[Sensor] 29.31
RPT,59647,0,UNSET,CONFIRM,5079,1
[COMM] Packet confirmed: 5079
[Service] Task 2 completed
[Sensor Buffer] Stored: 29.31
[Service] Task 0 completed
[COMM] Starting packet creation
RPT,59973,0,UNSET,ENERGY,0,3000
RPT,60149,0,UNSET,CREATE,5084,0
[COMM] Packet created ID: 5084
[COMM] Payload: TEMP: 29.31
[COMM] CREATE completed
[COMM] Preparing packet ID: 5080
[COMM] PREPARE completed
[ALERT] Energy level LOW
[Sensor] 29.31
[COMM BT] Sending: DATA|5080|TEMP: 29.31
[COMM BT] hasClient(): TRUE
[COMM BT] Bytes written: 22/22
RPT,61258,0,UNSET,SEND,5080,1
[COMM] SEND completed
[Sensor Buffer] Stored: 29.31
[Service] Task 0 completed
[COMM] ACK received for packet ID: 5080
[COMM] ACK received
[COMM RX] Remote data (packet 6): ENERGY_TEST: 76471
[COMM TX] ACK|6
[COMM BT] hasClient(): TRUE
[COMM BT] Bytes written: 6/6
RPT,61859,0,UNSET,CONFIRM,5080,1
[COMM] Packet confirmed: 5080
[Service] Task 2 completed
[COMM] Starting packet creation
[ALERT] Energy level LOW
RPT,62693,0,UNSET,ENERGY,0,2000
[Sensor] 29.37
RPT,62868,0,UNSET,CREATE,5085,0
[COMM] Packet created ID: 5085
[COMM] Payload: TEMP: 29.38
[COMM] CREATE completed
[Sensor Buffer] Stored: 29.37
[Service] Task 0 completed
[COMM] Preparing packet ID: 5081
[COMM] PREPARE completed
[COMM BT] Sending: DATA|5081|TEMP: 29.31
[COMM BT] hasClient(): TRUE
[COMM BT] Bytes written: 22/22
RPT,63470,0,UNSET,SEND,5081,1
[COMM] SEND completed
[COMM] ACK received for packet ID: 5081
[COMM] ACK received
[ALERT] Energy level LOW
[Sensor] 29.31
RPT,64478,0,UNSET,CONFIRM,5081,1
[COMM] Packet confirmed: 5081
[Service] Task 2 completed
[Sensor Buffer] Stored: 29.31
[Service] Task 0 completed
[COMM] Starting packet creation
RPT,64804,0,UNSET,ENERGY,0,1500
RPT,64980,0,UNSET,CREATE,5086,0
[COMM] Packet created ID: 5086
[COMM] Payload: TEMP: 29.31
[COMM] CREATE completed
[COMM] Preparing packet ID: 5082
[COMM] PREPARE completed
[ENERGY] Level: 10.00% | State: CRITICAL
[ALERT] Energy level CRITICAL
[Sensor] 29.25
[COMM BT] Sending: DATA|5082|TEMP: 29.38
[COMM BT] hasClient(): TRUE
[COMM BT] Bytes written: 22/22
RPT,66089,0,UNSET,SEND,5082,1
[COMM] SEND completed
[Sensor Buffer] Stored: 29.25
[Service] Task 0 completed
[COMM] ACK received for packet ID: 5082
[COMM] ACK received
RPT,66590,0,UNSET,CONFIRM,5082,1
[COMM] Packet confirmed: 5082
[Service] Task 2 completed
[COMM RX] Remote data (packet 7): ENERGY_TEST: 81581
[COMM TX] ACK|7
[COMM BT] hasClient(): TRUE
[COMM BT] Bytes written: 6/6
[COMM] Starting packet creation
[ALERT] Energy level CRITICAL
RPT,67524,0,UNSET,ENERGY,0,500
[Sensor] 29.31
RPT,67699,0,UNSET,CREATE,5087,0
[COMM] Packet created ID: 5087
[COMM] Payload: TEMP: 29.31
[COMM] CREATE completed
[Sensor Buffer] Stored: 29.31
[Service] Task 0 completed
[COMM] Preparing packet ID: 5083
[COMM] PREPARE completed
[COMM BT] Sending: DATA|5083|TEMP: 29.31
[COMM BT] hasClient(): TRUE
[COMM BT] Bytes written: 22/22
RPT,68301,0,UNSET,SEND,5083,1
[COMM] SEND completed
[COMM] ACK received for packet ID: 5083
[COMM] ACK received
[ENERGY] Level: 0.00% | State: OFF
[ALERT] Energy depleted
[ENERGY] ESP32 simulated OFF
[ENERGY] Shutdown simulation active
[ENERGY] System remains running for test
[Sensor] 29.31
RPT,69320,0,UNSET,CONFIRM,5083,1
[COMM] Packet confirmed: 5083
[Service] Task 2 completed
[Sensor Buffer] Stored: 29.31
[Service] Task 0 completed
[COMM] Starting packet creation
RPT,69646,0,UNSET,ENERGY,0,0
RPT,69822,0,UNSET,CREATE,5088,0
[COMM] Packet created ID: 5088
[COMM] Payload: TEMP: 29.31
[COMM] CREATE completed
[COMM] Preparing packet ID: 5084
[COMM] PREPARE completed
[Sensor] 29.31
[COMM BT] Sending: DATA|5084|TEMP: 29.31
[COMM BT] hasClient(): TRUE
[COMM BT] Bytes written: 22/22
RPT,70931,0,UNSET,SEND,5084,1
[COMM] SEND completed
[Sensor Buffer] Stored: 29.31
[Service] Task 0 completed
[COMM] ACK received for packet ID: 5084
[COMM] ACK received
RPT,71432,0,UNSET,CONFIRM,5084,1
[COMM] Packet confirmed: 5084
[Service] Task 2 completed
[COMM] Starting packet creation
RPT,72266,0,UNSET,ENERGY,0,0
[Sensor] 29.31
[COMM RX] Remote data (packet 8): ENERGY_TEST: 87141
[COMM TX] ACK|8
[COMM BT] hasClient(): TRUE
[COMM BT] Bytes written: 6/6
RPT,72542,0,UNSET,CREATE,5089,0
[COMM] Packet created ID: 5089
[COMM] Payload: TEMP: 29.31
[COMM] CREATE completed
[Sensor Buffer] Stored: 29.31
[Service] Task 0 completed
[COMM] Preparing packet ID: 5085
[COMM] PREPARE completed
[COMM BT] Sending: DATA|5085|TEMP: 29.38
[COMM BT] hasClient(): TRUE
[COMM BT] Bytes written: 22/22
RPT,73154,0,UNSET,SEND,5085,1
[COMM] SEND completed
[COMM] ACK received for packet ID: 5085
[COMM] ACK received
[Sensor] 29.31
RPT,74162,0,UNSET,CONFIRM,5085,1
[COMM] Packet confirmed: 5085
[Service] Task 2 completed
[Sensor Buffer] Stored: 29.31
[Service] Task 0 completed
[COMM] Starting packet creation
RPT,74488,0,UNSET,ENERGY,0,0
RPT,74664,0,UNSET,CREATE,5090,0
[COMM] Packet created ID: 5090
[COMM] Payload: TEMP: 29.31
[COMM] CREATE completed
[COMM] Preparing packet ID: 5086
[COMM] PREPARE completed
[Sensor] 29.31
[COMM BT] Sending: DATA|5086|TEMP: 29.31
[COMM BT] hasClient(): TRUE
[COMM BT] Bytes written: 22/22
RPT,75773,0,UNSET,SEND,5086,1
[COMM] SEND completed
[Sensor Buffer] Stored: 29.31
[Service] Task 0 completed
[COMM] ACK received for packet ID: 5086
[COMM] ACK received
RPT,76274,0,UNSET,CONFIRM,5086,1
[COMM] Packet confirmed: 5086
[Service] Task 2 completed
[COMM] Starting packet creation
RPT,77108,0,UNSET,ENERGY,0,0
[Sensor] 29.37
RPT,77283,0,UNSET,CREATE,5091,0
[COMM] Packet created ID: 5091
[COMM] Payload: TEMP: 29.38
[COMM] CREATE completed
[Sensor Buffer] Stored: 29.37
[Service] Task 0 completed
[COMM RX] Remote data (packet 9): ENERGY_TEST: 92251
[COMM TX] ACK|9
[COMM BT] hasClient(): TRUE
[COMM BT] Bytes written: 6/6
[COMM] Preparing packet ID: 5087
[COMM] PREPARE completed
[COMM BT] Sending: DATA|5087|TEMP: 29.31
[COMM BT] hasClient(): TRUE
[COMM BT] Bytes written: 22/22
RPT,77985,0,UNSET,SEND,5087,1
[COMM] SEND completed
[COMM] ACK received for packet ID: 5087
[COMM] ACK received
[Sensor] 29.31
RPT,78993,0,UNSET,CONFIRM,5087,1
[COMM] Packet confirmed: 5087
[Service] Task 2 completed
[Sensor Buffer] Stored: 29.31
[Service] Task 0 completed
[COMM] Starting packet creation
RPT,79319,0,UNSET,ENERGY,0,0
RPT,79495,0,UNSET,CREATE,5092,0
[COMM] Packet created ID: 5092
[COMM] Payload: TEMP: 29.31
[COMM] CREATE completed
[COMM] Preparing packet ID: 5088
[COMM] PREPARE completed
[Sensor] 29.31
[COMM BT] Sending: DATA|5088|TEMP: 29.31
[COMM BT] hasClient(): TRUE
[COMM BT] Bytes written: 22/22
RPT,80604,0,UNSET,SEND,5088,1
[COMM] SEND completed
[Sensor Buffer] Stored: 29.31
[Service] Task 0 completed
[COMM] ACK received for packet ID: 5088
[COMM] ACK received
RPT,81105,0,UNSET,CONFIRM,5088,1
[COMM] Packet confirmed: 5088
[Service] Task 2 completed
[COMM] Starting packet creation
RPT,81939,0,UNSET,ENERGY,0,0
[Sensor] 29.31
RPT,82114,0,UNSET,CREATE,5093,0
[COMM] Packet created ID: 5093
[COMM] Payload: TEMP: 29.31
[COMM] CREATE completed
[Sensor Buffer] Stored: 29.31
[Service] Task 0 completed
[COMM] Preparing packet ID: 5089
[COMM] PREPARE completed
[COMM RX] Remote data (packet 10): ENERGY_TEST: 97361
[COMM TX] ACK|10
[COMM BT] hasClient(): TRUE
[COMM BT] Bytes written: 7/7
[COMM BT] Sending: DATA|5089|TEMP: 29.31
[COMM BT] hasClient(): TRUE
[COMM BT] Bytes written: 22/22
RPT,82816,0,UNSET,SEND,5089,1
[COMM] SEND completed
[COMM] ACK received for packet ID: 5089
[COMM] ACK received
[Sensor] 29.37
RPT,83824,0,UNSET,CONFIRM,5089,1
[COMM] Packet confirmed: 5089
[Service] Task 2 completed
[Sensor Buffer] Stored: 29.37
[Service] Task 0 completed
[COMM] Starting packet creation
RPT,84150,0,UNSET,ENERGY,0,0
RPT,84326,0,UNSET,CREATE,5094,0
[COMM] Packet created ID: 5094
[COMM] Payload: TEMP: 29.38
[COMM] CREATE completed
[COMM] Preparing packet ID: 5090
[COMM] PREPARE completed
[Sensor] 29.37
[COMM BT] Sending: DATA|5090|TEMP: 29.31
[COMM BT] hasClient(): TRUE
[COMM BT] Bytes written: 22/22
RPT,85435,0,UNSET,SEND,5090,1
[COMM] SEND completed
[Sensor Buffer] Stored: 29.37
[Service] Task 0 completed
[COMM] ACK received for packet ID: 5090
[COMM] ACK received
RPT,85936,0,UNSET,CONFIRM,5090,1
[COMM] Packet confirmed: 5090
[Service] Task 2 completed
[COMM] Starting packet creation
RPT,86770,0,UNSET,ENERGY,0,0
[Sensor] 29.37
RPT,86945,0,UNSET,CREATE,5095,0
[COMM] Packet created ID: 5095
[COMM] Payload: TEMP: 29.38
[COMM] CREATE completed
[Sensor Buffer] Stored: 29.37
[Service] Task 0 completed
[COMM] Preparing packet ID: 5091
[COMM] PREPARE completed
[COMM BT] Sending: DATA|5091|TEMP: 29.38
[COMM BT] hasClient(): TRUE
[COMM BT] Bytes written: 22/22
RPT,87547,0,UNSET,SEND,5091,1
[COMM] SEND completed
[COMM] ACK received for packet ID: 5091
[COMM RX] Remote data (packet 11): ENERGY_TEST: 102471
[COMM TX] ACK|11
[COMM BT] hasClient(): TRUE
[COMM BT] Bytes written: 7/7
[COMM] ACK received
[Sensor] 29.31
RPT,88665,0,UNSET,CONFIRM,5091,1
[COMM] Packet confirmed: 5091
[Service] Task 2 completed
[Sensor Buffer] Stored: 29.31
[Service] Task 0 completed
[COMM] Starting packet creation
RPT,88991,0,UNSET,ENERGY,0,0
RPT,89167,0,UNSET,CREATE,5096,0
[COMM] Packet created ID: 5096
[COMM] Payload: TEMP: 29.31
[COMM] CREATE completed
[COMM] Preparing packet ID: 5092
[COMM] PREPARE completed
[Sensor] 29.37
[COMM BT] Sending: DATA|5092|TEMP: 29.31
[COMM BT] hasClient(): TRUE
[COMM BT] Bytes written: 22/22
RPT,90276,0,UNSET,SEND,5092,1
[COMM] SEND completed
[Sensor Buffer] Stored: 29.37
[Service] Task 0 completed
[COMM] ACK received for packet ID: 5092
[COMM] ACK received
RPT,90777,0,UNSET,CONFIRM,5092,1
[COMM] Packet confirmed: 5092
[Service] Task 2 completed
[COMM] Starting packet creation
RPT,91611,0,UNSET,ENERGY,0,0
[Sensor] 29.37
RPT,91786,0,UNSET,CREATE,5097,0
[COMM] Packet created ID: 5097
[COMM] Payload: TEMP: 29.38
[COMM] CREATE completed
[Sensor Buffer] Stored: 29.37
[Service] Task 0 completed
[COMM] Preparing packet ID: 5093
[COMM] PREPARE completed
[COMM BT] Sending: DATA|5093|TEMP: 29.31
[COMM BT] hasClient(): TRUE
[COMM BT] Bytes written: 22/22
RPT,92388,0,UNSET,SEND,5093,1
[COMM] SEND completed
[COMM] ACK received for packet ID: 5093
[COMM] ACK received
[Sensor] 29.37
[COMM RX] Remote data (packet 12): ENERGY_TEST: 108111
[COMM TX] ACK|12
[COMM BT] hasClient(): TRUE
[COMM BT] Bytes written: 7/7
RPT,93497,0,UNSET,CONFIRM,5093,1
[COMM] Packet confirmed: 5093
[Service] Task 2 completed
[Sensor Buffer] Stored: 29.37
[Service] Task 0 completed
[COMM] Starting packet creation
RPT,93823,0,UNSET,ENERGY,0,0
RPT,93999,0,UNSET,CREATE,5098,0
[COMM] Packet created ID: 5098
[COMM] Payload: TEMP: 29.38
[COMM] CREATE completed
[COMM] Preparing packet ID: 5094
[COMM] PREPARE completed
[Sensor] 29.31
[COMM BT] Sending: DATA|5094|TEMP: 29.38
[COMM BT] hasClient(): TRUE
[COMM BT] Bytes written: 22/22
RPT,95108,0,UNSET,SEND,5094,1
[COMM] SEND completed
[Sensor Buffer] Stored: 29.31
[Service] Task 0 completed
[COMM] ACK received for packet ID: 5094
[COMM] ACK received
RPT,95609,0,UNSET,CONFIRM,5094,1
[COMM] Packet confirmed: 5094
[Service] Task 2 completed
[COMM] Starting packet creation
RPT,96443,0,UNSET,ENERGY,0,0
[Sensor] 29.31
RPT,96618,0,UNSET,CREATE,5099,0
[COMM] Packet created ID: 5099
[COMM] Payload: TEMP: 29.31
[COMM] CREATE completed
[Sensor Buffer] Stored: 29.31
[Service] Task 0 completed
[COMM] Preparing packet ID: 5095
[COMM] PREPARE completed
[COMM BT] Sending: DATA|5095|TEMP: 29.38
[COMM BT] hasClient(): TRUE
[COMM BT] Bytes written: 22/22
RPT,97220,0,UNSET,SEND,5095,1
[COMM] SEND completed
[COMM] ACK received for packet ID: 5095
[COMM] ACK received
[Sensor] 29.31
RPT,98228,0,UNSET,CONFIRM,5095,1
[COMM] Packet confirmed: 5095
[Service] Task 2 completed
[Sensor Buffer] Stored: 29.31
[Service] Task 0 completed
[COMM RX] Remote data (packet 13): ENERGY_TEST: 113221
[COMM TX] ACK|13
[COMM BT] hasClient(): TRUE
[COMM BT] Bytes written: 7/7
[COMM] Starting packet creation
RPT,98565,0,UNSET,ENERGY,0,0
RPT,98741,0,UNSET,CREATE,5100,0
[COMM] Packet created ID: 5100
[COMM] Payload: TEMP: 29.31
[COMM] CREATE completed
[COMM] Preparing packet ID: 5096
[COMM] PREPARE completed
[Sensor] 29.31
[COMM BT] Sending: DATA|5096|TEMP: 29.31
[COMM BT] hasClient(): TRUE
[COMM BT] Bytes written: 22/22
RPT,99850,0,UNSET,SEND,5096,1
[COMM] SEND completed
[Sensor Buffer] Stored: 29.31
[Service] Task 0 completed
[COMM] ACK received for packet ID: 5096
[COMM] ACK received
RPT,100351,0,UNSET,CONFIRM,5096,1
[COMM] Packet confirmed: 5096
[Service] Task 2 completed
[COMM] Starting packet creation
RPT,101185,0,UNSET,ENERGY,0,0
[Sensor] 29.31
RPT,101360,0,UNSET,CREATE,5101,0
[COMM] Packet created ID: 5101
[COMM] Payload: TEMP: 29.31
[COMM] CREATE completed
[Sensor Buffer] Stored: 29.31
[Service] Task 0 completed
[COMM] Preparing packet ID: 5097
[COMM] PREPARE completed
[COMM BT] Sending: DATA|5097|TEMP: 29.38
[COMM BT] hasClient(): TRUE
[COMM BT] Bytes written: 22/22
RPT,101962,0,UNSET,SEND,5097,1
[COMM] SEND completed
[COMM] ACK received for packet ID: 5097
[COMM] ACK received
[Sensor] 29.37
RPT,102970,0,UNSET,CONFIRM,5097,1
[COMM] Packet confirmed: 5097
[Service] Task 2 completed
[Sensor Buffer] Stored: 29.37
[Service] Task 0 completed
[COMM] Starting packet creation
RPT,103296,0,UNSET,ENERGY,0,0
RPT,103472,0,UNSET,CREATE,5102,0
[COMM] Packet created ID: 5102
[COMM] Payload: TEMP: 29.38
[COMM] CREATE completed
[COMM RX] Remote data (packet 14): ENERGY_TEST: 118331
[COMM TX] ACK|14
[COMM BT] hasClient(): TRUE
[COMM BT] Bytes written: 7/7
[COMM] Preparing packet ID: 5098
[COMM] PREPARE completed
[Sensor] 29.31
[COMM BT] Sending: DATA|5098|TEMP: 29.38
[COMM BT] hasClient(): TRUE
[COMM BT] Bytes written: 22/22
RPT,104681,0,UNSET,SEND,5098,1
[COMM] SEND completed
[Sensor Buffer] Stored: 29.31
[Service] Task 0 completed
[COMM] ACK received for packet ID: 5098
[COMM] ACK received
RPT,105182,0,UNSET,CONFIRM,5098,1
[COMM] Packet confirmed: 5098
[Service] Task 2 completed
[COMM] Starting packet creation
RPT,106016,0,UNSET,ENERGY,0,0
[Sensor] 29.37
RPT,106191,0,UNSET,CREATE,5103,0
[COMM] Packet created ID: 5103
[COMM] Payload: TEMP: 29.38
[COMM] CREATE completed
[Sensor Buffer] Stored: 29.37
[Service] Task 0 completed
[COMM] Preparing packet ID: 5099
[COMM] PREPARE completed
[COMM BT] Sending: DATA|5099|TEMP: 29.31
[COMM BT] hasClient(): TRUE
[COMM BT] Bytes written: 22/22
RPT,106793,0,UNSET,SEND,5099,1
[COMM] SEND completed
[COMM] ACK received for packet ID: 5099
[COMM] ACK received
[Sensor] 29.37
RPT,107801,0,UNSET,CONFIRM,5099,1
[COMM] Packet confirmed: 5099
[Service] Task 2 completed
[Sensor Buffer] Stored: 29.37
[Service] Task 0 completed
[COMM] Starting packet creation
RPT,108127,0,UNSET,ENERGY,0,0
RPT,108303,0,UNSET,CREATE,5104,0
[COMM] Packet created ID: 5104
[COMM] Payload: TEMP: 29.38
[COMM] CREATE completed
[COMM] Preparing packet ID: 5100
[COMM] PREPARE completed
[Sensor] 29.31
[COMM RX] Remote data (packet 15): ENERGY_TEST: 124021
[COMM TX] ACK|15
[COMM BT] hasClient(): TRUE
[COMM BT] Bytes written: 7/7
[COMM BT] Sending: DATA|5100|TEMP: 29.31
[COMM BT] hasClient(): TRUE
[COMM BT] Bytes written: 22/22
RPT,109513,0,UNSET,SEND,5100,1
[COMM] SEND completed
[Sensor Buffer] Stored: 29.31
[Service] Task 0 completed
[COMM] ACK received for packet ID: 5100
[COMM] ACK received
RPT,110014,0,UNSET,CONFIRM,5100,1
[COMM] Packet confirmed: 5100
[Service] Task 2 completed
[COMM] Starting packet creation
RPT,110848,0,UNSET,ENERGY,0,0
[Sensor] 29.31
RPT,111023,0,UNSET,CREATE,5105,0
[COMM] Packet created ID: 5105
[COMM] Payload: TEMP: 29.31
[COMM] CREATE completed
[Sensor Buffer] Stored: 29.31
[Service] Task 0 completed
[COMM] Preparing packet ID: 5101
[COMM] PREPARE completed
[COMM BT] Sending: DATA|5101|TEMP: 29.31
[COMM BT] hasClient(): TRUE
[COMM BT] Bytes written: 22/22
RPT,111625,0,UNSET,SEND,5101,1
[COMM] SEND completed
[COMM] ACK received for packet ID: 5101
[COMM] ACK received
[Sensor] 29.31
RPT,112633,0,UNSET,CONFIRM,5101,1
[COMM] Packet confirmed: 5101
[Service] Task 2 completed
[Sensor Buffer] Stored: 29.31
[Service] Task 0 completed
[COMM] Starting packet creation
RPT,112959,0,UNSET,ENERGY,0,0
RPT,113135,0,UNSET,CREATE,5106,0
[COMM] Packet created ID: 5106
[COMM] Payload: TEMP: 29.31
[COMM] CREATE completed
[COMM] Preparing packet ID: 5102
[COMM] PREPARE completed
[Sensor] 29.31
[COMM BT] Sending: DATA|5102|TEMP: 29.38
[COMM BT] hasClient(): TRUE
[COMM BT] Bytes written: 22/22
RPT,114244,0,UNSET,SEND,5102,1
[COMM] SEND completed
[Sensor Buffer] Stored: 29.31
[Service] Task 0 completed
[COMM] ACK received for packet ID: 5102
[COMM RX] Remote data (packet 16): ENERGY_TEST: 129131
[COMM TX] ACK|16
[COMM BT] hasClient(): TRUE
[COMM BT] Bytes written: 7/7
[COMM] ACK received
RPT,114855,0,UNSET,CONFIRM,5102,1
[COMM] Packet confirmed: 5102
[Service] Task 2 completed
[COMM] Starting packet creation
RPT,115689,0,UNSET,ENERGY,0,0
[Sensor] 29.31
RPT,115864,0,UNSET,CREATE,5107,0
[COMM] Packet created ID: 5107
[COMM] Payload: TEMP: 29.31
[COMM] CREATE completed
[Sensor Buffer] Stored: 29.31
[Service] Task 0 completed
[COMM] Preparing packet ID: 5103
[COMM] PREPARE completed
[COMM BT] Sending: DATA|5103|TEMP: 29.38
[COMM BT] hasClient(): TRUE
[COMM BT] Bytes written: 22/22
RPT,116466,0,UNSET,SEND,5103,1
[COMM] SEND completed
[COMM] ACK received for packet ID: 5103
[COMM] ACK received
[Sensor] 29.37
RPT,117474,0,UNSET,CONFIRM,5103,1
[COMM] Packet confirmed: 5103
[Service] Task 2 completed
[Sensor Buffer] Stored: 29.37
[Service] Task 0 completed
[COMM] Starting packet creation
RPT,117800,0,UNSET,ENERGY,0,0
RPT,117976,0,UNSET,CREATE,5108,0
[COMM] Packet created ID: 5108
[COMM] Payload: TEMP: 29.38
[COMM] CREATE completed
[COMM] Preparing packet ID: 5104
[COMM] PREPARE completed
[Sensor] 29.31
[COMM BT] Sending: DATA|5104|TEMP: 29.38
[COMM BT] hasClient(): TRUE
[COMM BT] Bytes written: 22/22
RPT,119085,0,UNSET,SEND,5104,1
[COMM] SEND completed
[Sensor Buffer] Stored: 29.31
[Service] Task 0 completed
[COMM] ACK received for packet ID: 5104
[COMM] ACK received
[COMM RX] Remote data (packet 17): ENERGY_TEST: 134301
[COMM TX] ACK|17
[COMM BT] hasClient(): TRUE
[COMM BT] Bytes written: 7/7
RPT,119686,0,UNSET,CONFIRM,5104,1
[COMM] Packet confirmed: 5104
[Service] Task 2 completed
[COMM] Starting packet creation
RPT,120520,0,UNSET,ENERGY,0,0
[Sensor] 29.37
RPT,120695,0,UNSET,CREATE,5109,0
[COMM] Packet created ID: 5109
[COMM] Payload: TEMP: 29.38
[COMM] CREATE completed
[Sensor Buffer] Stored: 29.37
[Service] Task 0 completed
[COMM] Preparing packet ID: 5105
[COMM] PREPARE completed
[COMM BT] Sending: DATA|5105|TEMP: 29.31
[COMM BT] hasClient(): TRUE
[COMM BT] Bytes written: 22/22
RPT,121297,0,UNSET,SEND,5105,1
[COMM] SEND completed
[COMM] ACK received for packet ID: 5105
[COMM] ACK received
[Sensor] 29.37
RPT,122305,0,UNSET,CONFIRM,5105,1
[COMM] Packet confirmed: 5105
[Service] Task 2 completed
[Sensor Buffer] Stored: 29.37
[Service] Task 0 completed
[COMM] Starting packet creation
RPT,122631,0,UNSET,ENERGY,0,0
RPT,122807,0,UNSET,CREATE,5110,0
[COMM] Packet created ID: 5110
[COMM] Payload: TEMP: 29.38
[COMM] CREATE completed
